Site,Model,Feature,Mean_Gain_Percent,Fitted_Steps
Allt_a_Choire_Burn_Tomnavoulin,absolute_anomaly_seasonal,Roll3_AirTemp,0.3534739694903236,69
Allt_a_Choire_Burn_Tomnavoulin,absolute_anomaly_seasonal,Roll3_Humidity,3.482612058701597,69
Allt_a_Choire_Burn_Tomnavoulin,absolute_anomaly_seasonal,Roll3_Rain,0.3521373369070675,69
Allt_a_Choire_Burn_Tomnavoulin,absolute_anomaly_seasonal,Roll3_Rain_wetdays,1.6351746434527104,69
Allt_a_Choire_Burn_Tomnavoulin,absolute_anomaly_seasonal,Roll3_Rain_exceed_10mm,0.1435449681851076,69
Allt_a_Choire_Burn_Tomnavoulin,absolute_anomaly_seasonal,Roll3_Rain_rx1day,9.777895786227646,69
Allt_a_Choire_Burn_Tomnavoulin,absolute_anomaly_seasonal,Roll3_Rain_rx3day,0.42451292213918557,69
Allt_a_Choire_Burn_Tomnavoulin,absolute_anomaly_seasonal,Roll3_Sunlight,0.5635956462444767,69
Allt_a_Choire_Burn_Tomnavoulin,absolute_anomaly_seasonal,Roll3_Solar_MJm2,0.0,69
Allt_a_Choire_Burn_Tomnavoulin,absolute_anomaly_seasonal,Roll6_AirTemp,0.9203871267712889,69
Allt_a_Choire_Burn_Tomnavoulin,absolute_anomaly_seasonal,Roll6_Humidity,0.016213420480340253,69
Allt_a_Choire_Burn_Tomnavoulin,absolute_anomaly_seasonal,Roll6_Rain,0.17054293762466705,69
Allt_a_Choire_Burn_Tomnavoulin,absolute_anomaly_seasonal,Roll6_Rain_wetdays,1.0047534028932765,69
Allt_a_Choire_Burn_Tomnavoulin,absolute_anomaly_seasonal,Roll6_Rain_exceed_10mm,0.32050511298198253,69
Allt_a_Choire_Burn_Tomnavoulin,absolute_anomaly_seasonal,Roll6_Rain_rx1day,18.447259960501263,69
Allt_a_Choire_Burn_Tomnavoulin,absolute_anomaly_seasonal,Roll6_Rain_rx3day,0.0027485326508260833,69
Allt_a_Choire_Burn_Tomnavoulin,absolute_anomaly_seasonal,Roll6_Sunlight,0.0,69
Allt_a_Choire_Burn_Tomnavoulin,absolute_anomaly_seasonal,Roll6_Solar_MJm2,0.0,69
Allt_a_Choire_Burn_Tomnavoulin,absolute_anomaly_seasonal,Previous_AirTemp,0.10576813116450452,69
Allt_a_Choire_Burn_Tomnavoulin,absolute_anomaly_seasonal,Previous_Humidity,0.043075304101229096,69
Allt_a_Choire_Burn_Tomnavoulin,absolute_anomaly_seasonal,Previous_Rain,0.05282503614921862,69
Allt_a_Choire_Burn_Tomnavoulin,absolute_anomaly_seasonal,Previous_Rain_wetdays,2.0550378360322807,69
Allt_a_Choire_Burn_Tomnavoulin,absolute_anomaly_seasonal,Previous_Rain_exceed_10mm,1.4309420126094885,69
Allt_a_Choire_Burn_Tomnavoulin,absolute_anomaly_seasonal,Previous_Rain_rx1day,0.004412451735749871,69
Allt_a_Choire_Burn_Tomnavoulin,absolute_anomaly_seasonal,Previous_Rain_rx3day,0.0,69
Allt_a_Choire_Burn_Tomnavoulin,absolute_anomaly_seasonal,Previous_Sunlight,4.935634303598702,69
Allt_a_Choire_Burn_Tomnavoulin,absolute_anomaly_seasonal,Previous_Solar_MJm2,0.0,69
Allt_a_Choire_Burn_Tomnavoulin,absolute_anomaly_seasonal,Current_AirTemp,1.8784437047565739,69
Allt_a_Choire_Burn_Tomnavoulin,absolute_anomaly_seasonal,Current_Humidity,0.048162301492519016,69
Allt_a_Choire_Burn_Tomnavoulin,absolute_anomaly_seasonal,Current_Rain,0.6212354434885589,69
Allt_a_Choire_Burn_Tomnavoulin,absolute_anomaly_seasonal,Current_Rain_wetdays,0.0002273120741704205,69
Allt_a_Choire_Burn_Tomnavoulin,absolute_anomaly_seasonal,Current_Rain_exceed_10mm,7.605177313905299,69
Allt_a_Choire_Burn_Tomnavoulin,absolute_anomaly_seasonal,Current_Rain_rx1day,0.45607617637473225,69
Allt_a_Choire_Burn_Tomnavoulin,absolute_anomaly_seasonal,Current_Rain_rx3day,0.2715290984710773,69
Allt_a_Choire_Burn_Tomnavoulin,absolute_anomaly_seasonal,Current_Sunlight,0.0,69
Allt_a_Choire_Burn_Tomnavoulin,absolute_anomaly_seasonal,Current_Solar_MJm2,0.0,69
Allt_a_Choire_Burn_Tomnavoulin,absolute_anomaly_seasonal,Forecast_AirTemp,0.34117467372461524,69
Allt_a_Choire_Burn_Tomnavoulin,absolute_anomaly_seasonal,Forecast_Humidity,0.0004733845774274328,69
Allt_a_Choire_Burn_Tomnavoulin,absolute_anomaly_seasonal,Forecast_Rain,0.9467683778682087,69
Allt_a_Choire_Burn_Tomnavoulin,absolute_anomaly_seasonal,Forecast_Rain_wetdays,0.3381588361101665,69
Allt_a_Choire_Burn_Tomnavoulin,absolute_anomaly_seasonal,Forecast_Rain_exceed_10mm,0.0,69
Allt_a_Choire_Burn_Tomnavoulin,absolute_anomaly_seasonal,Forecast_Rain_rx1day,0.00012726435795857427,69
Allt_a_Choire_Burn_Tomnavoulin,absolute_anomaly_seasonal,Forecast_Rain_rx3day,0.0,69
Allt_a_Choire_Burn_Tomnavoulin,absolute_anomaly_seasonal,Forecast_Sunlight,0.0,69
Allt_a_Choire_Burn_Tomnavoulin,absolute_anomaly_seasonal,Forecast_Solar_MJm2,0.17373368237178607,69
Allt_a_Choire_Burn_Tomnavoulin,absolute_anomaly_seasonal,Roll3_AirTemp__anomaly,1.921585624956681,69
Allt_a_Choire_Burn_Tomnavoulin,absolute_anomaly_seasonal,Roll3_Humidity__anomaly,0.10583136774860046,69
Allt_a_Choire_Burn_Tomnavoulin,absolute_anomaly_seasonal,Roll3_Rain__anomaly,0.0018802549091523318,69
Allt_a_Choire_Burn_Tomnavoulin,absolute_anomaly_seasonal,Roll3_Rain_wetdays__anomaly,0.0003611541889516354,69
Allt_a_Choire_Burn_Tomnavoulin,absolute_anomaly_seasonal,Roll3_Rain_exceed_10mm__anomaly,0.0012242608877403118,69
Allt_a_Choire_Burn_Tomnavoulin,absolute_anomaly_seasonal,Roll3_Rain_rx1day__anomaly,0.0608455730729159,69
Allt_a_Choire_Burn_Tomnavoulin,absolute_anomaly_seasonal,Roll3_Rain_rx3day__anomaly,0.0,69
Allt_a_Choire_Burn_Tomnavoulin,absolute_anomaly_seasonal,Roll3_Sunlight__anomaly,4.129495329608522,69
Allt_a_Choire_Burn_Tomnavoulin,absolute_anomaly_seasonal,Roll3_Solar_MJm2__anomaly,0.0,69
Allt_a_Choire_Burn_Tomnavoulin,absolute_anomaly_seasonal,Roll6_AirTemp__anomaly,0.03774211078192038,69
Allt_a_Choire_Burn_Tomnavoulin,absolute_anomaly_seasonal,Roll6_Humidity__anomaly,1.0736833658905867,69
Allt_a_Choire_Burn_Tomnavoulin,absolute_anomaly_seasonal,Roll6_Rain__anomaly,0.036315214117481134,69
Allt_a_Choire_Burn_Tomnavoulin,absolute_anomaly_seasonal,Roll6_Rain_wetdays__anomaly,0.0,69
Allt_a_Choire_Burn_Tomnavoulin,absolute_anomaly_seasonal,Roll6_Rain_exceed_10mm__anomaly,1.7051079774934237,69
Allt_a_Choire_Burn_Tomnavoulin,absolute_anomaly_seasonal,Roll6_Rain_rx1day__anomaly,0.0,69
Allt_a_Choire_Burn_Tomnavoulin,absolute_anomaly_seasonal,Roll6_Rain_rx3day__anomaly,0.0,69
Allt_a_Choire_Burn_Tomnavoulin,absolute_anomaly_seasonal,Roll6_Sunlight__anomaly,7.945393757248322,69
Allt_a_Choire_Burn_Tomnavoulin,absolute_anomaly_seasonal,Roll6_Solar_MJm2__anomaly,0.0,69
Allt_a_Choire_Burn_Tomnavoulin,absolute_anomaly_seasonal,Previous_AirTemp__anomaly,2.0682772576360837,69
Allt_a_Choire_Burn_Tomnavoulin,absolute_anomaly_seasonal,Previous_Humidity__anomaly,4.41373266237701,69
Allt_a_Choire_Burn_Tomnavoulin,absolute_anomaly_seasonal,Previous_Rain__anomaly,0.00025156849171550417,69
Allt_a_Choire_Burn_Tomnavoulin,absolute_anomaly_seasonal,Previous_Rain_wetdays__anomaly,0.11763412485568733,69
Allt_a_Choire_Burn_Tomnavoulin,absolute_anomaly_seasonal,Previous_Rain_exceed_10mm__anomaly,0.1451877485990138,69
Allt_a_Choire_Burn_Tomnavoulin,absolute_anomaly_seasonal,Previous_Rain_rx1day__anomaly,0.0006883709126915278,69
Allt_a_Choire_Burn_Tomnavoulin,absolute_anomaly_seasonal,Previous_Rain_rx3day__anomaly,0.002757540738870643,69
Allt_a_Choire_Burn_Tomnavoulin,absolute_anomaly_seasonal,Previous_Sunlight__anomaly,10.517340242797824,69
Allt_a_Choire_Burn_Tomnavoulin,absolute_anomaly_seasonal,Previous_Solar_MJm2__anomaly,0.0,69
Allt_a_Choire_Burn_Tomnavoulin,absolute_anomaly_seasonal,Current_AirTemp__anomaly,0.3805429518464745,69
Allt_a_Choire_Burn_Tomnavoulin,absolute_anomaly_seasonal,Current_Humidity__anomaly,0.06296113208739702,69
Allt_a_Choire_Burn_Tomnavoulin,absolute_anomaly_seasonal,Current_Rain__anomaly,0.0001391962573743082,69
Allt_a_Choire_Burn_Tomnavoulin,absolute_anomaly_seasonal,Current_Rain_wetdays__anomaly,0.5929170407215738,69
Allt_a_Choire_Burn_Tomnavoulin,absolute_anomaly_seasonal,Current_Rain_exceed_10mm__anomaly,0.4443218101260669,69
Allt_a_Choire_Burn_Tomnavoulin,absolute_anomaly_seasonal,Current_Rain_rx1day__anomaly,0.0,69
Allt_a_Choire_Burn_Tomnavoulin,absolute_anomaly_seasonal,Current_Rain_rx3day__anomaly,0.0,69
Allt_a_Choire_Burn_Tomnavoulin,absolute_anomaly_seasonal,Current_Sunlight__anomaly,0.0,69
Allt_a_Choire_Burn_Tomnavoulin,absolute_anomaly_seasonal,Current_Solar_MJm2__anomaly,0.0409877036746447,69
Allt_a_Choire_Burn_Tomnavoulin,absolute_anomaly_seasonal,Forecast_AirTemp__anomaly,7.558651964349102e-05,69
Allt_a_Choire_Burn_Tomnavoulin,absolute_anomaly_seasonal,Forecast_Humidity__anomaly,0.06821938983902215,69
Allt_a_Choire_Burn_Tomnavoulin,absolute_anomaly_seasonal,Forecast_Rain__anomaly,0.0031253326542614525,69
Allt_a_Choire_Burn_Tomnavoulin,absolute_anomaly_seasonal,Forecast_Rain_wetdays__anomaly,0.09847427613220722,69
Allt_a_Choire_Burn_Tomnavoulin,absolute_anomaly_seasonal,Forecast_Rain_exceed_10mm__anomaly,9.798115969031006e-05,69
Allt_a_Choire_Burn_Tomnavoulin,absolute_anomaly_seasonal,Forecast_Rain_rx1day__anomaly,0.03914609657761621,69
Allt_a_Choire_Burn_Tomnavoulin,absolute_anomaly_seasonal,Forecast_Rain_rx3day__anomaly,5.056677212253764,69
Allt_a_Choire_Burn_Tomnavoulin,absolute_anomaly_seasonal,Forecast_Sunlight__anomaly,0.0,69
Allt_a_Choire_Burn_Tomnavoulin,absolute_anomaly_seasonal,Forecast_Solar_MJm2__anomaly,0.002638312621035192,69
Allt_a_Choire_Burn_Tomnavoulin,absolute_anomaly_seasonal,Month_Sin,0.0,69
Allt_a_Choire_Burn_Tomnavoulin,absolute_anomaly_seasonal,Month_Cos,0.0,69
RIver_Kennet_Fobney,absolute_anomaly_seasonal,Roll3_AirTemp,0.8116893259665635,69
RIver_Kennet_Fobney,absolute_anomaly_seasonal,Roll3_Humidity,0.23856980290056487,69
RIver_Kennet_Fobney,absolute_anomaly_seasonal,Roll3_Rain,0.22002097827016967,69
RIver_Kennet_Fobney,absolute_anomaly_seasonal,Roll3_Rain_wetdays,0.3457611517621956,69
RIver_Kennet_Fobney,absolute_anomaly_seasonal,Roll3_Rain_exceed_10mm,0.12697820335783896,69
RIver_Kennet_Fobney,absolute_anomaly_seasonal,Roll3_Rain_rx1day,0.23209163126759036,69
RIver_Kennet_Fobney,absolute_anomaly_seasonal,Roll3_Rain_rx3day,0.08474988620500098,69
RIver_Kennet_Fobney,absolute_anomaly_seasonal,Roll3_Sunlight,0.05893151393778345,69
RIver_Kennet_Fobney,absolute_anomaly_seasonal,Roll3_Solar_MJm2,0.0,69
RIver_Kennet_Fobney,absolute_anomaly_seasonal,Roll6_AirTemp,1.2802482934741641,69
RIver_Kennet_Fobney,absolute_anomaly_seasonal,Roll6_Humidity,0.31625547554520617,69
RIver_Kennet_Fobney,absolute_anomaly_seasonal,Roll6_Rain,0.8086637573966269,69
RIver_Kennet_Fobney,absolute_anomaly_seasonal,Roll6_Rain_wetdays,0.2708413536166988,69
RIver_Kennet_Fobney,absolute_anomaly_seasonal,Roll6_Rain_exceed_10mm,0.6442778405756421,69
RIver_Kennet_Fobney,absolute_anomaly_seasonal,Roll6_Rain_rx1day,1.0151217902009804,69
RIver_Kennet_Fobney,absolute_anomaly_seasonal,Roll6_Rain_rx3day,0.20493375719269186,69
RIver_Kennet_Fobney,absolute_anomaly_seasonal,Roll6_Sunlight,17.542724275224714,69
RIver_Kennet_Fobney,absolute_anomaly_seasonal,Roll6_Solar_MJm2,0.0,69
RIver_Kennet_Fobney,absolute_anomaly_seasonal,Previous_AirTemp,0.2293451102928677,69
RIver_Kennet_Fobney,absolute_anomaly_seasonal,Previous_Humidity,0.33379595320871164,69
RIver_Kennet_Fobney,absolute_anomaly_seasonal,Previous_Rain,1.1036900069193043,69
RIver_Kennet_Fobney,absolute_anomaly_seasonal,Previous_Rain_wetdays,0.8811646135402048,69
RIver_Kennet_Fobney,absolute_anomaly_seasonal,Previous_Rain_exceed_10mm,0.20248657076322063,69
RIver_Kennet_Fobney,absolute_anomaly_seasonal,Previous_Rain_rx1day,0.46452735332980344,69
RIver_Kennet_Fobney,absolute_anomaly_seasonal,Previous_Rain_rx3day,0.36027206735632633,69
RIver_Kennet_Fobney,absolute_anomaly_seasonal,Previous_Sunlight,0.474717088795548,69
RIver_Kennet_Fobney,absolute_anomaly_seasonal,Previous_Solar_MJm2,0.0,69
RIver_Kennet_Fobney,absolute_anomaly_seasonal,Current_AirTemp,3.5437240364917826,69
RIver_Kennet_Fobney,absolute_anomaly_seasonal,Current_Humidity,4.393561292851926,69
RIver_Kennet_Fobney,absolute_anomaly_seasonal,Current_Rain,0.43221776134627493,69
RIver_Kennet_Fobney,absolute_anomaly_seasonal,Current_Rain_wetdays,1.3882608183228442,69
RIver_Kennet_Fobney,absolute_anomaly_seasonal,Current_Rain_exceed_10mm,0.6042060540915651,69
RIver_Kennet_Fobney,absolute_anomaly_seasonal,Current_Rain_rx1day,0.21411097883843141,69
RIver_Kennet_Fobney,absolute_anomaly_seasonal,Current_Rain_rx3day,1.009855637588749,69
RIver_Kennet_Fobney,absolute_anomaly_seasonal,Current_Sunlight,0.0,69
RIver_Kennet_Fobney,absolute_anomaly_seasonal,Current_Solar_MJm2,0.5794262119930988,69
RIver_Kennet_Fobney,absolute_anomaly_seasonal,Forecast_AirTemp,3.3285797360552203,69
RIver_Kennet_Fobney,absolute_anomaly_seasonal,Forecast_Humidity,4.013557121573247,69
RIver_Kennet_Fobney,absolute_anomaly_seasonal,Forecast_Rain,0.6096042582505696,69
RIver_Kennet_Fobney,absolute_anomaly_seasonal,Forecast_Rain_wetdays,0.5259376736906783,69
RIver_Kennet_Fobney,absolute_anomaly_seasonal,Forecast_Rain_exceed_10mm,0.859724624437735,69
RIver_Kennet_Fobney,absolute_anomaly_seasonal,Forecast_Rain_rx1day,0.4097685769906657,69
RIver_Kennet_Fobney,absolute_anomaly_seasonal,Forecast_Rain_rx3day,0.5901302589433446,69
RIver_Kennet_Fobney,absolute_anomaly_seasonal,Forecast_Sunlight,0.0,69
RIver_Kennet_Fobney,absolute_anomaly_seasonal,Forecast_Solar_MJm2,7.421681852901589,69
RIver_Kennet_Fobney,absolute_anomaly_seasonal,Roll3_AirTemp__anomaly,1.5971734103621302,69
RIver_Kennet_Fobney,absolute_anomaly_seasonal,Roll3_Humidity__anomaly,1.1895548436057295,69
RIver_Kennet_Fobney,absolute_anomaly_seasonal,Roll3_Rain__anomaly,0.42079163675997056,69
RIver_Kennet_Fobney,absolute_anomaly_seasonal,Roll3_Rain_wetdays__anomaly,0.6478443624602922,69
RIver_Kennet_Fobney,absolute_anomaly_seasonal,Roll3_Rain_exceed_10mm__anomaly,0.11215156587999539,69
RIver_Kennet_Fobney,absolute_anomaly_seasonal,Roll3_Rain_rx1day__anomaly,0.21601990801494914,69
RIver_Kennet_Fobney,absolute_anomaly_seasonal,Roll3_Rain_rx3day__anomaly,0.1661210433928505,69
RIver_Kennet_Fobney,absolute_anomaly_seasonal,Roll3_Sunlight__anomaly,0.9742133686204375,69
RIver_Kennet_Fobney,absolute_anomaly_seasonal,Roll3_Solar_MJm2__anomaly,0.0,69
RIver_Kennet_Fobney,absolute_anomaly_seasonal,Roll6_AirTemp__anomaly,1.1928166114676255,69
RIver_Kennet_Fobney,absolute_anomaly_seasonal,Roll6_Humidity__anomaly,0.16783803514718607,69
RIver_Kennet_Fobney,absolute_anomaly_seasonal,Roll6_Rain__anomaly,0.4697837777559238,69
RIver_Kennet_Fobney,absolute_anomaly_seasonal,Roll6_Rain_wetdays__anomaly,0.44507602485466846,69
RIver_Kennet_Fobney,absolute_anomaly_seasonal,Roll6_Rain_exceed_10mm__anomaly,0.6474760116302015,69
RIver_Kennet_Fobney,absolute_anomaly_seasonal,Roll6_Rain_rx1day__anomaly,4.116697112521737,69
RIver_Kennet_Fobney,absolute_anomaly_seasonal,Roll6_Rain_rx3day__anomaly,0.7369524970052534,69
RIver_Kennet_Fobney,absolute_anomaly_seasonal,Roll6_Sunlight__anomaly,0.7832683156965202,69
RIver_Kennet_Fobney,absolute_anomaly_seasonal,Roll6_Solar_MJm2__anomaly,0.0,69
RIver_Kennet_Fobney,absolute_anomaly_seasonal,Previous_AirTemp__anomaly,0.6975596275581664,69
RIver_Kennet_Fobney,absolute_anomaly_seasonal,Previous_Humidity__anomaly,0.6477940243706505,69
RIver_Kennet_Fobney,absolute_anomaly_seasonal,Previous_Rain__anomaly,1.3143481024811727,69
RIver_Kennet_Fobney,absolute_anomaly_seasonal,Previous_Rain_wetdays__anomaly,0.853588632179263,69
RIver_Kennet_Fobney,absolute_anomaly_seasonal,Previous_Rain_exceed_10mm__anomaly,0.2682750610761117,69
RIver_Kennet_Fobney,absolute_anomaly_seasonal,Previous_Rain_rx1day__anomaly,0.4534183176720667,69
RIver_Kennet_Fobney,absolute_anomaly_seasonal,Previous_Rain_rx3day__anomaly,0.295548037568878,69
RIver_Kennet_Fobney,absolute_anomaly_seasonal,Previous_Sunlight__anomaly,0.1573156165013564,69
RIver_Kennet_Fobney,absolute_anomaly_seasonal,Previous_Solar_MJm2__anomaly,0.0,69
RIver_Kennet_Fobney,absolute_anomaly_seasonal,Current_AirTemp__anomaly,0.3048145698241299,69
RIver_Kennet_Fobney,absolute_anomaly_seasonal,Current_Humidity__anomaly,0.7520461809724105,69
RIver_Kennet_Fobney,absolute_anomaly_seasonal,Current_Rain__anomaly,0.4254812544503746,69
RIver_Kennet_Fobney,absolute_anomaly_seasonal,Current_Rain_wetdays__anomaly,0.4394620652528679,69
RIver_Kennet_Fobney,absolute_anomaly_seasonal,Current_Rain_exceed_10mm__anomaly,0.6886103490480343,69
RIver_Kennet_Fobney,absolute_anomaly_seasonal,Current_Rain_rx1day__anomaly,1.2605107482983176,69
RIver_Kennet_Fobney,absolute_anomaly_seasonal,Current_Rain_rx3day__anomaly,1.8138545107772694,69
RIver_Kennet_Fobney,absolute_anomaly_seasonal,Current_Sunlight__anomaly,0.0,69
RIver_Kennet_Fobney,absolute_anomaly_seasonal,Current_Solar_MJm2__anomaly,0.6163637017216248,69
RIver_Kennet_Fobney,absolute_anomaly_seasonal,Forecast_AirTemp__anomaly,0.454756701512225,69
RIver_Kennet_Fobney,absolute_anomaly_seasonal,Forecast_Humidity__anomaly,0.2834626649482965,69
RIver_Kennet_Fobney,absolute_anomaly_seasonal,Forecast_Rain__anomaly,0.9922223153469589,69
RIver_Kennet_Fobney,absolute_anomaly_seasonal,Forecast_Rain_wetdays__anomaly,0.25872238797650626,69
RIver_Kennet_Fobney,absolute_anomaly_seasonal,Forecast_Rain_exceed_10mm__anomaly,0.7274481357847293,69
RIver_Kennet_Fobney,absolute_anomaly_seasonal,Forecast_Rain_rx1day__anomaly,0.2838980001756087,69
RIver_Kennet_Fobney,absolute_anomaly_seasonal,Forecast_Rain_rx3day__anomaly,0.11179789558673758,69
RIver_Kennet_Fobney,absolute_anomaly_seasonal,Forecast_Sunlight__anomaly,0.0,69
RIver_Kennet_Fobney,absolute_anomaly_seasonal,Forecast_Solar_MJm2__anomaly,0.386773497892122,69
RIver_Kennet_Fobney,absolute_anomaly_seasonal,Month_Sin,2.659985869052263,69
RIver_Kennet_Fobney,absolute_anomaly_seasonal,Month_Cos,0.01168982595865125,69
RIver_Kennet_Fobney,absolute_anomaly_seasonal,CSO_Individual_CSO_008134,0.11092563406340752,69
RIver_Kennet_Fobney,absolute_anomaly_seasonal,CSO_Individual_CSO_008172,0.18227650519876695,69
RIver_Kennet_Fobney,absolute_anomaly_seasonal,CSO_Individual_CSO_008187,8.544511975321127,69
RIver_Kennet_Fobney,absolute_anomaly_seasonal,CSO_Network_0_10km_count,0.0,69
RIver_Kennet_Fobney,absolute_anomaly_seasonal,CSO_Network_0_10km_max,1.423621938377668,69
RIver_Kennet_Fobney,absolute_anomaly_seasonal,CSO_Network_0_10km_mean,0.00044862161101775583,69
RIver_Kennet_Fobney,absolute_anomaly_seasonal,CSO_Network_10_20km_count,0.0,69
RIver_Kennet_Fobney,absolute_anomaly_seasonal,CSO_Network_10_20km_max,0.2880132248471401,69
RIver_Kennet_Fobney,absolute_anomaly_seasonal,CSO_Network_10_20km_mean,0.0,69
RIver_Kennet_Fobney,absolute_anomaly_seasonal,CSO_Network_20_30km_count,0.0,69
RIver_Kennet_Fobney,absolute_anomaly_seasonal,CSO_Network_20_30km_max,0.0015162492734864586,69
RIver_Kennet_Fobney,absolute_anomaly_seasonal,CSO_Network_20_30km_mean,0.0,69
RIver_Kennet_Fobney,absolute_anomaly_seasonal,CSO_Network_30_40km_count,0.0,69
RIver_Kennet_Fobney,absolute_anomaly_seasonal,CSO_Network_30_40km_max,0.0,69
RIver_Kennet_Fobney,absolute_anomaly_seasonal,CSO_Network_30_40km_mean,0.0,69
RIver_Kennet_Fobney,absolute_anomaly_seasonal,CSO_Network_40_50km_count,0.0,69
RIver_Kennet_Fobney,absolute_anomaly_seasonal,CSO_Network_40_50km_max,0.0008666490014744473,69
RIver_Kennet_Fobney,absolute_anomaly_seasonal,CSO_Network_40_50km_mean,0.0,69
RIver_Kennet_Fobney,absolute_anomaly_seasonal,CSO_Network_50_60km_count,0.0,69
RIver_Kennet_Fobney,absolute_anomaly_seasonal,CSO_Network_50_60km_max,0.012046730027952344,69
RIver_Kennet_Fobney,absolute_anomaly_seasonal,CSO_Network_50_60km_mean,0.1784954047357072,69
RIver_Kennet_Fobney,absolute_anomaly_seasonal,CSO_Network_60_70km_count,0.0,69
RIver_Kennet_Fobney,absolute_anomaly_seasonal,CSO_Network_60_70km_max,0.03751685212665504,69
RIver_Kennet_Fobney,absolute_anomaly_seasonal,CSO_Network_60_70km_mean,2.8900785227040915e-05,69
River_Blackwater_Langford,absolute_anomaly_seasonal,Roll3_AirTemp,0.27955938889415594,69
River_Blackwater_Langford,absolute_anomaly_seasonal,Roll3_Humidity,0.25921896943851375,69
River_Blackwater_Langford,absolute_anomaly_seasonal,Roll3_Rain,0.24971228861469516,69
River_Blackwater_Langford,absolute_anomaly_seasonal,Roll3_Rain_wetdays,0.25297183282710556,69
River_Blackwater_Langford,absolute_anomaly_seasonal,Roll3_Rain_exceed_10mm,0.5787484818026327,69
River_Blackwater_Langford,absolute_anomaly_seasonal,Roll3_Rain_rx1day,0.27146893668574884,69
River_Blackwater_Langford,absolute_anomaly_seasonal,Roll3_Rain_rx3day,0.5432011666778569,69
River_Blackwater_Langford,absolute_anomaly_seasonal,Roll3_Sunlight,0.26888983730080246,69
River_Blackwater_Langford,absolute_anomaly_seasonal,Roll3_Solar_MJm2,0.0,69
River_Blackwater_Langford,absolute_anomaly_seasonal,Roll6_AirTemp,2.1627310405585707,69
River_Blackwater_Langford,absolute_anomaly_seasonal,Roll6_Humidity,2.126115549856793,69
River_Blackwater_Langford,absolute_anomaly_seasonal,Roll6_Rain,0.34203197911113703,69
River_Blackwater_Langford,absolute_anomaly_seasonal,Roll6_Rain_wetdays,0.17317738478518882,69
River_Blackwater_Langford,absolute_anomaly_seasonal,Roll6_Rain_exceed_10mm,0.2640459493153238,69
River_Blackwater_Langford,absolute_anomaly_seasonal,Roll6_Rain_rx1day,0.7684208487623269,69
River_Blackwater_Langford,absolute_anomaly_seasonal,Roll6_Rain_rx3day,0.45023595857216414,69
River_Blackwater_Langford,absolute_anomaly_seasonal,Roll6_Sunlight,1.6076640733963048,69
River_Blackwater_Langford,absolute_anomaly_seasonal,Roll6_Solar_MJm2,0.0,69
River_Blackwater_Langford,absolute_anomaly_seasonal,Previous_AirTemp,0.5817636484132653,69
River_Blackwater_Langford,absolute_anomaly_seasonal,Previous_Humidity,0.450993878515303,69
River_Blackwater_Langford,absolute_anomaly_seasonal,Previous_Rain,1.3051047922994186,69
River_Blackwater_Langford,absolute_anomaly_seasonal,Previous_Rain_wetdays,0.37872423585577514,69
River_Blackwater_Langford,absolute_anomaly_seasonal,Previous_Rain_exceed_10mm,1.2239592573652358,69
River_Blackwater_Langford,absolute_anomaly_seasonal,Previous_Rain_rx1day,0.5871090783142515,69
River_Blackwater_Langford,absolute_anomaly_seasonal,Previous_Rain_rx3day,0.9201815660476048,69
River_Blackwater_Langford,absolute_anomaly_seasonal,Previous_Sunlight,1.1178910740953287,69
River_Blackwater_Langford,absolute_anomaly_seasonal,Previous_Solar_MJm2,0.0,69
River_Blackwater_Langford,absolute_anomaly_seasonal,Current_AirTemp,0.4812789653162679,69
River_Blackwater_Langford,absolute_anomaly_seasonal,Current_Humidity,0.3277360515414311,69
River_Blackwater_Langford,absolute_anomaly_seasonal,Current_Rain,1.2223286995054397,69
River_Blackwater_Langford,absolute_anomaly_seasonal,Current_Rain_wetdays,0.24027555590720623,69
River_Blackwater_Langford,absolute_anomaly_seasonal,Current_Rain_exceed_10mm,0.6123327509791615,69
River_Blackwater_Langford,absolute_anomaly_seasonal,Current_Rain_rx1day,0.22995210766700103,69
River_Blackwater_Langford,absolute_anomaly_seasonal,Current_Rain_rx3day,0.333157755240624,69
River_Blackwater_Langford,absolute_anomaly_seasonal,Current_Sunlight,0.0,69
River_Blackwater_Langford,absolute_anomaly_seasonal,Current_Solar_MJm2,5.466738386055769,69
River_Blackwater_Langford,absolute_anomaly_seasonal,Forecast_AirTemp,6.626060466074711,69
River_Blackwater_Langford,absolute_anomaly_seasonal,Forecast_Humidity,13.40534562404222,69
River_Blackwater_Langford,absolute_anomaly_seasonal,Forecast_Rain,1.2342845862768397,69
River_Blackwater_Langford,absolute_anomaly_seasonal,Forecast_Rain_wetdays,1.8032676183800178,69
River_Blackwater_Langford,absolute_anomaly_seasonal,Forecast_Rain_exceed_10mm,0.37198411660207464,69
River_Blackwater_Langford,absolute_anomaly_seasonal,Forecast_Rain_rx1day,0.6305342659996761,69
River_Blackwater_Langford,absolute_anomaly_seasonal,Forecast_Rain_rx3day,0.7274567909474273,69
River_Blackwater_Langford,absolute_anomaly_seasonal,Forecast_Sunlight,0.0,69
River_Blackwater_Langford,absolute_anomaly_seasonal,Forecast_Solar_MJm2,9.025466287889605,69
River_Blackwater_Langford,absolute_anomaly_seasonal,Roll3_AirTemp__anomaly,0.2685770621863463,69
River_Blackwater_Langford,absolute_anomaly_seasonal,Roll3_Humidity__anomaly,0.4070162241008065,69
River_Blackwater_Langford,absolute_anomaly_seasonal,Roll3_Rain__anomaly,0.10725260125617025,69
River_Blackwater_Langford,absolute_anomaly_seasonal,Roll3_Rain_wetdays__anomaly,0.47658985388044073,69
River_Blackwater_Langford,absolute_anomaly_seasonal,Roll3_Rain_exceed_10mm__anomaly,0.29017282064852823,69
River_Blackwater_Langford,absolute_anomaly_seasonal,Roll3_Rain_rx1day__anomaly,0.5964807478655993,69
River_Blackwater_Langford,absolute_anomaly_seasonal,Roll3_Rain_rx3day__anomaly,4.4061597501572,69
River_Blackwater_Langford,absolute_anomaly_seasonal,Roll3_Sunlight__anomaly,0.3152500404343687,69
River_Blackwater_Langford,absolute_anomaly_seasonal,Roll3_Solar_MJm2__anomaly,0.0,69
River_Blackwater_Langford,absolute_anomaly_seasonal,Roll6_AirTemp__anomaly,2.2365579790427392,69
River_Blackwater_Langford,absolute_anomaly_seasonal,Roll6_Humidity__anomaly,1.0578403659305196,69
River_Blackwater_Langford,absolute_anomaly_seasonal,Roll6_Rain__anomaly,0.46044866098339604,69
River_Blackwater_Langford,absolute_anomaly_seasonal,Roll6_Rain_wetdays__anomaly,0.23526189501674877,69
River_Blackwater_Langford,absolute_anomaly_seasonal,Roll6_Rain_exceed_10mm__anomaly,0.3917268859977998,69
River_Blackwater_Langford,absolute_anomaly_seasonal,Roll6_Rain_rx1day__anomaly,0.4028087431574752,69
River_Blackwater_Langford,absolute_anomaly_seasonal,Roll6_Rain_rx3day__anomaly,0.3281432672665244,69
River_Blackwater_Langford,absolute_anomaly_seasonal,Roll6_Sunlight__anomaly,4.593624566876054,69
River_Blackwater_Langford,absolute_anomaly_seasonal,Roll6_Solar_MJm2__anomaly,0.0,69
River_Blackwater_Langford,absolute_anomaly_seasonal,Previous_AirTemp__anomaly,0.8349516014874906,69
River_Blackwater_Langford,absolute_anomaly_seasonal,Previous_Humidity__anomaly,0.8686806106708579,69
River_Blackwater_Langford,absolute_anomaly_seasonal,Previous_Rain__anomaly,0.3420022537144529,69
River_Blackwater_Langford,absolute_anomaly_seasonal,Previous_Rain_wetdays__anomaly,0.1819795267291985,69
River_Blackwater_Langford,absolute_anomaly_seasonal,Previous_Rain_exceed_10mm__anomaly,0.4901316241751353,69
River_Blackwater_Langford,absolute_anomaly_seasonal,Previous_Rain_rx1day__anomaly,0.29096869007625553,69
River_Blackwater_Langford,absolute_anomaly_seasonal,Previous_Rain_rx3day__anomaly,2.708625723806965,69
River_Blackwater_Langford,absolute_anomaly_seasonal,Previous_Sunlight__anomaly,0.25739890622373257,69
River_Blackwater_Langford,absolute_anomaly_seasonal,Previous_Solar_MJm2__anomaly,0.0,69
River_Blackwater_Langford,absolute_anomaly_seasonal,Current_AirTemp__anomaly,0.4208701304909158,69
River_Blackwater_Langford,absolute_anomaly_seasonal,Current_Humidity__anomaly,0.5627867435573016,69
River_Blackwater_Langford,absolute_anomaly_seasonal,Current_Rain__anomaly,0.27494139347044483,69
River_Blackwater_Langford,absolute_anomaly_seasonal,Current_Rain_wetdays__anomaly,0.24430529574805748,69
River_Blackwater_Langford,absolute_anomaly_seasonal,Current_Rain_exceed_10mm__anomaly,0.36506622838850156,69
River_Blackwater_Langford,absolute_anomaly_seasonal,Current_Rain_rx1day__anomaly,0.5266653158527641,69
River_Blackwater_Langford,absolute_anomaly_seasonal,Current_Rain_rx3day__anomaly,1.584806782357236,69
River_Blackwater_Langford,absolute_anomaly_seasonal,Current_Sunlight__anomaly,0.0,69
River_Blackwater_Langford,absolute_anomaly_seasonal,Current_Solar_MJm2__anomaly,0.7926961531462279,69
River_Blackwater_Langford,absolute_anomaly_seasonal,Forecast_AirTemp__anomaly,1.1803099496580385,69
River_Blackwater_Langford,absolute_anomaly_seasonal,Forecast_Humidity__anomaly,0.6177433671078553,69
River_Blackwater_Langford,absolute_anomaly_seasonal,Forecast_Rain__anomaly,0.5084109767390873,69
River_Blackwater_Langford,absolute_anomaly_seasonal,Forecast_Rain_wetdays__anomaly,0.49764004871398726,69
River_Blackwater_Langford,absolute_anomaly_seasonal,Forecast_Rain_exceed_10mm__anomaly,0.25170257702469034,69
River_Blackwater_Langford,absolute_anomaly_seasonal,Forecast_Rain_rx1day__anomaly,0.8571305625249683,69
River_Blackwater_Langford,absolute_anomaly_seasonal,Forecast_Rain_rx3day__anomaly,0.30098232956572296,69
River_Blackwater_Langford,absolute_anomaly_seasonal,Forecast_Sunlight__anomaly,0.0,69
River_Blackwater_Langford,absolute_anomaly_seasonal,Forecast_Solar_MJm2__anomaly,0.5526020391613732,69
River_Blackwater_Langford,absolute_anomaly_seasonal,Month_Sin,0.05510211927842349,69
River_Blackwater_Langford,absolute_anomaly_seasonal,Month_Cos,0.0012342780299993642,69
River_Blackwater_Langford,absolute_anomaly_seasonal,CSO_Network_0_10km_count,0.019946278069904965,69
River_Blackwater_Langford,absolute_anomaly_seasonal,CSO_Network_0_10km_max,0.3354587857803728,69
River_Blackwater_Langford,absolute_anomaly_seasonal,CSO_Network_0_10km_mean,1.610911083460378,69
River_Blackwater_Langford,absolute_anomaly_seasonal,CSO_Network_10_20km_count,0.0,69
River_Blackwater_Langford,absolute_anomaly_seasonal,CSO_Network_10_20km_max,1.418365131809715,69
River_Blackwater_Langford,absolute_anomaly_seasonal,CSO_Network_10_20km_mean,1.7306576716325779,69
River_Blackwater_Langford,absolute_anomaly_seasonal,CSO_Network_20_30km_count,0.0,69
River_Blackwater_Langford,absolute_anomaly_seasonal,CSO_Network_20_30km_max,0.10946130972837273,69
River_Blackwater_Langford,absolute_anomaly_seasonal,CSO_Network_20_30km_mean,0.045954716618122005,69
River_Blackwater_Langford,absolute_anomaly_seasonal,CSO_Network_30_40km_count,0.0,69
River_Blackwater_Langford,absolute_anomaly_seasonal,CSO_Network_30_40km_max,0.14831042709279538,69
River_Blackwater_Langford,absolute_anomaly_seasonal,CSO_Network_30_40km_mean,0.022145139021875954,69
River_Blackwater_Langford,absolute_anomaly_seasonal,CSO_Network_40_50km_count,0.0,69
River_Blackwater_Langford,absolute_anomaly_seasonal,CSO_Network_40_50km_max,1.3459739030219442,69
River_Blackwater_Langford,absolute_anomaly_seasonal,CSO_Network_40_50km_mean,0.11522210577968041,69
River_Blackwater_Langford,absolute_anomaly_seasonal,CSO_Network_50_60km_count,0.0,69
River_Blackwater_Langford,absolute_anomaly_seasonal,CSO_Network_50_60km_max,1.048754158988386,69
River_Blackwater_Langford,absolute_anomaly_seasonal,CSO_Network_50_60km_mean,0.0030713505644806155,69
River_Bure_Belaugh,absolute_anomaly_seasonal,Roll3_AirTemp,0.9908972594435405,69
River_Bure_Belaugh,absolute_anomaly_seasonal,Roll3_Humidity,0.692011693800551,69
River_Bure_Belaugh,absolute_anomaly_seasonal,Roll3_Rain,0.39744745580324053,69
River_Bure_Belaugh,absolute_anomaly_seasonal,Roll3_Rain_wetdays,0.5481671203921126,69
River_Bure_Belaugh,absolute_anomaly_seasonal,Roll3_Rain_exceed_10mm,0.2851087041982769,69
River_Bure_Belaugh,absolute_anomaly_seasonal,Roll3_Rain_rx1day,0.40134000908766326,69
River_Bure_Belaugh,absolute_anomaly_seasonal,Roll3_Rain_rx3day,0.2208003563669155,69
River_Bure_Belaugh,absolute_anomaly_seasonal,Roll3_Sunlight,0.34843682774433715,69
River_Bure_Belaugh,absolute_anomaly_seasonal,Roll3_Solar_MJm2,0.0,69
River_Bure_Belaugh,absolute_anomaly_seasonal,Roll6_AirTemp,1.0014342292506175,69
River_Bure_Belaugh,absolute_anomaly_seasonal,Roll6_Humidity,3.390261253223003,69
River_Bure_Belaugh,absolute_anomaly_seasonal,Roll6_Rain,0.76707084639852,69
River_Bure_Belaugh,absolute_anomaly_seasonal,Roll6_Rain_wetdays,0.2586153457112951,69
River_Bure_Belaugh,absolute_anomaly_seasonal,Roll6_Rain_exceed_10mm,0.6910462092196206,69
River_Bure_Belaugh,absolute_anomaly_seasonal,Roll6_Rain_rx1day,0.5474893981554656,69
River_Bure_Belaugh,absolute_anomaly_seasonal,Roll6_Rain_rx3day,0.35185703060326917,69
River_Bure_Belaugh,absolute_anomaly_seasonal,Roll6_Sunlight,0.6528969981008065,69
River_Bure_Belaugh,absolute_anomaly_seasonal,Roll6_Solar_MJm2,0.0,69
River_Bure_Belaugh,absolute_anomaly_seasonal,Previous_AirTemp,0.855330812784708,69
River_Bure_Belaugh,absolute_anomaly_seasonal,Previous_Humidity,0.9998057002457128,69
River_Bure_Belaugh,absolute_anomaly_seasonal,Previous_Rain,0.7434003237812569,69
River_Bure_Belaugh,absolute_anomaly_seasonal,Previous_Rain_wetdays,3.372757624441892,69
River_Bure_Belaugh,absolute_anomaly_seasonal,Previous_Rain_exceed_10mm,0.4686783703111329,69
River_Bure_Belaugh,absolute_anomaly_seasonal,Previous_Rain_rx1day,1.1113701239728033,69
River_Bure_Belaugh,absolute_anomaly_seasonal,Previous_Rain_rx3day,1.3885745146240027,69
River_Bure_Belaugh,absolute_anomaly_seasonal,Previous_Sunlight,0.6088829542766064,69
River_Bure_Belaugh,absolute_anomaly_seasonal,Previous_Solar_MJm2,0.0,69
River_Bure_Belaugh,absolute_anomaly_seasonal,Current_AirTemp,0.6772133688446641,69
River_Bure_Belaugh,absolute_anomaly_seasonal,Current_Humidity,0.4317355991579869,69
River_Bure_Belaugh,absolute_anomaly_seasonal,Current_Rain,0.8006950540130767,69
River_Bure_Belaugh,absolute_anomaly_seasonal,Current_Rain_wetdays,1.452219089743629,69
River_Bure_Belaugh,absolute_anomaly_seasonal,Current_Rain_exceed_10mm,0.6605414524443569,69
River_Bure_Belaugh,absolute_anomaly_seasonal,Current_Rain_rx1day,2.7166270432192405,69
River_Bure_Belaugh,absolute_anomaly_seasonal,Current_Rain_rx3day,0.7981786265131982,69
River_Bure_Belaugh,absolute_anomaly_seasonal,Current_Sunlight,0.0,69
River_Bure_Belaugh,absolute_anomaly_seasonal,Current_Solar_MJm2,0.2750532433864026,69
River_Bure_Belaugh,absolute_anomaly_seasonal,Forecast_AirTemp,0.5957783054392578,69
River_Bure_Belaugh,absolute_anomaly_seasonal,Forecast_Humidity,0.9651794787179419,69
River_Bure_Belaugh,absolute_anomaly_seasonal,Forecast_Rain,2.66791530153968,69
River_Bure_Belaugh,absolute_anomaly_seasonal,Forecast_Rain_wetdays,1.3917866460422832,69
River_Bure_Belaugh,absolute_anomaly_seasonal,Forecast_Rain_exceed_10mm,0.5517031311879258,69
River_Bure_Belaugh,absolute_anomaly_seasonal,Forecast_Rain_rx1day,0.551046116824446,69
River_Bure_Belaugh,absolute_anomaly_seasonal,Forecast_Rain_rx3day,1.1532946774989778,69
River_Bure_Belaugh,absolute_anomaly_seasonal,Forecast_Sunlight,0.0,69
River_Bure_Belaugh,absolute_anomaly_seasonal,Forecast_Solar_MJm2,5.507757115162882,69
River_Bure_Belaugh,absolute_anomaly_seasonal,Roll3_AirTemp__anomaly,1.0034498136792533,69
River_Bure_Belaugh,absolute_anomaly_seasonal,Roll3_Humidity__anomaly,0.5321249127028247,69
River_Bure_Belaugh,absolute_anomaly_seasonal,Roll3_Rain__anomaly,7.614433566022491,69
River_Bure_Belaugh,absolute_anomaly_seasonal,Roll3_Rain_wetdays__anomaly,1.3599112420072483,69
River_Bure_Belaugh,absolute_anomaly_seasonal,Roll3_Rain_exceed_10mm__anomaly,0.22875218930249575,69
River_Bure_Belaugh,absolute_anomaly_seasonal,Roll3_Rain_rx1day__anomaly,0.12757526874014363,69
River_Bure_Belaugh,absolute_anomaly_seasonal,Roll3_Rain_rx3day__anomaly,0.8738958862325942,69
River_Bure_Belaugh,absolute_anomaly_seasonal,Roll3_Sunlight__anomaly,1.441621163597469,69
River_Bure_Belaugh,absolute_anomaly_seasonal,Roll3_Solar_MJm2__anomaly,0.0,69
River_Bure_Belaugh,absolute_anomaly_seasonal,Roll6_AirTemp__anomaly,0.6075361638995568,69
River_Bure_Belaugh,absolute_anomaly_seasonal,Roll6_Humidity__anomaly,0.7739931858531398,69
River_Bure_Belaugh,absolute_anomaly_seasonal,Roll6_Rain__anomaly,0.25120241532430054,69
River_Bure_Belaugh,absolute_anomaly_seasonal,Roll6_Rain_wetdays__anomaly,1.7631537008995795,69
River_Bure_Belaugh,absolute_anomaly_seasonal,Roll6_Rain_exceed_10mm__anomaly,1.2175710024376922,69
River_Bure_Belaugh,absolute_anomaly_seasonal,Roll6_Rain_rx1day__anomaly,0.2571775074634527,69
River_Bure_Belaugh,absolute_anomaly_seasonal,Roll6_Rain_rx3day__anomaly,0.5407671159915819,69
River_Bure_Belaugh,absolute_anomaly_seasonal,Roll6_Sunlight__anomaly,1.3823108896991543,69
River_Bure_Belaugh,absolute_anomaly_seasonal,Roll6_Solar_MJm2__anomaly,0.0,69
River_Bure_Belaugh,absolute_anomaly_seasonal,Previous_AirTemp__anomaly,1.226919442821384,69
River_Bure_Belaugh,absolute_anomaly_seasonal,Previous_Humidity__anomaly,0.36101401389480353,69
River_Bure_Belaugh,absolute_anomaly_seasonal,Previous_Rain__anomaly,0.7970043210716233,69
River_Bure_Belaugh,absolute_anomaly_seasonal,Previous_Rain_wetdays__anomaly,0.5532821361972218,69
River_Bure_Belaugh,absolute_anomaly_seasonal,Previous_Rain_exceed_10mm__anomaly,0.9652381705835879,69
River_Bure_Belaugh,absolute_anomaly_seasonal,Previous_Rain_rx1day__anomaly,0.45929296762735633,69
River_Bure_Belaugh,absolute_anomaly_seasonal,Previous_Rain_rx3day__anomaly,0.37048885297469714,69
River_Bure_Belaugh,absolute_anomaly_seasonal,Previous_Sunlight__anomaly,0.7254257015146709,69
River_Bure_Belaugh,absolute_anomaly_seasonal,Previous_Solar_MJm2__anomaly,0.0,69
River_Bure_Belaugh,absolute_anomaly_seasonal,Current_AirTemp__anomaly,0.5287047346643009,69
River_Bure_Belaugh,absolute_anomaly_seasonal,Current_Humidity__anomaly,0.26195995034213787,69
River_Bure_Belaugh,absolute_anomaly_seasonal,Current_Rain__anomaly,0.5033587109416813,69
River_Bure_Belaugh,absolute_anomaly_seasonal,Current_Rain_wetdays__anomaly,1.9347514755509851,69
River_Bure_Belaugh,absolute_anomaly_seasonal,Current_Rain_exceed_10mm__anomaly,5.3708612669959095,69
River_Bure_Belaugh,absolute_anomaly_seasonal,Current_Rain_rx1day__anomaly,2.4820449657146586,69
River_Bure_Belaugh,absolute_anomaly_seasonal,Current_Rain_rx3day__anomaly,1.9774157092975508,69
River_Bure_Belaugh,absolute_anomaly_seasonal,Current_Sunlight__anomaly,0.0,69
River_Bure_Belaugh,absolute_anomaly_seasonal,Current_Solar_MJm2__anomaly,0.5652202196472083,69
River_Bure_Belaugh,absolute_anomaly_seasonal,Forecast_AirTemp__anomaly,3.599665123122341,69
River_Bure_Belaugh,absolute_anomaly_seasonal,Forecast_Humidity__anomaly,0.6765281155197387,69
River_Bure_Belaugh,absolute_anomaly_seasonal,Forecast_Rain__anomaly,5.558038909724943,69
River_Bure_Belaugh,absolute_anomaly_seasonal,Forecast_Rain_wetdays__anomaly,1.316715573769269,69
River_Bure_Belaugh,absolute_anomaly_seasonal,Forecast_Rain_exceed_10mm__anomaly,0.6820917631805734,69
River_Bure_Belaugh,absolute_anomaly_seasonal,Forecast_Rain_rx1day__anomaly,0.6042552936938058,69
River_Bure_Belaugh,absolute_anomaly_seasonal,Forecast_Rain_rx3day__anomaly,0.11760509026818448,69
River_Bure_Belaugh,absolute_anomaly_seasonal,Forecast_Sunlight__anomaly,0.0,69
River_Bure_Belaugh,absolute_anomaly_seasonal,Forecast_Solar_MJm2__anomaly,1.3083780893777361,69
River_Bure_Belaugh,absolute_anomaly_seasonal,Month_Sin,0.2387561874289793,69
River_Bure_Belaugh,absolute_anomaly_seasonal,Month_Cos,0.3374577483276809,69
River_Bure_Belaugh,absolute_anomaly_seasonal,CSO_Individual_CSO_000010,0.8699893081533716,69
River_Bure_Belaugh,absolute_anomaly_seasonal,CSO_Individual_CSO_000036,1.9302383659684759,69
River_Bure_Belaugh,absolute_anomaly_seasonal,CSO_Individual_CSO_000127,0.4565683757321427,69
River_Bure_Belaugh,absolute_anomaly_seasonal,CSO_Network_0_10km_count,0.0,69
River_Bure_Belaugh,absolute_anomaly_seasonal,CSO_Network_0_10km_max,0.2697730814515911,69
River_Bure_Belaugh,absolute_anomaly_seasonal,CSO_Network_0_10km_mean,0.0005864490195617376,69
River_Bure_Belaugh,absolute_anomaly_seasonal,CSO_Network_10_20km_count,0.0,69
River_Bure_Belaugh,absolute_anomaly_seasonal,CSO_Network_10_20km_max,0.6392049978687523,69
River_Bure_Belaugh,absolute_anomaly_seasonal,CSO_Network_10_20km_mean,0.0,69
River_Bure_Belaugh,absolute_anomaly_seasonal,CSO_Network_20_30km_count,0.0,69
River_Bure_Belaugh,absolute_anomaly_seasonal,CSO_Network_20_30km_max,0.04174418068849171,69
River_Bure_Belaugh,absolute_anomaly_seasonal,CSO_Network_20_30km_mean,0.003539271338311907,69
River_Bure_Belaugh,absolute_anomaly_seasonal,CSO_Network_30_40km_count,0.0,69
River_Bure_Belaugh,absolute_anomaly_seasonal,CSO_Network_30_40km_max,0.0,69
River_Bure_Belaugh,absolute_anomaly_seasonal,CSO_Network_30_40km_mean,0.0,69
River_Chelmer_Langford,absolute_anomaly_seasonal,Roll3_AirTemp,0.3368415166854667,69
River_Chelmer_Langford,absolute_anomaly_seasonal,Roll3_Humidity,0.2139199745571357,69
River_Chelmer_Langford,absolute_anomaly_seasonal,Roll3_Rain,0.1383721047085331,69
River_Chelmer_Langford,absolute_anomaly_seasonal,Roll3_Rain_wetdays,0.6027057014102503,69
River_Chelmer_Langford,absolute_anomaly_seasonal,Roll3_Rain_exceed_10mm,0.2747341282018602,69
River_Chelmer_Langford,absolute_anomaly_seasonal,Roll3_Rain_rx1day,0.16126268407870673,69
River_Chelmer_Langford,absolute_anomaly_seasonal,Roll3_Rain_rx3day,0.15322697957737436,69
River_Chelmer_Langford,absolute_anomaly_seasonal,Roll3_Sunlight,1.3669439772321001,69
River_Chelmer_Langford,absolute_anomaly_seasonal,Roll3_Solar_MJm2,0.0,69
River_Chelmer_Langford,absolute_anomaly_seasonal,Roll6_AirTemp,0.9911514343815003,69
River_Chelmer_Langford,absolute_anomaly_seasonal,Roll6_Humidity,1.187982792013427,69
River_Chelmer_Langford,absolute_anomaly_seasonal,Roll6_Rain,0.21467097044689884,69
River_Chelmer_Langford,absolute_anomaly_seasonal,Roll6_Rain_wetdays,0.6160325660986848,69
River_Chelmer_Langford,absolute_anomaly_seasonal,Roll6_Rain_exceed_10mm,0.7132003705642113,69
River_Chelmer_Langford,absolute_anomaly_seasonal,Roll6_Rain_rx1day,1.993957577599965,69
River_Chelmer_Langford,absolute_anomaly_seasonal,Roll6_Rain_rx3day,3.1959573079848327,69
River_Chelmer_Langford,absolute_anomaly_seasonal,Roll6_Sunlight,1.151477115160248,69
River_Chelmer_Langford,absolute_anomaly_seasonal,Roll6_Solar_MJm2,0.0,69
River_Chelmer_Langford,absolute_anomaly_seasonal,Previous_AirTemp,0.17005161953808734,69
River_Chelmer_Langford,absolute_anomaly_seasonal,Previous_Humidity,0.2978626300034914,69
River_Chelmer_Langford,absolute_anomaly_seasonal,Previous_Rain,1.210610976015048,69
River_Chelmer_Langford,absolute_anomaly_seasonal,Previous_Rain_wetdays,0.20042316607973848,69
River_Chelmer_Langford,absolute_anomaly_seasonal,Previous_Rain_exceed_10mm,1.3187100622674401,69
River_Chelmer_Langford,absolute_anomaly_seasonal,Previous_Rain_rx1day,0.20439665947991312,69
River_Chelmer_Langford,absolute_anomaly_seasonal,Previous_Rain_rx3day,0.4232851446313172,69
River_Chelmer_Langford,absolute_anomaly_seasonal,Previous_Sunlight,0.31640195961487116,69
River_Chelmer_Langford,absolute_anomaly_seasonal,Previous_Solar_MJm2,0.0,69
River_Chelmer_Langford,absolute_anomaly_seasonal,Current_AirTemp,2.2838329489901934,69
River_Chelmer_Langford,absolute_anomaly_seasonal,Current_Humidity,0.9382915871348554,69
River_Chelmer_Langford,absolute_anomaly_seasonal,Current_Rain,1.0811199892361598,69
River_Chelmer_Langford,absolute_anomaly_seasonal,Current_Rain_wetdays,0.8025966951545613,69
River_Chelmer_Langford,absolute_anomaly_seasonal,Current_Rain_exceed_10mm,0.5393901154934205,69
River_Chelmer_Langford,absolute_anomaly_seasonal,Current_Rain_rx1day,0.280370851781633,69
River_Chelmer_Langford,absolute_anomaly_seasonal,Current_Rain_rx3day,0.4315253739723015,69
River_Chelmer_Langford,absolute_anomaly_seasonal,Current_Sunlight,0.0,69
River_Chelmer_Langford,absolute_anomaly_seasonal,Current_Solar_MJm2,0.6237655485959308,69
River_Chelmer_Langford,absolute_anomaly_seasonal,Forecast_AirTemp,4.645694077676309,69
River_Chelmer_Langford,absolute_anomaly_seasonal,Forecast_Humidity,3.981657970178106,69
River_Chelmer_Langford,absolute_anomaly_seasonal,Forecast_Rain,1.0793235040476956,69
River_Chelmer_Langford,absolute_anomaly_seasonal,Forecast_Rain_wetdays,2.5856931921180606,69
River_Chelmer_Langford,absolute_anomaly_seasonal,Forecast_Rain_exceed_10mm,0.28097945363922144,69
River_Chelmer_Langford,absolute_anomaly_seasonal,Forecast_Rain_rx1day,1.1678601925579197,69
River_Chelmer_Langford,absolute_anomaly_seasonal,Forecast_Rain_rx3day,0.5621487741063583,69
River_Chelmer_Langford,absolute_anomaly_seasonal,Forecast_Sunlight,0.0,69
River_Chelmer_Langford,absolute_anomaly_seasonal,Forecast_Solar_MJm2,22.442661421259388,69
River_Chelmer_Langford,absolute_anomaly_seasonal,Roll3_AirTemp__anomaly,0.4252350165482846,69
River_Chelmer_Langford,absolute_anomaly_seasonal,Roll3_Humidity__anomaly,0.20609392504947602,69
River_Chelmer_Langford,absolute_anomaly_seasonal,Roll3_Rain__anomaly,0.5360744434119341,69
River_Chelmer_Langford,absolute_anomaly_seasonal,Roll3_Rain_wetdays__anomaly,0.5561211168495603,69
River_Chelmer_Langford,absolute_anomaly_seasonal,Roll3_Rain_exceed_10mm__anomaly,0.5906427580050456,69
River_Chelmer_Langford,absolute_anomaly_seasonal,Roll3_Rain_rx1day__anomaly,1.5490523173384814,69
River_Chelmer_Langford,absolute_anomaly_seasonal,Roll3_Rain_rx3day__anomaly,0.2606403763647074,69
River_Chelmer_Langford,absolute_anomaly_seasonal,Roll3_Sunlight__anomaly,0.6721235487792392,69
River_Chelmer_Langford,absolute_anomaly_seasonal,Roll3_Solar_MJm2__anomaly,0.0,69
River_Chelmer_Langford,absolute_anomaly_seasonal,Roll6_AirTemp__anomaly,0.24761266843674168,69
River_Chelmer_Langford,absolute_anomaly_seasonal,Roll6_Humidity__anomaly,0.2841435715664379,69
River_Chelmer_Langford,absolute_anomaly_seasonal,Roll6_Rain__anomaly,0.20027090780984286,69
River_Chelmer_Langford,absolute_anomaly_seasonal,Roll6_Rain_wetdays__anomaly,0.2259776638691341,69
River_Chelmer_Langford,absolute_anomaly_seasonal,Roll6_Rain_exceed_10mm__anomaly,0.5878959786219028,69
River_Chelmer_Langford,absolute_anomaly_seasonal,Roll6_Rain_rx1day__anomaly,0.8769203316535431,69
River_Chelmer_Langford,absolute_anomaly_seasonal,Roll6_Rain_rx3day__anomaly,0.4883381802281031,69
River_Chelmer_Langford,absolute_anomaly_seasonal,Roll6_Sunlight__anomaly,0.42430228660134767,69
River_Chelmer_Langford,absolute_anomaly_seasonal,Roll6_Solar_MJm2__anomaly,0.0,69
River_Chelmer_Langford,absolute_anomaly_seasonal,Previous_AirTemp__anomaly,0.48069173822402916,69
River_Chelmer_Langford,absolute_anomaly_seasonal,Previous_Humidity__anomaly,0.3290697321485289,69
River_Chelmer_Langford,absolute_anomaly_seasonal,Previous_Rain__anomaly,0.7623091486200244,69
River_Chelmer_Langford,absolute_anomaly_seasonal,Previous_Rain_wetdays__anomaly,0.4353957715512922,69
River_Chelmer_Langford,absolute_anomaly_seasonal,Previous_Rain_exceed_10mm__anomaly,1.332802611408902,69
River_Chelmer_Langford,absolute_anomaly_seasonal,Previous_Rain_rx1day__anomaly,0.5173197271563886,69
River_Chelmer_Langford,absolute_anomaly_seasonal,Previous_Rain_rx3day__anomaly,0.5756006006747054,69
River_Chelmer_Langford,absolute_anomaly_seasonal,Previous_Sunlight__anomaly,0.22581842700791857,69
River_Chelmer_Langford,absolute_anomaly_seasonal,Previous_Solar_MJm2__anomaly,0.0,69
River_Chelmer_Langford,absolute_anomaly_seasonal,Current_AirTemp__anomaly,0.8054661236408617,69
River_Chelmer_Langford,absolute_anomaly_seasonal,Current_Humidity__anomaly,0.32519242498448225,69
River_Chelmer_Langford,absolute_anomaly_seasonal,Current_Rain__anomaly,0.40603207341621445,69
River_Chelmer_Langford,absolute_anomaly_seasonal,Current_Rain_wetdays__anomaly,0.5322994476241373,69
River_Chelmer_Langford,absolute_anomaly_seasonal,Current_Rain_exceed_10mm__anomaly,2.9229537961499172,69
River_Chelmer_Langford,absolute_anomaly_seasonal,Current_Rain_rx1day__anomaly,0.21649509539573214,69
River_Chelmer_Langford,absolute_anomaly_seasonal,Current_Rain_rx3day__anomaly,0.43869074175399897,69
River_Chelmer_Langford,absolute_anomaly_seasonal,Current_Sunlight__anomaly,0.0,69
River_Chelmer_Langford,absolute_anomaly_seasonal,Current_Solar_MJm2__anomaly,0.33696165553904367,69
River_Chelmer_Langford,absolute_anomaly_seasonal,Forecast_AirTemp__anomaly,0.1732089973077935,69
River_Chelmer_Langford,absolute_anomaly_seasonal,Forecast_Humidity__anomaly,0.3190427262287766,69
River_Chelmer_Langford,absolute_anomaly_seasonal,Forecast_Rain__anomaly,0.5100550145542646,69
River_Chelmer_Langford,absolute_anomaly_seasonal,Forecast_Rain_wetdays__anomaly,0.43609135819385564,69
River_Chelmer_Langford,absolute_anomaly_seasonal,Forecast_Rain_exceed_10mm__anomaly,2.613568562122361,69
River_Chelmer_Langford,absolute_anomaly_seasonal,Forecast_Rain_rx1day__anomaly,0.2083408269279494,69
River_Chelmer_Langford,absolute_anomaly_seasonal,Forecast_Rain_rx3day__anomaly,0.34715397265812675,69
River_Chelmer_Langford,absolute_anomaly_seasonal,Forecast_Sunlight__anomaly,0.0,69
River_Chelmer_Langford,absolute_anomaly_seasonal,Forecast_Solar_MJm2__anomaly,2.7341444280493072,69
River_Chelmer_Langford,absolute_anomaly_seasonal,Month_Sin,0.08883263577129409,69
River_Chelmer_Langford,absolute_anomaly_seasonal,Month_Cos,0.5458629927320996,69
River_Chelmer_Langford,absolute_anomaly_seasonal,CSO_Individual_CSO_000205,0.20722816766092836,69
River_Chelmer_Langford,absolute_anomaly_seasonal,CSO_Individual_CSO_000318,1.2095213529825246,69
River_Chelmer_Langford,absolute_anomaly_seasonal,CSO_Individual_CSO_000396,1.0775391525266613,69
River_Chelmer_Langford,absolute_anomaly_seasonal,CSO_Individual_CSO_000475,0.3546418199445,69
River_Chelmer_Langford,absolute_anomaly_seasonal,CSO_Individual_CSO_000499,0.17031321921643522,69
River_Chelmer_Langford,absolute_anomaly_seasonal,CSO_Individual_CSO_000540,1.1033783546117069,69
River_Chelmer_Langford,absolute_anomaly_seasonal,CSO_Individual_CSO_001031,0.6580811529666607,69
River_Chelmer_Langford,absolute_anomaly_seasonal,CSO_Individual_CSO_001237,0.24916388645434803,69
River_Chelmer_Langford,absolute_anomaly_seasonal,CSO_Network_0_10km_count,0.0,69
River_Chelmer_Langford,absolute_anomaly_seasonal,CSO_Network_0_10km_max,1.0166271128819866,69
River_Chelmer_Langford,absolute_anomaly_seasonal,CSO_Network_0_10km_mean,0.0964159256890896,69
River_Chelmer_Langford,absolute_anomaly_seasonal,CSO_Network_10_20km_count,0.0,69
River_Chelmer_Langford,absolute_anomaly_seasonal,CSO_Network_10_20km_max,0.09029303270502721,69
River_Chelmer_Langford,absolute_anomaly_seasonal,CSO_Network_10_20km_mean,0.033851375154419765,69
River_Chelmer_Langford,absolute_anomaly_seasonal,CSO_Network_20_30km_count,0.0,69
River_Chelmer_Langford,absolute_anomaly_seasonal,CSO_Network_20_30km_max,0.15939193693479367,69
River_Chelmer_Langford,absolute_anomaly_seasonal,CSO_Network_20_30km_mean,0.000546161922094685,69
River_Chelmer_Langford,absolute_anomaly_seasonal,CSO_Network_30_40km_count,0.0,69
River_Chelmer_Langford,absolute_anomaly_seasonal,CSO_Network_30_40km_max,0.04647506177886579,69
River_Chelmer_Langford,absolute_anomaly_seasonal,CSO_Network_30_40km_mean,3.354146508937707e-05,69
River_Chelmer_Langford,absolute_anomaly_seasonal,CSO_Network_40_50km_count,0.0,69
River_Chelmer_Langford,absolute_anomaly_seasonal,CSO_Network_40_50km_max,0.3275596766231106,69
River_Chelmer_Langford,absolute_anomaly_seasonal,CSO_Network_40_50km_mean,0.003230320440597534,69
River_Chelmer_Langford,absolute_anomaly_seasonal,CSO_Network_50_60km_count,0.0,69
River_Chelmer_Langford,absolute_anomaly_seasonal,CSO_Network_50_60km_max,5.263395142565835,69
River_Chelmer_Langford,absolute_anomaly_seasonal,CSO_Network_50_60km_mean,0.00037677022628378057,69
River_Dee_Invercannie,absolute_anomaly_seasonal,Roll3_AirTemp,0.26777695180784666,69
River_Dee_Invercannie,absolute_anomaly_seasonal,Roll3_Humidity,0.5280254783959416,69
River_Dee_Invercannie,absolute_anomaly_seasonal,Roll3_Rain,0.5429594945106423,69
River_Dee_Invercannie,absolute_anomaly_seasonal,Roll3_Rain_wetdays,0.4466540363848014,69
River_Dee_Invercannie,absolute_anomaly_seasonal,Roll3_Rain_exceed_10mm,0.5681426764231875,69
River_Dee_Invercannie,absolute_anomaly_seasonal,Roll3_Rain_rx1day,0.9950065197530232,69
River_Dee_Invercannie,absolute_anomaly_seasonal,Roll3_Rain_rx3day,0.37003215768739084,69
River_Dee_Invercannie,absolute_anomaly_seasonal,Roll3_Sunlight,1.7358207966515196,69
River_Dee_Invercannie,absolute_anomaly_seasonal,Roll3_Solar_MJm2,0.0,69
River_Dee_Invercannie,absolute_anomaly_seasonal,Roll6_AirTemp,0.4664373173704955,69
River_Dee_Invercannie,absolute_anomaly_seasonal,Roll6_Humidity,2.326539453483624,69
River_Dee_Invercannie,absolute_anomaly_seasonal,Roll6_Rain,0.7995445999607709,69
River_Dee_Invercannie,absolute_anomaly_seasonal,Roll6_Rain_wetdays,1.6869504830783124,69
River_Dee_Invercannie,absolute_anomaly_seasonal,Roll6_Rain_exceed_10mm,0.5467281424098509,69
River_Dee_Invercannie,absolute_anomaly_seasonal,Roll6_Rain_rx1day,1.093064109928936,69
River_Dee_Invercannie,absolute_anomaly_seasonal,Roll6_Rain_rx3day,1.0195243867830537,69
River_Dee_Invercannie,absolute_anomaly_seasonal,Roll6_Sunlight,1.3333609529116628,69
River_Dee_Invercannie,absolute_anomaly_seasonal,Roll6_Solar_MJm2,0.0,69
River_Dee_Invercannie,absolute_anomaly_seasonal,Previous_AirTemp,0.5460847107662155,69
River_Dee_Invercannie,absolute_anomaly_seasonal,Previous_Humidity,1.588828880109973,69
River_Dee_Invercannie,absolute_anomaly_seasonal,Previous_Rain,2.6150207832667274,69
River_Dee_Invercannie,absolute_anomaly_seasonal,Previous_Rain_wetdays,0.6346973892732929,69
River_Dee_Invercannie,absolute_anomaly_seasonal,Previous_Rain_exceed_10mm,2.205805174157191,69
River_Dee_Invercannie,absolute_anomaly_seasonal,Previous_Rain_rx1day,2.032084710579487,69
River_Dee_Invercannie,absolute_anomaly_seasonal,Previous_Rain_rx3day,0.8581725592955959,69
River_Dee_Invercannie,absolute_anomaly_seasonal,Previous_Sunlight,0.7763806699976827,69
River_Dee_Invercannie,absolute_anomaly_seasonal,Previous_Solar_MJm2,0.0,69
River_Dee_Invercannie,absolute_anomaly_seasonal,Current_AirTemp,0.4303032223595073,69
River_Dee_Invercannie,absolute_anomaly_seasonal,Current_Humidity,0.8567309269018243,69
River_Dee_Invercannie,absolute_anomaly_seasonal,Current_Rain,0.5206174237104889,69
River_Dee_Invercannie,absolute_anomaly_seasonal,Current_Rain_wetdays,0.5167881328857631,69
River_Dee_Invercannie,absolute_anomaly_seasonal,Current_Rain_exceed_10mm,1.0881972100342423,69
River_Dee_Invercannie,absolute_anomaly_seasonal,Current_Rain_rx1day,0.8148024062327561,69
River_Dee_Invercannie,absolute_anomaly_seasonal,Current_Rain_rx3day,0.9169511221877474,69
River_Dee_Invercannie,absolute_anomaly_seasonal,Current_Sunlight,0.0,69
River_Dee_Invercannie,absolute_anomaly_seasonal,Current_Solar_MJm2,0.4436719461560496,69
River_Dee_Invercannie,absolute_anomaly_seasonal,Forecast_AirTemp,0.46011722902325586,69
River_Dee_Invercannie,absolute_anomaly_seasonal,Forecast_Humidity,1.5876904418579563,69
River_Dee_Invercannie,absolute_anomaly_seasonal,Forecast_Rain,1.2169624912831318,69
River_Dee_Invercannie,absolute_anomaly_seasonal,Forecast_Rain_wetdays,5.328240925388271,69
River_Dee_Invercannie,absolute_anomaly_seasonal,Forecast_Rain_exceed_10mm,1.4967176418078916,69
River_Dee_Invercannie,absolute_anomaly_seasonal,Forecast_Rain_rx1day,0.6790633095385917,69
River_Dee_Invercannie,absolute_anomaly_seasonal,Forecast_Rain_rx3day,1.3437807651057732,69
River_Dee_Invercannie,absolute_anomaly_seasonal,Forecast_Sunlight,0.0,69
River_Dee_Invercannie,absolute_anomaly_seasonal,Forecast_Solar_MJm2,0.9398093683073462,69
River_Dee_Invercannie,absolute_anomaly_seasonal,Roll3_AirTemp__anomaly,1.3311990968651461,69
River_Dee_Invercannie,absolute_anomaly_seasonal,Roll3_Humidity__anomaly,1.2104755501378235,69
River_Dee_Invercannie,absolute_anomaly_seasonal,Roll3_Rain__anomaly,0.7118776917776539,69
River_Dee_Invercannie,absolute_anomaly_seasonal,Roll3_Rain_wetdays__anomaly,0.5103050728208508,69
River_Dee_Invercannie,absolute_anomaly_seasonal,Roll3_Rain_exceed_10mm__anomaly,0.9340180784173278,69
River_Dee_Invercannie,absolute_anomaly_seasonal,Roll3_Rain_rx1day__anomaly,1.12986539838997,69
River_Dee_Invercannie,absolute_anomaly_seasonal,Roll3_Rain_rx3day__anomaly,0.6608566380197044,69
River_Dee_Invercannie,absolute_anomaly_seasonal,Roll3_Sunlight__anomaly,1.5904722333306331,69
River_Dee_Invercannie,absolute_anomaly_seasonal,Roll3_Solar_MJm2__anomaly,0.0,69
River_Dee_Invercannie,absolute_anomaly_seasonal,Roll6_AirTemp__anomaly,1.193126058353609,69
River_Dee_Invercannie,absolute_anomaly_seasonal,Roll6_Humidity__anomaly,1.727721410219413,69
River_Dee_Invercannie,absolute_anomaly_seasonal,Roll6_Rain__anomaly,1.8227270441510315,69
River_Dee_Invercannie,absolute_anomaly_seasonal,Roll6_Rain_wetdays__anomaly,1.6805750415042697,69
River_Dee_Invercannie,absolute_anomaly_seasonal,Roll6_Rain_exceed_10mm__anomaly,1.758659640636609,69
River_Dee_Invercannie,absolute_anomaly_seasonal,Roll6_Rain_rx1day__anomaly,1.115037792325361,69
River_Dee_Invercannie,absolute_anomaly_seasonal,Roll6_Rain_rx3day__anomaly,0.22629131844297887,69
River_Dee_Invercannie,absolute_anomaly_seasonal,Roll6_Sunlight__anomaly,0.9849586928990732,69
River_Dee_Invercannie,absolute_anomaly_seasonal,Roll6_Solar_MJm2__anomaly,0.0,69
River_Dee_Invercannie,absolute_anomaly_seasonal,Previous_AirTemp__anomaly,0.6209763818200996,69
River_Dee_Invercannie,absolute_anomaly_seasonal,Previous_Humidity__anomaly,0.9313385702431587,69
River_Dee_Invercannie,absolute_anomaly_seasonal,Previous_Rain__anomaly,0.738467284896591,69
River_Dee_Invercannie,absolute_anomaly_seasonal,Previous_Rain_wetdays__anomaly,0.8828588949812193,69
River_Dee_Invercannie,absolute_anomaly_seasonal,Previous_Rain_exceed_10mm__anomaly,1.850532434337355,69
River_Dee_Invercannie,absolute_anomaly_seasonal,Previous_Rain_rx1day__anomaly,0.9467252416212908,69
River_Dee_Invercannie,absolute_anomaly_seasonal,Previous_Rain_rx3day__anomaly,2.910260314548629,69
River_Dee_Invercannie,absolute_anomaly_seasonal,Previous_Sunlight__anomaly,1.600341817364188,69
River_Dee_Invercannie,absolute_anomaly_seasonal,Previous_Solar_MJm2__anomaly,0.0,69
River_Dee_Invercannie,absolute_anomaly_seasonal,Current_AirTemp__anomaly,0.949791898518058,69
River_Dee_Invercannie,absolute_anomaly_seasonal,Current_Humidity__anomaly,2.573431484137111,69
River_Dee_Invercannie,absolute_anomaly_seasonal,Current_Rain__anomaly,1.5214113952421642,69
River_Dee_Invercannie,absolute_anomaly_seasonal,Current_Rain_wetdays__anomaly,1.2837997505107694,69
River_Dee_Invercannie,absolute_anomaly_seasonal,Current_Rain_exceed_10mm__anomaly,0.6447049205342105,69
River_Dee_Invercannie,absolute_anomaly_seasonal,Current_Rain_rx1day__anomaly,2.161946138150202,69
River_Dee_Invercannie,absolute_anomaly_seasonal,Current_Rain_rx3day__anomaly,0.8672392853261709,69
River_Dee_Invercannie,absolute_anomaly_seasonal,Current_Sunlight__anomaly,0.0,69
River_Dee_Invercannie,absolute_anomaly_seasonal,Current_Solar_MJm2__anomaly,1.4597828314644579,69
River_Dee_Invercannie,absolute_anomaly_seasonal,Forecast_AirTemp__anomaly,2.3056001288637527,69
River_Dee_Invercannie,absolute_anomaly_seasonal,Forecast_Humidity__anomaly,1.8004344001959398,69
River_Dee_Invercannie,absolute_anomaly_seasonal,Forecast_Rain__anomaly,2.822393444688217,69
River_Dee_Invercannie,absolute_anomaly_seasonal,Forecast_Rain_wetdays__anomaly,1.7412279884660904,69
River_Dee_Invercannie,absolute_anomaly_seasonal,Forecast_Rain_exceed_10mm__anomaly,2.9846757150969223,69
River_Dee_Invercannie,absolute_anomaly_seasonal,Forecast_Rain_rx1day__anomaly,0.67950493845087,69
River_Dee_Invercannie,absolute_anomaly_seasonal,Forecast_Rain_rx3day__anomaly,1.462342660789291,69
River_Dee_Invercannie,absolute_anomaly_seasonal,Forecast_Sunlight__anomaly,0.0,69
River_Dee_Invercannie,absolute_anomaly_seasonal,Forecast_Solar_MJm2__anomaly,0.6349116558730447,69
River_Dee_Invercannie,absolute_anomaly_seasonal,Month_Sin,0.38873354754300327,69
River_Dee_Invercannie,absolute_anomaly_seasonal,Month_Cos,0.024313120277921742,69
River_Derwent_Elvington_2,absolute_anomaly_seasonal,Roll3_AirTemp,0.29880946670724134,69
River_Derwent_Elvington_2,absolute_anomaly_seasonal,Roll3_Humidity,0.27835154229130743,69
River_Derwent_Elvington_2,absolute_anomaly_seasonal,Roll3_Rain,0.38035180257244466,69
River_Derwent_Elvington_2,absolute_anomaly_seasonal,Roll3_Rain_wetdays,0.5439945439983995,69
River_Derwent_Elvington_2,absolute_anomaly_seasonal,Roll3_Rain_exceed_10mm,0.8658707313747044,69
River_Derwent_Elvington_2,absolute_anomaly_seasonal,Roll3_Rain_rx1day,0.59362880812225,69
River_Derwent_Elvington_2,absolute_anomaly_seasonal,Roll3_Rain_rx3day,0.4923423820217871,69
River_Derwent_Elvington_2,absolute_anomaly_seasonal,Roll3_Sunlight,0.25819311715413956,69
River_Derwent_Elvington_2,absolute_anomaly_seasonal,Roll3_Solar_MJm2,0.0,69
River_Derwent_Elvington_2,absolute_anomaly_seasonal,Roll6_AirTemp,0.3419803904689959,69
River_Derwent_Elvington_2,absolute_anomaly_seasonal,Roll6_Humidity,1.446865543600193,69
River_Derwent_Elvington_2,absolute_anomaly_seasonal,Roll6_Rain,0.35771598736232524,69
River_Derwent_Elvington_2,absolute_anomaly_seasonal,Roll6_Rain_wetdays,0.7209099130591876,69
River_Derwent_Elvington_2,absolute_anomaly_seasonal,Roll6_Rain_exceed_10mm,0.27664378824832914,69
River_Derwent_Elvington_2,absolute_anomaly_seasonal,Roll6_Rain_rx1day,0.27675674459694183,69
River_Derwent_Elvington_2,absolute_anomaly_seasonal,Roll6_Rain_rx3day,8.720975217912294,69
River_Derwent_Elvington_2,absolute_anomaly_seasonal,Roll6_Sunlight,0.43394032836166546,69
River_Derwent_Elvington_2,absolute_anomaly_seasonal,Roll6_Solar_MJm2,0.0,69
River_Derwent_Elvington_2,absolute_anomaly_seasonal,Previous_AirTemp,1.6741096736563221,69
River_Derwent_Elvington_2,absolute_anomaly_seasonal,Previous_Humidity,0.7957380101187398,69
River_Derwent_Elvington_2,absolute_anomaly_seasonal,Previous_Rain,0.39702444896718897,69
River_Derwent_Elvington_2,absolute_anomaly_seasonal,Previous_Rain_wetdays,0.4599129442755949,69
River_Derwent_Elvington_2,absolute_anomaly_seasonal,Previous_Rain_exceed_10mm,0.34262201501269207,69
River_Derwent_Elvington_2,absolute_anomaly_seasonal,Previous_Rain_rx1day,2.6283947770366534,69
River_Derwent_Elvington_2,absolute_anomaly_seasonal,Previous_Rain_rx3day,2.0692924489253843,69
River_Derwent_Elvington_2,absolute_anomaly_seasonal,Previous_Sunlight,0.5351274439034658,69
River_Derwent_Elvington_2,absolute_anomaly_seasonal,Previous_Solar_MJm2,0.0,69
River_Derwent_Elvington_2,absolute_anomaly_seasonal,Current_AirTemp,0.26358082260333865,69
River_Derwent_Elvington_2,absolute_anomaly_seasonal,Current_Humidity,3.290189694487669,69
River_Derwent_Elvington_2,absolute_anomaly_seasonal,Current_Rain,0.8762330570683013,69
River_Derwent_Elvington_2,absolute_anomaly_seasonal,Current_Rain_wetdays,3.1189817096563335,69
River_Derwent_Elvington_2,absolute_anomaly_seasonal,Current_Rain_exceed_10mm,1.0471274483815018,69
River_Derwent_Elvington_2,absolute_anomaly_seasonal,Current_Rain_rx1day,0.8379905848557467,69
River_Derwent_Elvington_2,absolute_anomaly_seasonal,Current_Rain_rx3day,1.0864704208657165,69
River_Derwent_Elvington_2,absolute_anomaly_seasonal,Current_Sunlight,0.0,69
River_Derwent_Elvington_2,absolute_anomaly_seasonal,Current_Solar_MJm2,0.9366494828689845,69
River_Derwent_Elvington_2,absolute_anomaly_seasonal,Forecast_AirTemp,1.3691713190582429,69
River_Derwent_Elvington_2,absolute_anomaly_seasonal,Forecast_Humidity,2.909259227068176,69
River_Derwent_Elvington_2,absolute_anomaly_seasonal,Forecast_Rain,0.856010056445772,69
River_Derwent_Elvington_2,absolute_anomaly_seasonal,Forecast_Rain_wetdays,0.953185234604359,69
River_Derwent_Elvington_2,absolute_anomaly_seasonal,Forecast_Rain_exceed_10mm,0.9036225880068737,69
River_Derwent_Elvington_2,absolute_anomaly_seasonal,Forecast_Rain_rx1day,0.7703677184010322,69
River_Derwent_Elvington_2,absolute_anomaly_seasonal,Forecast_Rain_rx3day,1.140139203655501,69
River_Derwent_Elvington_2,absolute_anomaly_seasonal,Forecast_Sunlight,0.0,69
River_Derwent_Elvington_2,absolute_anomaly_seasonal,Forecast_Solar_MJm2,0.5854098282393885,69
River_Derwent_Elvington_2,absolute_anomaly_seasonal,Roll3_AirTemp__anomaly,0.873659870372643,69
River_Derwent_Elvington_2,absolute_anomaly_seasonal,Roll3_Humidity__anomaly,0.7202455747265541,69
River_Derwent_Elvington_2,absolute_anomaly_seasonal,Roll3_Rain__anomaly,0.628025898803813,69
River_Derwent_Elvington_2,absolute_anomaly_seasonal,Roll3_Rain_wetdays__anomaly,0.2656972306326276,69
River_Derwent_Elvington_2,absolute_anomaly_seasonal,Roll3_Rain_exceed_10mm__anomaly,0.8099683866018693,69
River_Derwent_Elvington_2,absolute_anomaly_seasonal,Roll3_Rain_rx1day__anomaly,0.6590187868753268,69
River_Derwent_Elvington_2,absolute_anomaly_seasonal,Roll3_Rain_rx3day__anomaly,4.9330036553542875,69
River_Derwent_Elvington_2,absolute_anomaly_seasonal,Roll3_Sunlight__anomaly,0.8304112253265052,69
River_Derwent_Elvington_2,absolute_anomaly_seasonal,Roll3_Solar_MJm2__anomaly,0.0,69
River_Derwent_Elvington_2,absolute_anomaly_seasonal,Roll6_AirTemp__anomaly,0.867365275700848,69
River_Derwent_Elvington_2,absolute_anomaly_seasonal,Roll6_Humidity__anomaly,1.39543352424222,69
River_Derwent_Elvington_2,absolute_anomaly_seasonal,Roll6_Rain__anomaly,0.761797330034758,69
River_Derwent_Elvington_2,absolute_anomaly_seasonal,Roll6_Rain_wetdays__anomaly,1.0626218975581168,69
River_Derwent_Elvington_2,absolute_anomaly_seasonal,Roll6_Rain_exceed_10mm__anomaly,0.9977695971589418,69
River_Derwent_Elvington_2,absolute_anomaly_seasonal,Roll6_Rain_rx1day__anomaly,2.4584469594939007,69
River_Derwent_Elvington_2,absolute_anomaly_seasonal,Roll6_Rain_rx3day__anomaly,2.641123161157558,69
River_Derwent_Elvington_2,absolute_anomaly_seasonal,Roll6_Sunlight__anomaly,1.9266534738164272,69
River_Derwent_Elvington_2,absolute_anomaly_seasonal,Roll6_Solar_MJm2__anomaly,0.0,69
River_Derwent_Elvington_2,absolute_anomaly_seasonal,Previous_AirTemp__anomaly,1.1125642512214415,69
River_Derwent_Elvington_2,absolute_anomaly_seasonal,Previous_Humidity__anomaly,1.418626529293904,69
River_Derwent_Elvington_2,absolute_anomaly_seasonal,Previous_Rain__anomaly,0.27115613028265784,69
River_Derwent_Elvington_2,absolute_anomaly_seasonal,Previous_Rain_wetdays__anomaly,0.5049908789154579,69
River_Derwent_Elvington_2,absolute_anomaly_seasonal,Previous_Rain_exceed_10mm__anomaly,0.700520643983085,69
River_Derwent_Elvington_2,absolute_anomaly_seasonal,Previous_Rain_rx1day__anomaly,0.5418662973102547,69
River_Derwent_Elvington_2,absolute_anomaly_seasonal,Previous_Rain_rx3day__anomaly,0.6587958127388991,69
River_Derwent_Elvington_2,absolute_anomaly_seasonal,Previous_Sunlight__anomaly,0.7278416838332525,69
River_Derwent_Elvington_2,absolute_anomaly_seasonal,Previous_Solar_MJm2__anomaly,0.0,69
River_Derwent_Elvington_2,absolute_anomaly_seasonal,Current_AirTemp__anomaly,1.0340923814919758,69
River_Derwent_Elvington_2,absolute_anomaly_seasonal,Current_Humidity__anomaly,1.626215392631146,69
River_Derwent_Elvington_2,absolute_anomaly_seasonal,Current_Rain__anomaly,1.2350839406277148,69
River_Derwent_Elvington_2,absolute_anomaly_seasonal,Current_Rain_wetdays__anomaly,3.086308699130504,69
River_Derwent_Elvington_2,absolute_anomaly_seasonal,Current_Rain_exceed_10mm__anomaly,1.0747114101603237,69
River_Derwent_Elvington_2,absolute_anomaly_seasonal,Current_Rain_rx1day__anomaly,0.8012627446289221,69
River_Derwent_Elvington_2,absolute_anomaly_seasonal,Current_Rain_rx3day__anomaly,0.43756850104620065,69
River_Derwent_Elvington_2,absolute_anomaly_seasonal,Current_Sunlight__anomaly,0.0,69
River_Derwent_Elvington_2,absolute_anomaly_seasonal,Current_Solar_MJm2__anomaly,0.8516327262347707,69
River_Derwent_Elvington_2,absolute_anomaly_seasonal,Forecast_AirTemp__anomaly,1.3725009027466828,69
River_Derwent_Elvington_2,absolute_anomaly_seasonal,Forecast_Humidity__anomaly,0.7441766427712425,69
River_Derwent_Elvington_2,absolute_anomaly_seasonal,Forecast_Rain__anomaly,0.4035453732786,69
River_Derwent_Elvington_2,absolute_anomaly_seasonal,Forecast_Rain_wetdays__anomaly,0.812344632851844,69
River_Derwent_Elvington_2,absolute_anomaly_seasonal,Forecast_Rain_exceed_10mm__anomaly,0.7920671610390312,69
River_Derwent_Elvington_2,absolute_anomaly_seasonal,Forecast_Rain_rx1day__anomaly,1.239861700445205,69
River_Derwent_Elvington_2,absolute_anomaly_seasonal,Forecast_Rain_rx3day__anomaly,1.094939236375365,69
River_Derwent_Elvington_2,absolute_anomaly_seasonal,Forecast_Sunlight__anomaly,0.0,69
River_Derwent_Elvington_2,absolute_anomaly_seasonal,Forecast_Solar_MJm2__anomaly,1.415645089149524,69
River_Derwent_Elvington_2,absolute_anomaly_seasonal,Month_Sin,0.24039862132851375,69
River_Derwent_Elvington_2,absolute_anomaly_seasonal,Month_Cos,0.2872451138224679,69
River_Derwent_Elvington_2,absolute_anomaly_seasonal,CSO_Individual_CSO_012163,0.0988077734361152,69
River_Derwent_Elvington_2,absolute_anomaly_seasonal,CSO_Individual_CSO_012173,0.32970032019341416,69
River_Derwent_Elvington_2,absolute_anomaly_seasonal,CSO_Individual_CSO_012560,0.10851376579237197,69
River_Derwent_Elvington_2,absolute_anomaly_seasonal,CSO_Individual_CSO_012565,2.1690577129501594,69
River_Derwent_Elvington_2,absolute_anomaly_seasonal,CSO_Individual_CSO_012566,0.389344503856503,69
River_Derwent_Elvington_2,absolute_anomaly_seasonal,CSO_Individual_CSO_012571,0.2747860148055928,69
River_Derwent_Elvington_2,absolute_anomaly_seasonal,CSO_Individual_CSO_012584,0.15065471798136024,69
River_Derwent_Elvington_2,absolute_anomaly_seasonal,CSO_Individual_CSO_012592,0.2171690904947299,69
River_Derwent_Elvington_2,absolute_anomaly_seasonal,CSO_Individual_CSO_012593,1.2861862400545518,69
River_Derwent_Elvington_2,absolute_anomaly_seasonal,CSO_Individual_CSO_012595,0.04352110368021412,69
River_Derwent_Elvington_2,absolute_anomaly_seasonal,CSO_Individual_CSO_012606,0.15638582855367716,69
River_Derwent_Elvington_2,absolute_anomaly_seasonal,CSO_Individual_CSO_012617,0.06415722343464472,69
River_Derwent_Elvington_2,absolute_anomaly_seasonal,CSO_Individual_CSO_013071,0.19533688480260022,69
River_Derwent_Elvington_2,absolute_anomaly_seasonal,CSO_Individual_CSO_013097,0.0812373493111052,69
River_Derwent_Elvington_2,absolute_anomaly_seasonal,CSO_Individual_CSO_013335,0.007933224006287515,69
River_Derwent_Elvington_2,absolute_anomaly_seasonal,CSO_Network_0_10km_count,0.0,69
River_Derwent_Elvington_2,absolute_anomaly_seasonal,CSO_Network_0_10km_max,0.19721173087501498,69
River_Derwent_Elvington_2,absolute_anomaly_seasonal,CSO_Network_0_10km_mean,0.00013044955055495293,69
River_Derwent_Elvington_2,absolute_anomaly_seasonal,CSO_Network_10_20km_count,0.0,69
River_Derwent_Elvington_2,absolute_anomaly_seasonal,CSO_Network_10_20km_max,0.09230679910888281,69
River_Derwent_Elvington_2,absolute_anomaly_seasonal,CSO_Network_10_20km_mean,0.5550891203247372,69
River_Derwent_Elvington_2,absolute_anomaly_seasonal,CSO_Network_20_30km_count,0.0,69
River_Derwent_Elvington_2,absolute_anomaly_seasonal,CSO_Network_20_30km_max,0.16703824800188094,69
River_Derwent_Elvington_2,absolute_anomaly_seasonal,CSO_Network_20_30km_mean,0.046359908889038653,69
River_Derwent_Elvington_2,absolute_anomaly_seasonal,CSO_Network_30_40km_count,0.0,69
River_Derwent_Elvington_2,absolute_anomaly_seasonal,CSO_Network_30_40km_max,0.28465112289416006,69
River_Derwent_Elvington_2,absolute_anomaly_seasonal,CSO_Network_30_40km_mean,0.016191496225205552,69
River_Derwent_Elvington_2,absolute_anomaly_seasonal,CSO_Network_40_50km_count,0.0,69
River_Derwent_Elvington_2,absolute_anomaly_seasonal,CSO_Network_40_50km_max,0.006953456828637691,69
River_Derwent_Elvington_2,absolute_anomaly_seasonal,CSO_Network_40_50km_mean,0.15003795609793152,69
River_Derwent_Elvington_2,absolute_anomaly_seasonal,CSO_Network_50_60km_count,0.0,69
River_Derwent_Elvington_2,absolute_anomaly_seasonal,CSO_Network_50_60km_max,0.0013170796024147878,69
River_Derwent_Elvington_2,absolute_anomaly_seasonal,CSO_Network_50_60km_mean,0.0011369684047692113,69
River_Derwent_Elvington_2,absolute_anomaly_seasonal,CSO_Network_60_70km_count,0.0,69
River_Derwent_Elvington_2,absolute_anomaly_seasonal,CSO_Network_60_70km_max,0.20372036740867255,69
River_Derwent_Elvington_2,absolute_anomaly_seasonal,CSO_Network_60_70km_mean,0.15162802255888952,69
River_Derwent_Elvington_2,absolute_anomaly_seasonal,CSO_Network_70_80km_count,0.0,69
River_Derwent_Elvington_2,absolute_anomaly_seasonal,CSO_Network_70_80km_max,0.10229070866531928,69
River_Derwent_Elvington_2,absolute_anomaly_seasonal,CSO_Network_70_80km_mean,0.0,69
River_Derwent_Wressle,absolute_anomaly_seasonal,Roll3_AirTemp,0.32458148572056417,69
River_Derwent_Wressle,absolute_anomaly_seasonal,Roll3_Humidity,0.17597106059931403,69
River_Derwent_Wressle,absolute_anomaly_seasonal,Roll3_Rain,0.8365943237319787,69
River_Derwent_Wressle,absolute_anomaly_seasonal,Roll3_Rain_wetdays,0.9093353074975312,69
River_Derwent_Wressle,absolute_anomaly_seasonal,Roll3_Rain_exceed_10mm,0.5451638799526286,69
River_Derwent_Wressle,absolute_anomaly_seasonal,Roll3_Rain_rx1day,1.1085770853576553,69
River_Derwent_Wressle,absolute_anomaly_seasonal,Roll3_Rain_rx3day,0.6073721698435709,69
River_Derwent_Wressle,absolute_anomaly_seasonal,Roll3_Sunlight,0.22101339970699488,69
River_Derwent_Wressle,absolute_anomaly_seasonal,Roll3_Solar_MJm2,0.0,69
River_Derwent_Wressle,absolute_anomaly_seasonal,Roll6_AirTemp,1.8573317052519742,69
River_Derwent_Wressle,absolute_anomaly_seasonal,Roll6_Humidity,0.9036504931549324,69
River_Derwent_Wressle,absolute_anomaly_seasonal,Roll6_Rain,0.9915093366368534,69
River_Derwent_Wressle,absolute_anomaly_seasonal,Roll6_Rain_wetdays,4.811011906916457,69
River_Derwent_Wressle,absolute_anomaly_seasonal,Roll6_Rain_exceed_10mm,0.46844434847250904,69
River_Derwent_Wressle,absolute_anomaly_seasonal,Roll6_Rain_rx1day,1.3115973710584212,69
River_Derwent_Wressle,absolute_anomaly_seasonal,Roll6_Rain_rx3day,0.9626430480657652,69
River_Derwent_Wressle,absolute_anomaly_seasonal,Roll6_Sunlight,5.1689151300344065,69
River_Derwent_Wressle,absolute_anomaly_seasonal,Roll6_Solar_MJm2,0.0,69
River_Derwent_Wressle,absolute_anomaly_seasonal,Previous_AirTemp,2.7738749996132563,69
River_Derwent_Wressle,absolute_anomaly_seasonal,Previous_Humidity,0.493684432279474,69
River_Derwent_Wressle,absolute_anomaly_seasonal,Previous_Rain,1.4515843247844167,69
River_Derwent_Wressle,absolute_anomaly_seasonal,Previous_Rain_wetdays,0.5693907639147806,69
River_Derwent_Wressle,absolute_anomaly_seasonal,Previous_Rain_exceed_10mm,0.22198790076050234,69
River_Derwent_Wressle,absolute_anomaly_seasonal,Previous_Rain_rx1day,0.33238660094754596,69
River_Derwent_Wressle,absolute_anomaly_seasonal,Previous_Rain_rx3day,0.5625769370252274,69
River_Derwent_Wressle,absolute_anomaly_seasonal,Previous_Sunlight,1.8601142893480656,69
River_Derwent_Wressle,absolute_anomaly_seasonal,Previous_Solar_MJm2,0.0,69
River_Derwent_Wressle,absolute_anomaly_seasonal,Current_AirTemp,0.689628274229953,69
River_Derwent_Wressle,absolute_anomaly_seasonal,Current_Humidity,0.7185600708918566,69
River_Derwent_Wressle,absolute_anomaly_seasonal,Current_Rain,0.37334277260427884,69
River_Derwent_Wressle,absolute_anomaly_seasonal,Current_Rain_wetdays,3.5206204234012466,69
River_Derwent_Wressle,absolute_anomaly_seasonal,Current_Rain_exceed_10mm,2.8352980463789006,69
River_Derwent_Wressle,absolute_anomaly_seasonal,Current_Rain_rx1day,2.9819710448977568,69
River_Derwent_Wressle,absolute_anomaly_seasonal,Current_Rain_rx3day,0.42956267497380096,69
River_Derwent_Wressle,absolute_anomaly_seasonal,Current_Sunlight,0.0,69
River_Derwent_Wressle,absolute_anomaly_seasonal,Current_Solar_MJm2,0.650352761739325,69
River_Derwent_Wressle,absolute_anomaly_seasonal,Forecast_AirTemp,1.6438097896214907,69
River_Derwent_Wressle,absolute_anomaly_seasonal,Forecast_Humidity,0.24682003358986618,69
River_Derwent_Wressle,absolute_anomaly_seasonal,Forecast_Rain,0.17491928353385885,69
River_Derwent_Wressle,absolute_anomaly_seasonal,Forecast_Rain_wetdays,1.547707902748738,69
River_Derwent_Wressle,absolute_anomaly_seasonal,Forecast_Rain_exceed_10mm,0.4838360278904317,69
River_Derwent_Wressle,absolute_anomaly_seasonal,Forecast_Rain_rx1day,1.5195152178742601,69
River_Derwent_Wressle,absolute_anomaly_seasonal,Forecast_Rain_rx3day,0.43816779387529076,69
River_Derwent_Wressle,absolute_anomaly_seasonal,Forecast_Sunlight,0.0,69
River_Derwent_Wressle,absolute_anomaly_seasonal,Forecast_Solar_MJm2,1.5730190723513444,69
River_Derwent_Wressle,absolute_anomaly_seasonal,Roll3_AirTemp__anomaly,2.248125730375126,69
River_Derwent_Wressle,absolute_anomaly_seasonal,Roll3_Humidity__anomaly,0.33314304029718395,69
River_Derwent_Wressle,absolute_anomaly_seasonal,Roll3_Rain__anomaly,0.4193636005935332,69
River_Derwent_Wressle,absolute_anomaly_seasonal,Roll3_Rain_wetdays__anomaly,1.1168563875625908,69
River_Derwent_Wressle,absolute_anomaly_seasonal,Roll3_Rain_exceed_10mm__anomaly,1.198631422466095,69
River_Derwent_Wressle,absolute_anomaly_seasonal,Roll3_Rain_rx1day__anomaly,0.2764376339219071,69
River_Derwent_Wressle,absolute_anomaly_seasonal,Roll3_Rain_rx3day__anomaly,0.33910905633823923,69
River_Derwent_Wressle,absolute_anomaly_seasonal,Roll3_Sunlight__anomaly,0.6191146022249572,69
River_Derwent_Wressle,absolute_anomaly_seasonal,Roll3_Solar_MJm2__anomaly,0.0,69
River_Derwent_Wressle,absolute_anomaly_seasonal,Roll6_AirTemp__anomaly,1.4855682823717065,69
River_Derwent_Wressle,absolute_anomaly_seasonal,Roll6_Humidity__anomaly,1.3735334333810754,69
River_Derwent_Wressle,absolute_anomaly_seasonal,Roll6_Rain__anomaly,0.854513721142564,69
River_Derwent_Wressle,absolute_anomaly_seasonal,Roll6_Rain_wetdays__anomaly,1.0128877751023981,69
River_Derwent_Wressle,absolute_anomaly_seasonal,Roll6_Rain_exceed_10mm__anomaly,0.6547402809694017,69
River_Derwent_Wressle,absolute_anomaly_seasonal,Roll6_Rain_rx1day__anomaly,0.6241585213334611,69
River_Derwent_Wressle,absolute_anomaly_seasonal,Roll6_Rain_rx3day__anomaly,0.07319754692288223,69
River_Derwent_Wressle,absolute_anomaly_seasonal,Roll6_Sunlight__anomaly,0.3012676051410279,69
River_Derwent_Wressle,absolute_anomaly_seasonal,Roll6_Solar_MJm2__anomaly,0.0,69
River_Derwent_Wressle,absolute_anomaly_seasonal,Previous_AirTemp__anomaly,1.406275814782519,69
River_Derwent_Wressle,absolute_anomaly_seasonal,Previous_Humidity__anomaly,1.921042981821658,69
River_Derwent_Wressle,absolute_anomaly_seasonal,Previous_Rain__anomaly,0.7657789713119645,69
River_Derwent_Wressle,absolute_anomaly_seasonal,Previous_Rain_wetdays__anomaly,0.6532885969060309,69
River_Derwent_Wressle,absolute_anomaly_seasonal,Previous_Rain_exceed_10mm__anomaly,0.4480857274150174,69
River_Derwent_Wressle,absolute_anomaly_seasonal,Previous_Rain_rx1day__anomaly,1.9445150428421867,69
River_Derwent_Wressle,absolute_anomaly_seasonal,Previous_Rain_rx3day__anomaly,0.5374151017906923,69
River_Derwent_Wressle,absolute_anomaly_seasonal,Previous_Sunlight__anomaly,6.296393391988595,69
River_Derwent_Wressle,absolute_anomaly_seasonal,Previous_Solar_MJm2__anomaly,0.0,69
River_Derwent_Wressle,absolute_anomaly_seasonal,Current_AirTemp__anomaly,3.6295911474892364,69
River_Derwent_Wressle,absolute_anomaly_seasonal,Current_Humidity__anomaly,0.42143293195684006,69
River_Derwent_Wressle,absolute_anomaly_seasonal,Current_Rain__anomaly,0.4255531814954489,69
River_Derwent_Wressle,absolute_anomaly_seasonal,Current_Rain_wetdays__anomaly,4.240570304985034,69
River_Derwent_Wressle,absolute_anomaly_seasonal,Current_Rain_exceed_10mm__anomaly,1.6266633214585282,69
River_Derwent_Wressle,absolute_anomaly_seasonal,Current_Rain_rx1day__anomaly,0.380090727599753,69
River_Derwent_Wressle,absolute_anomaly_seasonal,Current_Rain_rx3day__anomaly,0.15166499239241257,69
River_Derwent_Wressle,absolute_anomaly_seasonal,Current_Sunlight__anomaly,0.0,69
River_Derwent_Wressle,absolute_anomaly_seasonal,Current_Solar_MJm2__anomaly,0.4717167122860268,69
River_Derwent_Wressle,absolute_anomaly_seasonal,Forecast_AirTemp__anomaly,0.24556659385578886,69
River_Derwent_Wressle,absolute_anomaly_seasonal,Forecast_Humidity__anomaly,0.29026318284446445,69
River_Derwent_Wressle,absolute_anomaly_seasonal,Forecast_Rain__anomaly,0.34034833607613774,69
River_Derwent_Wressle,absolute_anomaly_seasonal,Forecast_Rain_wetdays__anomaly,0.32978720327814787,69
River_Derwent_Wressle,absolute_anomaly_seasonal,Forecast_Rain_exceed_10mm__anomaly,0.8421636237010024,69
River_Derwent_Wressle,absolute_anomaly_seasonal,Forecast_Rain_rx1day__anomaly,0.3354819891261131,69
River_Derwent_Wressle,absolute_anomaly_seasonal,Forecast_Rain_rx3day__anomaly,0.19089094564990888,69
River_Derwent_Wressle,absolute_anomaly_seasonal,Forecast_Sunlight__anomaly,0.0,69
River_Derwent_Wressle,absolute_anomaly_seasonal,Forecast_Solar_MJm2__anomaly,0.9707763638989346,69
River_Derwent_Wressle,absolute_anomaly_seasonal,Month_Sin,1.4868475455280148,69
River_Derwent_Wressle,absolute_anomaly_seasonal,Month_Cos,0.4309963895410769,69
River_Derwent_Wressle,absolute_anomaly_seasonal,CSO_Individual_CSO_012101,0.13594208980786804,69
River_Derwent_Wressle,absolute_anomaly_seasonal,CSO_Individual_CSO_012561,0.13099232337013209,69
River_Derwent_Wressle,absolute_anomaly_seasonal,CSO_Individual_CSO_012566,0.2535440406015682,69
River_Derwent_Wressle,absolute_anomaly_seasonal,CSO_Individual_CSO_012574,0.04000547089814271,69
River_Derwent_Wressle,absolute_anomaly_seasonal,CSO_Individual_CSO_012577,0.5668419987967014,69
River_Derwent_Wressle,absolute_anomaly_seasonal,CSO_Individual_CSO_012593,0.08385969579326956,69
River_Derwent_Wressle,absolute_anomaly_seasonal,CSO_Individual_CSO_012617,0.3205090637445685,69
River_Derwent_Wressle,absolute_anomaly_seasonal,CSO_Individual_CSO_012618,0.02238178757826248,69
River_Derwent_Wressle,absolute_anomaly_seasonal,CSO_Network_0_10km_count,0.0,69
River_Derwent_Wressle,absolute_anomaly_seasonal,CSO_Network_0_10km_max,0.4512114708172394,69
River_Derwent_Wressle,absolute_anomaly_seasonal,CSO_Network_0_10km_mean,0.0008664764492791064,69
River_Derwent_Wressle,absolute_anomaly_seasonal,CSO_Network_10_20km_count,0.0,69
River_Derwent_Wressle,absolute_anomaly_seasonal,CSO_Network_10_20km_max,0.1655538576590146,69
River_Derwent_Wressle,absolute_anomaly_seasonal,CSO_Network_10_20km_mean,3.839025923384955e-06,69
River_Derwent_Wressle,absolute_anomaly_seasonal,CSO_Network_20_30km_count,0.0,69
River_Derwent_Wressle,absolute_anomaly_seasonal,CSO_Network_20_30km_max,0.0021754104259741054,69
River_Derwent_Wressle,absolute_anomaly_seasonal,CSO_Network_20_30km_mean,4.6484860273269995e-06,69
River_Derwent_Wressle,absolute_anomaly_seasonal,CSO_Network_30_40km_count,0.0,69
River_Derwent_Wressle,absolute_anomaly_seasonal,CSO_Network_30_40km_max,0.03474487141071183,69
River_Derwent_Wressle,absolute_anomaly_seasonal,CSO_Network_30_40km_mean,0.023807213494095997,69
River_Derwent_Wressle,absolute_anomaly_seasonal,CSO_Network_40_50km_count,0.0,69
River_Derwent_Wressle,absolute_anomaly_seasonal,CSO_Network_40_50km_max,0.020514573982068726,69
River_Derwent_Wressle,absolute_anomaly_seasonal,CSO_Network_40_50km_mean,4.054581038667751e-05,69
River_Derwent_Wressle,absolute_anomaly_seasonal,CSO_Network_50_60km_count,0.0,69
River_Derwent_Wressle,absolute_anomaly_seasonal,CSO_Network_50_60km_max,4.666764798711627,69
River_Derwent_Wressle,absolute_anomaly_seasonal,CSO_Network_50_60km_mean,3.978048142221823e-06,69
River_Derwent_Wressle,absolute_anomaly_seasonal,CSO_Network_60_70km_count,0.0,69
River_Derwent_Wressle,absolute_anomaly_seasonal,CSO_Network_60_70km_max,0.0021401240702915974,69
River_Derwent_Wressle,absolute_anomaly_seasonal,CSO_Network_60_70km_mean,6.651295965065841e-06,69
River_Derwent_Wressle,absolute_anomaly_seasonal,CSO_Network_70_80km_count,0.0,69
River_Derwent_Wressle,absolute_anomaly_seasonal,CSO_Network_70_80km_max,0.0004106204804108331,69
River_Derwent_Wressle,absolute_anomaly_seasonal,CSO_Network_70_80km_mean,0.00012075242502735282,69
River_Derwent_Wressle,absolute_anomaly_seasonal,CSO_Network_80_90km_count,0.0,69
River_Derwent_Wressle,absolute_anomaly_seasonal,CSO_Network_80_90km_max,0.0,69
River_Derwent_Wressle,absolute_anomaly_seasonal,CSO_Network_80_90km_mean,0.0,69
River_Derwent_Wressle,absolute_anomaly_seasonal,CSO_Network_90_100km_count,0.0,69
River_Derwent_Wressle,absolute_anomaly_seasonal,CSO_Network_90_100km_max,0.06726044337438863,69
River_Derwent_Wressle,absolute_anomaly_seasonal,CSO_Network_90_100km_mean,0.0,69
River_Deveron_CairnfordBridgeHuntly,absolute_anomaly_seasonal,Roll3_AirTemp,0.2524204154786758,69
River_Deveron_CairnfordBridgeHuntly,absolute_anomaly_seasonal,Roll3_Humidity,0.3491619578116708,69
River_Deveron_CairnfordBridgeHuntly,absolute_anomaly_seasonal,Roll3_Rain,0.5736839895522592,69
River_Deveron_CairnfordBridgeHuntly,absolute_anomaly_seasonal,Roll3_Rain_wetdays,0.9810167341718213,69
River_Deveron_CairnfordBridgeHuntly,absolute_anomaly_seasonal,Roll3_Rain_exceed_10mm,0.3168333689560432,69
River_Deveron_CairnfordBridgeHuntly,absolute_anomaly_seasonal,Roll3_Rain_rx1day,3.0040342271849236,69
River_Deveron_CairnfordBridgeHuntly,absolute_anomaly_seasonal,Roll3_Rain_rx3day,0.3172586859693754,69
River_Deveron_CairnfordBridgeHuntly,absolute_anomaly_seasonal,Roll3_Sunlight,0.20922385436409713,69
River_Deveron_CairnfordBridgeHuntly,absolute_anomaly_seasonal,Roll3_Solar_MJm2,0.0,69
River_Deveron_CairnfordBridgeHuntly,absolute_anomaly_seasonal,Roll6_AirTemp,0.2382601019089838,69
River_Deveron_CairnfordBridgeHuntly,absolute_anomaly_seasonal,Roll6_Humidity,1.4543495947391827,69
River_Deveron_CairnfordBridgeHuntly,absolute_anomaly_seasonal,Roll6_Rain,0.2409312832136077,69
River_Deveron_CairnfordBridgeHuntly,absolute_anomaly_seasonal,Roll6_Rain_wetdays,0.2177595417907737,69
River_Deveron_CairnfordBridgeHuntly,absolute_anomaly_seasonal,Roll6_Rain_exceed_10mm,0.8590264437561607,69
River_Deveron_CairnfordBridgeHuntly,absolute_anomaly_seasonal,Roll6_Rain_rx1day,0.18577382576236073,69
River_Deveron_CairnfordBridgeHuntly,absolute_anomaly_seasonal,Roll6_Rain_rx3day,0.01604752750950248,69
River_Deveron_CairnfordBridgeHuntly,absolute_anomaly_seasonal,Roll6_Sunlight,3.392524402272781,69
River_Deveron_CairnfordBridgeHuntly,absolute_anomaly_seasonal,Roll6_Solar_MJm2,0.0,69
River_Deveron_CairnfordBridgeHuntly,absolute_anomaly_seasonal,Previous_AirTemp,0.39767585210809026,69
River_Deveron_CairnfordBridgeHuntly,absolute_anomaly_seasonal,Previous_Humidity,0.9314264777019363,69
River_Deveron_CairnfordBridgeHuntly,absolute_anomaly_seasonal,Previous_Rain,7.844332402533558,69
River_Deveron_CairnfordBridgeHuntly,absolute_anomaly_seasonal,Previous_Rain_wetdays,0.7377067325495943,69
River_Deveron_CairnfordBridgeHuntly,absolute_anomaly_seasonal,Previous_Rain_exceed_10mm,2.345883096158559,69
River_Deveron_CairnfordBridgeHuntly,absolute_anomaly_seasonal,Previous_Rain_rx1day,0.3668408903612555,69
River_Deveron_CairnfordBridgeHuntly,absolute_anomaly_seasonal,Previous_Rain_rx3day,5.0888728346217835,69
River_Deveron_CairnfordBridgeHuntly,absolute_anomaly_seasonal,Previous_Sunlight,0.07800611534796499,69
River_Deveron_CairnfordBridgeHuntly,absolute_anomaly_seasonal,Previous_Solar_MJm2,0.0,69
River_Deveron_CairnfordBridgeHuntly,absolute_anomaly_seasonal,Current_AirTemp,0.601510880027954,69
River_Deveron_CairnfordBridgeHuntly,absolute_anomaly_seasonal,Current_Humidity,0.3877306371345599,69
River_Deveron_CairnfordBridgeHuntly,absolute_anomaly_seasonal,Current_Rain,1.0945217123985145,69
River_Deveron_CairnfordBridgeHuntly,absolute_anomaly_seasonal,Current_Rain_wetdays,0.0987248564695865,69
River_Deveron_CairnfordBridgeHuntly,absolute_anomaly_seasonal,Current_Rain_exceed_10mm,1.5689249859838654,69
River_Deveron_CairnfordBridgeHuntly,absolute_anomaly_seasonal,Current_Rain_rx1day,1.7205610051060378,69
River_Deveron_CairnfordBridgeHuntly,absolute_anomaly_seasonal,Current_Rain_rx3day,3.230576498419096,69
River_Deveron_CairnfordBridgeHuntly,absolute_anomaly_seasonal,Current_Sunlight,0.0,69
River_Deveron_CairnfordBridgeHuntly,absolute_anomaly_seasonal,Current_Solar_MJm2,0.013951077670429354,69
River_Deveron_CairnfordBridgeHuntly,absolute_anomaly_seasonal,Forecast_AirTemp,0.30504821033900703,69
River_Deveron_CairnfordBridgeHuntly,absolute_anomaly_seasonal,Forecast_Humidity,1.1565398738200334,69
River_Deveron_CairnfordBridgeHuntly,absolute_anomaly_seasonal,Forecast_Rain,0.6069525446044584,69
River_Deveron_CairnfordBridgeHuntly,absolute_anomaly_seasonal,Forecast_Rain_wetdays,0.141662728027533,69
River_Deveron_CairnfordBridgeHuntly,absolute_anomaly_seasonal,Forecast_Rain_exceed_10mm,0.5374777575125093,69
River_Deveron_CairnfordBridgeHuntly,absolute_anomaly_seasonal,Forecast_Rain_rx1day,2.8074143467774544,69
River_Deveron_CairnfordBridgeHuntly,absolute_anomaly_seasonal,Forecast_Rain_rx3day,3.3873166651632487,69
River_Deveron_CairnfordBridgeHuntly,absolute_anomaly_seasonal,Forecast_Sunlight,0.0,69
River_Deveron_CairnfordBridgeHuntly,absolute_anomaly_seasonal,Forecast_Solar_MJm2,0.2253381666702139,69
River_Deveron_CairnfordBridgeHuntly,absolute_anomaly_seasonal,Roll3_AirTemp__anomaly,0.37517257912015106,69
River_Deveron_CairnfordBridgeHuntly,absolute_anomaly_seasonal,Roll3_Humidity__anomaly,0.7059803947959657,69
River_Deveron_CairnfordBridgeHuntly,absolute_anomaly_seasonal,Roll3_Rain__anomaly,2.5654223243727503,69
River_Deveron_CairnfordBridgeHuntly,absolute_anomaly_seasonal,Roll3_Rain_wetdays__anomaly,1.4381762692677726,69
River_Deveron_CairnfordBridgeHuntly,absolute_anomaly_seasonal,Roll3_Rain_exceed_10mm__anomaly,4.096990343431595,69
River_Deveron_CairnfordBridgeHuntly,absolute_anomaly_seasonal,Roll3_Rain_rx1day__anomaly,7.089308691062561,69
River_Deveron_CairnfordBridgeHuntly,absolute_anomaly_seasonal,Roll3_Rain_rx3day__anomaly,0.0438047776661386,69
River_Deveron_CairnfordBridgeHuntly,absolute_anomaly_seasonal,Roll3_Sunlight__anomaly,0.11932285294536112,69
River_Deveron_CairnfordBridgeHuntly,absolute_anomaly_seasonal,Roll3_Solar_MJm2__anomaly,0.0,69
River_Deveron_CairnfordBridgeHuntly,absolute_anomaly_seasonal,Roll6_AirTemp__anomaly,0.072078138817758,69
River_Deveron_CairnfordBridgeHuntly,absolute_anomaly_seasonal,Roll6_Humidity__anomaly,0.3359569946558116,69
River_Deveron_CairnfordBridgeHuntly,absolute_anomaly_seasonal,Roll6_Rain__anomaly,2.0144481683222693,69
River_Deveron_CairnfordBridgeHuntly,absolute_anomaly_seasonal,Roll6_Rain_wetdays__anomaly,1.9601994883681046,69
River_Deveron_CairnfordBridgeHuntly,absolute_anomaly_seasonal,Roll6_Rain_exceed_10mm__anomaly,0.38696370877075176,69
River_Deveron_CairnfordBridgeHuntly,absolute_anomaly_seasonal,Roll6_Rain_rx1day__anomaly,0.007587717267276476,69
River_Deveron_CairnfordBridgeHuntly,absolute_anomaly_seasonal,Roll6_Rain_rx3day__anomaly,1.456112743743728,69
River_Deveron_CairnfordBridgeHuntly,absolute_anomaly_seasonal,Roll6_Sunlight__anomaly,0.9485998357274344,69
River_Deveron_CairnfordBridgeHuntly,absolute_anomaly_seasonal,Roll6_Solar_MJm2__anomaly,0.0,69
River_Deveron_CairnfordBridgeHuntly,absolute_anomaly_seasonal,Previous_AirTemp__anomaly,2.0037392112362293,69
River_Deveron_CairnfordBridgeHuntly,absolute_anomaly_seasonal,Previous_Humidity__anomaly,0.5128057867435107,69
River_Deveron_CairnfordBridgeHuntly,absolute_anomaly_seasonal,Previous_Rain__anomaly,0.799964210231995,69
River_Deveron_CairnfordBridgeHuntly,absolute_anomaly_seasonal,Previous_Rain_wetdays__anomaly,1.2363883555383233,69
River_Deveron_CairnfordBridgeHuntly,absolute_anomaly_seasonal,Previous_Rain_exceed_10mm__anomaly,0.15255440858202352,69
River_Deveron_CairnfordBridgeHuntly,absolute_anomaly_seasonal,Previous_Rain_rx1day__anomaly,0.12315678265818653,69
River_Deveron_CairnfordBridgeHuntly,absolute_anomaly_seasonal,Previous_Rain_rx3day__anomaly,0.22595487413339713,69
River_Deveron_CairnfordBridgeHuntly,absolute_anomaly_seasonal,Previous_Sunlight__anomaly,1.0924886693526388,69
River_Deveron_CairnfordBridgeHuntly,absolute_anomaly_seasonal,Previous_Solar_MJm2__anomaly,0.0,69
River_Deveron_CairnfordBridgeHuntly,absolute_anomaly_seasonal,Current_AirTemp__anomaly,3.2821450211591015,69
River_Deveron_CairnfordBridgeHuntly,absolute_anomaly_seasonal,Current_Humidity__anomaly,3.6440999239743426,69
River_Deveron_CairnfordBridgeHuntly,absolute_anomaly_seasonal,Current_Rain__anomaly,1.1271922127303962,69
River_Deveron_CairnfordBridgeHuntly,absolute_anomaly_seasonal,Current_Rain_wetdays__anomaly,3.441965982309184,69
River_Deveron_CairnfordBridgeHuntly,absolute_anomaly_seasonal,Current_Rain_exceed_10mm__anomaly,0.735033491099934,69
River_Deveron_CairnfordBridgeHuntly,absolute_anomaly_seasonal,Current_Rain_rx1day__anomaly,0.3140582390958482,69
River_Deveron_CairnfordBridgeHuntly,absolute_anomaly_seasonal,Current_Rain_rx3day__anomaly,1.1852580051486086,69
River_Deveron_CairnfordBridgeHuntly,absolute_anomaly_seasonal,Current_Sunlight__anomaly,0.0,69
River_Deveron_CairnfordBridgeHuntly,absolute_anomaly_seasonal,Current_Solar_MJm2__anomaly,1.4370524472998794,69
River_Deveron_CairnfordBridgeHuntly,absolute_anomaly_seasonal,Forecast_AirTemp__anomaly,0.6419318709178803,69
River_Deveron_CairnfordBridgeHuntly,absolute_anomaly_seasonal,Forecast_Humidity__anomaly,0.749656885254326,69
River_Deveron_CairnfordBridgeHuntly,absolute_anomaly_seasonal,Forecast_Rain__anomaly,0.3849627074332023,69
River_Deveron_CairnfordBridgeHuntly,absolute_anomaly_seasonal,Forecast_Rain_wetdays__anomaly,0.11876213213654684,69
River_Deveron_CairnfordBridgeHuntly,absolute_anomaly_seasonal,Forecast_Rain_exceed_10mm__anomaly,0.9121702114962112,69
River_Deveron_CairnfordBridgeHuntly,absolute_anomaly_seasonal,Forecast_Rain_rx1day__anomaly,1.6207844206131856,69
River_Deveron_CairnfordBridgeHuntly,absolute_anomaly_seasonal,Forecast_Rain_rx3day__anomaly,0.20540012049382625,69
River_Deveron_CairnfordBridgeHuntly,absolute_anomaly_seasonal,Forecast_Sunlight__anomaly,0.0,69
River_Deveron_CairnfordBridgeHuntly,absolute_anomaly_seasonal,Forecast_Solar_MJm2__anomaly,1.9017249711827167,69
River_Deveron_CairnfordBridgeHuntly,absolute_anomaly_seasonal,Month_Sin,0.2513217288936197,69
River_Deveron_CairnfordBridgeHuntly,absolute_anomaly_seasonal,Month_Cos,0.0,69
River_Deveron_TurriffMuiresk,absolute_anomaly_seasonal,Roll3_AirTemp,0.34749756941309345,69
River_Deveron_TurriffMuiresk,absolute_anomaly_seasonal,Roll3_Humidity,1.146848965905861,69
River_Deveron_TurriffMuiresk,absolute_anomaly_seasonal,Roll3_Rain,0.9007109978277894,69
River_Deveron_TurriffMuiresk,absolute_anomaly_seasonal,Roll3_Rain_wetdays,0.5944768996808159,69
River_Deveron_TurriffMuiresk,absolute_anomaly_seasonal,Roll3_Rain_exceed_10mm,1.077751242506396,69
River_Deveron_TurriffMuiresk,absolute_anomaly_seasonal,Roll3_Rain_rx1day,2.14624088752814,69
River_Deveron_TurriffMuiresk,absolute_anomaly_seasonal,Roll3_Rain_rx3day,0.32917254888371766,69
River_Deveron_TurriffMuiresk,absolute_anomaly_seasonal,Roll3_Sunlight,3.502899463063525,69
River_Deveron_TurriffMuiresk,absolute_anomaly_seasonal,Roll3_Solar_MJm2,0.0,69
River_Deveron_TurriffMuiresk,absolute_anomaly_seasonal,Roll6_AirTemp,0.7580713784912173,69
River_Deveron_TurriffMuiresk,absolute_anomaly_seasonal,Roll6_Humidity,1.8402410635863662,69
River_Deveron_TurriffMuiresk,absolute_anomaly_seasonal,Roll6_Rain,0.5531683117748857,69
River_Deveron_TurriffMuiresk,absolute_anomaly_seasonal,Roll6_Rain_wetdays,1.791938443393395,69
River_Deveron_TurriffMuiresk,absolute_anomaly_seasonal,Roll6_Rain_exceed_10mm,0.6204794592624867,69
River_Deveron_TurriffMuiresk,absolute_anomaly_seasonal,Roll6_Rain_rx1day,0.6272776187599538,69
River_Deveron_TurriffMuiresk,absolute_anomaly_seasonal,Roll6_Rain_rx3day,2.1684711131274104,69
River_Deveron_TurriffMuiresk,absolute_anomaly_seasonal,Roll6_Sunlight,0.5018843203254172,69
River_Deveron_TurriffMuiresk,absolute_anomaly_seasonal,Roll6_Solar_MJm2,0.0,69
River_Deveron_TurriffMuiresk,absolute_anomaly_seasonal,Previous_AirTemp,0.34041553053550516,69
River_Deveron_TurriffMuiresk,absolute_anomaly_seasonal,Previous_Humidity,1.1584051929147834,69
River_Deveron_TurriffMuiresk,absolute_anomaly_seasonal,Previous_Rain,0.5387382465080527,69
River_Deveron_TurriffMuiresk,absolute_anomaly_seasonal,Previous_Rain_wetdays,0.3667971477742892,69
River_Deveron_TurriffMuiresk,absolute_anomaly_seasonal,Previous_Rain_exceed_10mm,0.6781260970879147,69
River_Deveron_TurriffMuiresk,absolute_anomaly_seasonal,Previous_Rain_rx1day,0.45462335248839914,69
River_Deveron_TurriffMuiresk,absolute_anomaly_seasonal,Previous_Rain_rx3day,0.895802326197882,69
River_Deveron_TurriffMuiresk,absolute_anomaly_seasonal,Previous_Sunlight,0.9835502042940459,69
River_Deveron_TurriffMuiresk,absolute_anomaly_seasonal,Previous_Solar_MJm2,0.0,69
River_Deveron_TurriffMuiresk,absolute_anomaly_seasonal,Current_AirTemp,0.8122115474083486,69
River_Deveron_TurriffMuiresk,absolute_anomaly_seasonal,Current_Humidity,0.6550076188878048,69
River_Deveron_TurriffMuiresk,absolute_anomaly_seasonal,Current_Rain,0.457249332183051,69
River_Deveron_TurriffMuiresk,absolute_anomaly_seasonal,Current_Rain_wetdays,0.7168520077015765,69
River_Deveron_TurriffMuiresk,absolute_anomaly_seasonal,Current_Rain_exceed_10mm,0.6488867062243615,69
River_Deveron_TurriffMuiresk,absolute_anomaly_seasonal,Current_Rain_rx1day,0.5222497525368596,69
River_Deveron_TurriffMuiresk,absolute_anomaly_seasonal,Current_Rain_rx3day,2.3374811141145693,69
River_Deveron_TurriffMuiresk,absolute_anomaly_seasonal,Current_Sunlight,0.0,69
River_Deveron_TurriffMuiresk,absolute_anomaly_seasonal,Current_Solar_MJm2,0.6260383176560183,69
River_Deveron_TurriffMuiresk,absolute_anomaly_seasonal,Forecast_AirTemp,1.0711522707777015,69
River_Deveron_TurriffMuiresk,absolute_anomaly_seasonal,Forecast_Humidity,6.4737824149737975,69
River_Deveron_TurriffMuiresk,absolute_anomaly_seasonal,Forecast_Rain,0.7723102786000514,69
River_Deveron_TurriffMuiresk,absolute_anomaly_seasonal,Forecast_Rain_wetdays,0.30441434442001464,69
River_Deveron_TurriffMuiresk,absolute_anomaly_seasonal,Forecast_Rain_exceed_10mm,0.4464458151112586,69
River_Deveron_TurriffMuiresk,absolute_anomaly_seasonal,Forecast_Rain_rx1day,1.0047628311977987,69
River_Deveron_TurriffMuiresk,absolute_anomaly_seasonal,Forecast_Rain_rx3day,3.231422449354192,69
River_Deveron_TurriffMuiresk,absolute_anomaly_seasonal,Forecast_Sunlight,0.0,69
River_Deveron_TurriffMuiresk,absolute_anomaly_seasonal,Forecast_Solar_MJm2,0.9430478974208442,69
River_Deveron_TurriffMuiresk,absolute_anomaly_seasonal,Roll3_AirTemp__anomaly,1.5833550522952622,69
River_Deveron_TurriffMuiresk,absolute_anomaly_seasonal,Roll3_Humidity__anomaly,1.7320841091417383,69
River_Deveron_TurriffMuiresk,absolute_anomaly_seasonal,Roll3_Rain__anomaly,0.45273459260750665,69
River_Deveron_TurriffMuiresk,absolute_anomaly_seasonal,Roll3_Rain_wetdays__anomaly,0.5665562757940557,69
River_Deveron_TurriffMuiresk,absolute_anomaly_seasonal,Roll3_Rain_exceed_10mm__anomaly,0.9642680784238258,69
River_Deveron_TurriffMuiresk,absolute_anomaly_seasonal,Roll3_Rain_rx1day__anomaly,2.1173808081793193,69
River_Deveron_TurriffMuiresk,absolute_anomaly_seasonal,Roll3_Rain_rx3day__anomaly,0.9399222957410888,69
River_Deveron_TurriffMuiresk,absolute_anomaly_seasonal,Roll3_Sunlight__anomaly,0.7979288210575681,69
River_Deveron_TurriffMuiresk,absolute_anomaly_seasonal,Roll3_Solar_MJm2__anomaly,0.0,69
River_Deveron_TurriffMuiresk,absolute_anomaly_seasonal,Roll6_AirTemp__anomaly,0.4133421772044668,69
River_Deveron_TurriffMuiresk,absolute_anomaly_seasonal,Roll6_Humidity__anomaly,1.4427088658205856,69
River_Deveron_TurriffMuiresk,absolute_anomaly_seasonal,Roll6_Rain__anomaly,0.31146144824567584,69
River_Deveron_TurriffMuiresk,absolute_anomaly_seasonal,Roll6_Rain_wetdays__anomaly,1.553292999480112,69
River_Deveron_TurriffMuiresk,absolute_anomaly_seasonal,Roll6_Rain_exceed_10mm__anomaly,0.4450927658130378,69
River_Deveron_TurriffMuiresk,absolute_anomaly_seasonal,Roll6_Rain_rx1day__anomaly,0.7036012082551555,69
River_Deveron_TurriffMuiresk,absolute_anomaly_seasonal,Roll6_Rain_rx3day__anomaly,0.5163743137859275,69
River_Deveron_TurriffMuiresk,absolute_anomaly_seasonal,Roll6_Sunlight__anomaly,1.4158149687989967,69
River_Deveron_TurriffMuiresk,absolute_anomaly_seasonal,Roll6_Solar_MJm2__anomaly,0.0,69
River_Deveron_TurriffMuiresk,absolute_anomaly_seasonal,Previous_AirTemp__anomaly,1.033859532628596,69
River_Deveron_TurriffMuiresk,absolute_anomaly_seasonal,Previous_Humidity__anomaly,1.3051729009607258,69
River_Deveron_TurriffMuiresk,absolute_anomaly_seasonal,Previous_Rain__anomaly,1.1632791142648577,69
River_Deveron_TurriffMuiresk,absolute_anomaly_seasonal,Previous_Rain_wetdays__anomaly,0.5381373608583436,69
River_Deveron_TurriffMuiresk,absolute_anomaly_seasonal,Previous_Rain_exceed_10mm__anomaly,2.4226107138527078,69
River_Deveron_TurriffMuiresk,absolute_anomaly_seasonal,Previous_Rain_rx1day__anomaly,0.8020574882406049,69
River_Deveron_TurriffMuiresk,absolute_anomaly_seasonal,Previous_Rain_rx3day__anomaly,1.1110331903709167,69
River_Deveron_TurriffMuiresk,absolute_anomaly_seasonal,Previous_Sunlight__anomaly,0.4899143716713548,69
River_Deveron_TurriffMuiresk,absolute_anomaly_seasonal,Previous_Solar_MJm2__anomaly,0.0,69
River_Deveron_TurriffMuiresk,absolute_anomaly_seasonal,Current_AirTemp__anomaly,3.667658299226683,69
River_Deveron_TurriffMuiresk,absolute_anomaly_seasonal,Current_Humidity__anomaly,0.5626271149208437,69
River_Deveron_TurriffMuiresk,absolute_anomaly_seasonal,Current_Rain__anomaly,0.47038450763661593,69
River_Deveron_TurriffMuiresk,absolute_anomaly_seasonal,Current_Rain_wetdays__anomaly,0.6117885556056286,69
River_Deveron_TurriffMuiresk,absolute_anomaly_seasonal,Current_Rain_exceed_10mm__anomaly,1.7228653141023642,69
River_Deveron_TurriffMuiresk,absolute_anomaly_seasonal,Current_Rain_rx1day__anomaly,5.601585578248172,69
River_Deveron_TurriffMuiresk,absolute_anomaly_seasonal,Current_Rain_rx3day__anomaly,0.31710275889480233,69
River_Deveron_TurriffMuiresk,absolute_anomaly_seasonal,Current_Sunlight__anomaly,0.0,69
River_Deveron_TurriffMuiresk,absolute_anomaly_seasonal,Current_Solar_MJm2__anomaly,1.7064491089157177,69
River_Deveron_TurriffMuiresk,absolute_anomaly_seasonal,Forecast_AirTemp__anomaly,1.6905346320925194,69
River_Deveron_TurriffMuiresk,absolute_anomaly_seasonal,Forecast_Humidity__anomaly,1.3758258315930216,69
River_Deveron_TurriffMuiresk,absolute_anomaly_seasonal,Forecast_Rain__anomaly,0.7300750111727614,69
River_Deveron_TurriffMuiresk,absolute_anomaly_seasonal,Forecast_Rain_wetdays__anomaly,0.7051938885650735,69
River_Deveron_TurriffMuiresk,absolute_anomaly_seasonal,Forecast_Rain_exceed_10mm__anomaly,1.4641771668505423,69
River_Deveron_TurriffMuiresk,absolute_anomaly_seasonal,Forecast_Rain_rx1day__anomaly,0.30470797634645264,69
River_Deveron_TurriffMuiresk,absolute_anomaly_seasonal,Forecast_Rain_rx3day__anomaly,5.693416159356515,69
River_Deveron_TurriffMuiresk,absolute_anomaly_seasonal,Forecast_Sunlight__anomaly,0.0,69
River_Deveron_TurriffMuiresk,absolute_anomaly_seasonal,Forecast_Solar_MJm2__anomaly,2.256622919398412,69
River_Deveron_TurriffMuiresk,absolute_anomaly_seasonal,Month_Sin,0.7686722573934051,69
River_Deveron_TurriffMuiresk,absolute_anomaly_seasonal,Month_Cos,0.1814263862884434,69
River_Esk_Whitby,absolute_anomaly_seasonal,Roll3_AirTemp,0.11478897574129109,69
River_Esk_Whitby,absolute_anomaly_seasonal,Roll3_Humidity,0.2692698223662391,69
River_Esk_Whitby,absolute_anomaly_seasonal,Roll3_Rain,0.3299649529174476,69
River_Esk_Whitby,absolute_anomaly_seasonal,Roll3_Rain_wetdays,0.5810060893402951,69
River_Esk_Whitby,absolute_anomaly_seasonal,Roll3_Rain_exceed_10mm,0.9869579040481227,69
River_Esk_Whitby,absolute_anomaly_seasonal,Roll3_Rain_rx1day,0.2798023767305913,69
River_Esk_Whitby,absolute_anomaly_seasonal,Roll3_Rain_rx3day,1.4062182635308975,69
River_Esk_Whitby,absolute_anomaly_seasonal,Roll3_Sunlight,0.3192157954381392,69
River_Esk_Whitby,absolute_anomaly_seasonal,Roll3_Solar_MJm2,0.0,69
River_Esk_Whitby,absolute_anomaly_seasonal,Roll6_AirTemp,0.2616294474937181,69
River_Esk_Whitby,absolute_anomaly_seasonal,Roll6_Humidity,1.2796633492686007,69
River_Esk_Whitby,absolute_anomaly_seasonal,Roll6_Rain,0.2021619788386108,69
River_Esk_Whitby,absolute_anomaly_seasonal,Roll6_Rain_wetdays,0.1744748370420451,69
River_Esk_Whitby,absolute_anomaly_seasonal,Roll6_Rain_exceed_10mm,0.3635870992340137,69
River_Esk_Whitby,absolute_anomaly_seasonal,Roll6_Rain_rx1day,0.1973615482040617,69
River_Esk_Whitby,absolute_anomaly_seasonal,Roll6_Rain_rx3day,0.16187966650700744,69
River_Esk_Whitby,absolute_anomaly_seasonal,Roll6_Sunlight,0.45282718652847165,69
River_Esk_Whitby,absolute_anomaly_seasonal,Roll6_Solar_MJm2,0.0,69
River_Esk_Whitby,absolute_anomaly_seasonal,Previous_AirTemp,0.26620719231196865,69
River_Esk_Whitby,absolute_anomaly_seasonal,Previous_Humidity,0.20722890455795873,69
River_Esk_Whitby,absolute_anomaly_seasonal,Previous_Rain,3.515507595377751,69
River_Esk_Whitby,absolute_anomaly_seasonal,Previous_Rain_wetdays,0.303906926370936,69
River_Esk_Whitby,absolute_anomaly_seasonal,Previous_Rain_exceed_10mm,0.12163932379985212,69
River_Esk_Whitby,absolute_anomaly_seasonal,Previous_Rain_rx1day,3.8635056131587855,69
River_Esk_Whitby,absolute_anomaly_seasonal,Previous_Rain_rx3day,1.7652379063146173,69
River_Esk_Whitby,absolute_anomaly_seasonal,Previous_Sunlight,0.7845867346351585,69
River_Esk_Whitby,absolute_anomaly_seasonal,Previous_Solar_MJm2,0.0,69
River_Esk_Whitby,absolute_anomaly_seasonal,Current_AirTemp,0.8254175457692013,69
River_Esk_Whitby,absolute_anomaly_seasonal,Current_Humidity,5.264780983737059,69
River_Esk_Whitby,absolute_anomaly_seasonal,Current_Rain,0.5033147386210973,69
River_Esk_Whitby,absolute_anomaly_seasonal,Current_Rain_wetdays,0.4391689736801487,69
River_Esk_Whitby,absolute_anomaly_seasonal,Current_Rain_exceed_10mm,1.144002956595763,69
River_Esk_Whitby,absolute_anomaly_seasonal,Current_Rain_rx1day,0.4869035145486752,69
River_Esk_Whitby,absolute_anomaly_seasonal,Current_Rain_rx3day,0.5339008167876453,69
River_Esk_Whitby,absolute_anomaly_seasonal,Current_Sunlight,0.0,69
River_Esk_Whitby,absolute_anomaly_seasonal,Current_Solar_MJm2,0.8853390952607546,69
River_Esk_Whitby,absolute_anomaly_seasonal,Forecast_AirTemp,0.22849411498871341,69
River_Esk_Whitby,absolute_anomaly_seasonal,Forecast_Humidity,0.3306607220438284,69
River_Esk_Whitby,absolute_anomaly_seasonal,Forecast_Rain,0.35369683460943585,69
River_Esk_Whitby,absolute_anomaly_seasonal,Forecast_Rain_wetdays,0.8105893655607923,69
River_Esk_Whitby,absolute_anomaly_seasonal,Forecast_Rain_exceed_10mm,0.5547236103117131,69
River_Esk_Whitby,absolute_anomaly_seasonal,Forecast_Rain_rx1day,0.7364166542359121,69
River_Esk_Whitby,absolute_anomaly_seasonal,Forecast_Rain_rx3day,2.305201207666001,69
River_Esk_Whitby,absolute_anomaly_seasonal,Forecast_Sunlight,0.0,69
River_Esk_Whitby,absolute_anomaly_seasonal,Forecast_Solar_MJm2,1.0442442202737054,69
River_Esk_Whitby,absolute_anomaly_seasonal,Roll3_AirTemp__anomaly,0.5490981981778726,69
River_Esk_Whitby,absolute_anomaly_seasonal,Roll3_Humidity__anomaly,3.272909194856862,69
River_Esk_Whitby,absolute_anomaly_seasonal,Roll3_Rain__anomaly,0.49474282614364584,69
River_Esk_Whitby,absolute_anomaly_seasonal,Roll3_Rain_wetdays__anomaly,1.4254212506181219,69
River_Esk_Whitby,absolute_anomaly_seasonal,Roll3_Rain_exceed_10mm__anomaly,1.3589270404308396,69
River_Esk_Whitby,absolute_anomaly_seasonal,Roll3_Rain_rx1day__anomaly,0.08537058330278358,69
River_Esk_Whitby,absolute_anomaly_seasonal,Roll3_Rain_rx3day__anomaly,0.4390194810634968,69
River_Esk_Whitby,absolute_anomaly_seasonal,Roll3_Sunlight__anomaly,2.0312203370409123,69
River_Esk_Whitby,absolute_anomaly_seasonal,Roll3_Solar_MJm2__anomaly,0.0,69
River_Esk_Whitby,absolute_anomaly_seasonal,Roll6_AirTemp__anomaly,0.5253660055267957,69
River_Esk_Whitby,absolute_anomaly_seasonal,Roll6_Humidity__anomaly,0.6684883750193348,69
River_Esk_Whitby,absolute_anomaly_seasonal,Roll6_Rain__anomaly,0.6373452359511275,69
River_Esk_Whitby,absolute_anomaly_seasonal,Roll6_Rain_wetdays__anomaly,0.38302607486432194,69
River_Esk_Whitby,absolute_anomaly_seasonal,Roll6_Rain_exceed_10mm__anomaly,0.17959004902886785,69
River_Esk_Whitby,absolute_anomaly_seasonal,Roll6_Rain_rx1day__anomaly,2.3405753922040717,69
River_Esk_Whitby,absolute_anomaly_seasonal,Roll6_Rain_rx3day__anomaly,0.5670745904654902,69
River_Esk_Whitby,absolute_anomaly_seasonal,Roll6_Sunlight__anomaly,0.6513557972262479,69
River_Esk_Whitby,absolute_anomaly_seasonal,Roll6_Solar_MJm2__anomaly,0.0,69
River_Esk_Whitby,absolute_anomaly_seasonal,Previous_AirTemp__anomaly,0.7884501553859072,69
River_Esk_Whitby,absolute_anomaly_seasonal,Previous_Humidity__anomaly,0.48111330806169733,69
River_Esk_Whitby,absolute_anomaly_seasonal,Previous_Rain__anomaly,0.5662186753436259,69
River_Esk_Whitby,absolute_anomaly_seasonal,Previous_Rain_wetdays__anomaly,1.823693268441561,69
River_Esk_Whitby,absolute_anomaly_seasonal,Previous_Rain_exceed_10mm__anomaly,1.62893813296933,69
River_Esk_Whitby,absolute_anomaly_seasonal,Previous_Rain_rx1day__anomaly,0.8743720674933451,69
River_Esk_Whitby,absolute_anomaly_seasonal,Previous_Rain_rx3day__anomaly,2.0527799330676975,69
River_Esk_Whitby,absolute_anomaly_seasonal,Previous_Sunlight__anomaly,0.794719851475617,69
River_Esk_Whitby,absolute_anomaly_seasonal,Previous_Solar_MJm2__anomaly,0.0,69
River_Esk_Whitby,absolute_anomaly_seasonal,Current_AirTemp__anomaly,2.4585651149172834,69
River_Esk_Whitby,absolute_anomaly_seasonal,Current_Humidity__anomaly,0.659379845628137,69
River_Esk_Whitby,absolute_anomaly_seasonal,Current_Rain__anomaly,1.4580858363396614,69
River_Esk_Whitby,absolute_anomaly_seasonal,Current_Rain_wetdays__anomaly,0.15404047571449989,69
River_Esk_Whitby,absolute_anomaly_seasonal,Current_Rain_exceed_10mm__anomaly,2.196476116093105,69
River_Esk_Whitby,absolute_anomaly_seasonal,Current_Rain_rx1day__anomaly,1.128766910003541,69
River_Esk_Whitby,absolute_anomaly_seasonal,Current_Rain_rx3day__anomaly,0.5749789016860531,69
River_Esk_Whitby,absolute_anomaly_seasonal,Current_Sunlight__anomaly,0.0,69
River_Esk_Whitby,absolute_anomaly_seasonal,Current_Solar_MJm2__anomaly,0.5230591837883355,69
River_Esk_Whitby,absolute_anomaly_seasonal,Forecast_AirTemp__anomaly,0.9264327508678888,69
River_Esk_Whitby,absolute_anomaly_seasonal,Forecast_Humidity__anomaly,0.5229275702834173,69
River_Esk_Whitby,absolute_anomaly_seasonal,Forecast_Rain__anomaly,0.5059826230724149,69
River_Esk_Whitby,absolute_anomaly_seasonal,Forecast_Rain_wetdays__anomaly,0.5444109308742034,69
River_Esk_Whitby,absolute_anomaly_seasonal,Forecast_Rain_exceed_10mm__anomaly,0.4098809892568227,69
River_Esk_Whitby,absolute_anomaly_seasonal,Forecast_Rain_rx1day__anomaly,0.5195642636098758,69
River_Esk_Whitby,absolute_anomaly_seasonal,Forecast_Rain_rx3day__anomaly,2.9318896412733197,69
River_Esk_Whitby,absolute_anomaly_seasonal,Forecast_Sunlight__anomaly,0.0,69
River_Esk_Whitby,absolute_anomaly_seasonal,Forecast_Solar_MJm2__anomaly,0.8378198258158654,69
River_Esk_Whitby,absolute_anomaly_seasonal,Month_Sin,0.2691064108417005,69
River_Esk_Whitby,absolute_anomaly_seasonal,Month_Cos,0.11523966618711592,69
River_Esk_Whitby,absolute_anomaly_seasonal,CSO_Individual_CSO_012134,1.3497436469173199,69
River_Esk_Whitby,absolute_anomaly_seasonal,CSO_Individual_CSO_012662,0.31622110293803174,69
River_Esk_Whitby,absolute_anomaly_seasonal,CSO_Individual_CSO_012663,0.8446291051868742,69
River_Esk_Whitby,absolute_anomaly_seasonal,CSO_Individual_CSO_012664,14.202852382839765,69
River_Esk_Whitby,absolute_anomaly_seasonal,CSO_Individual_CSO_012665,0.7620081781651209,69
River_Esk_Whitby,absolute_anomaly_seasonal,CSO_Individual_CSO_012679,0.03943920129483056,69
River_Esk_Whitby,absolute_anomaly_seasonal,CSO_Individual_CSO_012682,0.2614430384551373,69
River_Esk_Whitby,absolute_anomaly_seasonal,CSO_Individual_CSO_012685,0.42418919007674677,69
River_Esk_Whitby,absolute_anomaly_seasonal,CSO_Individual_CSO_012687,0.4311292949566197,69
River_Esk_Whitby,absolute_anomaly_seasonal,CSO_Individual_CSO_012688,0.28284880702386656,69
River_Esk_Whitby,absolute_anomaly_seasonal,CSO_Individual_CSO_013315,0.13317217182190064,69
River_Esk_Whitby,absolute_anomaly_seasonal,CSO_Network_0_10km_count,0.0,69
River_Esk_Whitby,absolute_anomaly_seasonal,CSO_Network_0_10km_max,0.005813356604343138,69
River_Esk_Whitby,absolute_anomaly_seasonal,CSO_Network_0_10km_mean,4.2291586874176295,69
River_Esk_Whitby,absolute_anomaly_seasonal,CSO_Network_10_20km_count,0.0,69
River_Esk_Whitby,absolute_anomaly_seasonal,CSO_Network_10_20km_max,4.619999816391021e-06,69
River_Esk_Whitby,absolute_anomaly_seasonal,CSO_Network_10_20km_mean,0.15809225675261035,69
River_Esk_Whitby,absolute_anomaly_seasonal,CSO_Network_20_30km_count,0.0,69
River_Esk_Whitby,absolute_anomaly_seasonal,CSO_Network_20_30km_max,0.36148243767711413,69
River_Esk_Whitby,absolute_anomaly_seasonal,CSO_Network_20_30km_mean,0.021819834976634738,69
River_Esk_Whitby,absolute_anomaly_seasonal,CSO_Network_40_50km_count,0.0,69
River_Esk_Whitby,absolute_anomaly_seasonal,CSO_Network_40_50km_max,0.010386203505132427,69
River_Esk_Whitby,absolute_anomaly_seasonal,CSO_Network_40_50km_mean,0.15365875853066238,69
River_Great_Ouse_Bedford,absolute_anomaly_seasonal,Roll3_AirTemp,0.4583872079504589,69
River_Great_Ouse_Bedford,absolute_anomaly_seasonal,Roll3_Humidity,0.3481817013173854,69
River_Great_Ouse_Bedford,absolute_anomaly_seasonal,Roll3_Rain,0.3629140275378862,69
River_Great_Ouse_Bedford,absolute_anomaly_seasonal,Roll3_Rain_wetdays,0.9278285707157056,69
River_Great_Ouse_Bedford,absolute_anomaly_seasonal,Roll3_Rain_exceed_10mm,0.4092562150886468,69
River_Great_Ouse_Bedford,absolute_anomaly_seasonal,Roll3_Rain_rx1day,0.37755679095010525,69
River_Great_Ouse_Bedford,absolute_anomaly_seasonal,Roll3_Rain_rx3day,0.32140718015804837,69
River_Great_Ouse_Bedford,absolute_anomaly_seasonal,Roll3_Sunlight,0.5337311767488342,69
River_Great_Ouse_Bedford,absolute_anomaly_seasonal,Roll3_Solar_MJm2,0.0,69
River_Great_Ouse_Bedford,absolute_anomaly_seasonal,Roll6_AirTemp,1.4084963971986642,69
River_Great_Ouse_Bedford,absolute_anomaly_seasonal,Roll6_Humidity,1.6934535064253227,69
River_Great_Ouse_Bedford,absolute_anomaly_seasonal,Roll6_Rain,0.8617077558332269,69
River_Great_Ouse_Bedford,absolute_anomaly_seasonal,Roll6_Rain_wetdays,0.24526350570825636,69
River_Great_Ouse_Bedford,absolute_anomaly_seasonal,Roll6_Rain_exceed_10mm,0.19726385269816354,69
River_Great_Ouse_Bedford,absolute_anomaly_seasonal,Roll6_Rain_rx1day,0.20302533250715407,69
River_Great_Ouse_Bedford,absolute_anomaly_seasonal,Roll6_Rain_rx3day,0.1273612735731897,69
River_Great_Ouse_Bedford,absolute_anomaly_seasonal,Roll6_Sunlight,2.20613497104047,69
River_Great_Ouse_Bedford,absolute_anomaly_seasonal,Roll6_Solar_MJm2,0.0,69
River_Great_Ouse_Bedford,absolute_anomaly_seasonal,Previous_AirTemp,0.44321406157074583,69
River_Great_Ouse_Bedford,absolute_anomaly_seasonal,Previous_Humidity,0.4509255586334651,69
River_Great_Ouse_Bedford,absolute_anomaly_seasonal,Previous_Rain,0.48266714569806707,69
River_Great_Ouse_Bedford,absolute_anomaly_seasonal,Previous_Rain_wetdays,0.16004846666504144,69
River_Great_Ouse_Bedford,absolute_anomaly_seasonal,Previous_Rain_exceed_10mm,0.34027999921088137,69
River_Great_Ouse_Bedford,absolute_anomaly_seasonal,Previous_Rain_rx1day,0.3151632790478274,69
River_Great_Ouse_Bedford,absolute_anomaly_seasonal,Previous_Rain_rx3day,0.30057842877189356,69
River_Great_Ouse_Bedford,absolute_anomaly_seasonal,Previous_Sunlight,0.12530906991068905,69
River_Great_Ouse_Bedford,absolute_anomaly_seasonal,Previous_Solar_MJm2,0.0,69
River_Great_Ouse_Bedford,absolute_anomaly_seasonal,Current_AirTemp,0.22009463875757523,69
River_Great_Ouse_Bedford,absolute_anomaly_seasonal,Current_Humidity,13.58874805284741,69
River_Great_Ouse_Bedford,absolute_anomaly_seasonal,Current_Rain,1.3666818546728428,69
River_Great_Ouse_Bedford,absolute_anomaly_seasonal,Current_Rain_wetdays,0.2064597121244208,69
River_Great_Ouse_Bedford,absolute_anomaly_seasonal,Current_Rain_exceed_10mm,0.35972653899300894,69
River_Great_Ouse_Bedford,absolute_anomaly_seasonal,Current_Rain_rx1day,0.801007937020933,69
River_Great_Ouse_Bedford,absolute_anomaly_seasonal,Current_Rain_rx3day,0.5859920609282547,69
River_Great_Ouse_Bedford,absolute_anomaly_seasonal,Current_Sunlight,0.0,69
River_Great_Ouse_Bedford,absolute_anomaly_seasonal,Current_Solar_MJm2,3.4506151382455883,69
River_Great_Ouse_Bedford,absolute_anomaly_seasonal,Forecast_AirTemp,0.12885811975713193,69
River_Great_Ouse_Bedford,absolute_anomaly_seasonal,Forecast_Humidity,0.7619085257836485,69
River_Great_Ouse_Bedford,absolute_anomaly_seasonal,Forecast_Rain,2.821588342241175,69
River_Great_Ouse_Bedford,absolute_anomaly_seasonal,Forecast_Rain_wetdays,0.21909675363318354,69
River_Great_Ouse_Bedford,absolute_anomaly_seasonal,Forecast_Rain_exceed_10mm,1.193842226831169,69
River_Great_Ouse_Bedford,absolute_anomaly_seasonal,Forecast_Rain_rx1day,1.5095242470198216,69
River_Great_Ouse_Bedford,absolute_anomaly_seasonal,Forecast_Rain_rx3day,0.9597038738656669,69
River_Great_Ouse_Bedford,absolute_anomaly_seasonal,Forecast_Sunlight,0.0,69
River_Great_Ouse_Bedford,absolute_anomaly_seasonal,Forecast_Solar_MJm2,0.4266179093393379,69
River_Great_Ouse_Bedford,absolute_anomaly_seasonal,Roll3_AirTemp__anomaly,0.2913579370263352,69
River_Great_Ouse_Bedford,absolute_anomaly_seasonal,Roll3_Humidity__anomaly,1.7159257109580892,69
River_Great_Ouse_Bedford,absolute_anomaly_seasonal,Roll3_Rain__anomaly,1.5315737383650911,69
River_Great_Ouse_Bedford,absolute_anomaly_seasonal,Roll3_Rain_wetdays__anomaly,0.19004352128857893,69
River_Great_Ouse_Bedford,absolute_anomaly_seasonal,Roll3_Rain_exceed_10mm__anomaly,0.27307083883812766,69
River_Great_Ouse_Bedford,absolute_anomaly_seasonal,Roll3_Rain_rx1day__anomaly,3.199188558935839,69
River_Great_Ouse_Bedford,absolute_anomaly_seasonal,Roll3_Rain_rx3day__anomaly,1.5481617451278056,69
River_Great_Ouse_Bedford,absolute_anomaly_seasonal,Roll3_Sunlight__anomaly,0.5300348655627052,69
River_Great_Ouse_Bedford,absolute_anomaly_seasonal,Roll3_Solar_MJm2__anomaly,0.0,69
River_Great_Ouse_Bedford,absolute_anomaly_seasonal,Roll6_AirTemp__anomaly,0.48295564119772033,69
River_Great_Ouse_Bedford,absolute_anomaly_seasonal,Roll6_Humidity__anomaly,3.4891351449780434,69
River_Great_Ouse_Bedford,absolute_anomaly_seasonal,Roll6_Rain__anomaly,0.527311702296,69
River_Great_Ouse_Bedford,absolute_anomaly_seasonal,Roll6_Rain_wetdays__anomaly,0.27957629878690543,69
River_Great_Ouse_Bedford,absolute_anomaly_seasonal,Roll6_Rain_exceed_10mm__anomaly,1.0078131309680658,69
River_Great_Ouse_Bedford,absolute_anomaly_seasonal,Roll6_Rain_rx1day__anomaly,3.366349442611158,69
River_Great_Ouse_Bedford,absolute_anomaly_seasonal,Roll6_Rain_rx3day__anomaly,1.7276074511996014,69
River_Great_Ouse_Bedford,absolute_anomaly_seasonal,Roll6_Sunlight__anomaly,0.7950366829635452,69
River_Great_Ouse_Bedford,absolute_anomaly_seasonal,Roll6_Solar_MJm2__anomaly,0.0,69
River_Great_Ouse_Bedford,absolute_anomaly_seasonal,Previous_AirTemp__anomaly,13.382252684312515,69
River_Great_Ouse_Bedford,absolute_anomaly_seasonal,Previous_Humidity__anomaly,0.334489995439311,69
River_Great_Ouse_Bedford,absolute_anomaly_seasonal,Previous_Rain__anomaly,2.781887048151803,69
River_Great_Ouse_Bedford,absolute_anomaly_seasonal,Previous_Rain_wetdays__anomaly,0.40091123738475515,69
River_Great_Ouse_Bedford,absolute_anomaly_seasonal,Previous_Rain_exceed_10mm__anomaly,0.966764810002505,69
River_Great_Ouse_Bedford,absolute_anomaly_seasonal,Previous_Rain_rx1day__anomaly,0.31356867908871405,69
River_Great_Ouse_Bedford,absolute_anomaly_seasonal,Previous_Rain_rx3day__anomaly,0.14025893584131255,69
River_Great_Ouse_Bedford,absolute_anomaly_seasonal,Previous_Sunlight__anomaly,0.2618015137241286,69
River_Great_Ouse_Bedford,absolute_anomaly_seasonal,Previous_Solar_MJm2__anomaly,0.0,69
River_Great_Ouse_Bedford,absolute_anomaly_seasonal,Current_AirTemp__anomaly,0.9903662405630203,69
River_Great_Ouse_Bedford,absolute_anomaly_seasonal,Current_Humidity__anomaly,1.1633362656466677,69
River_Great_Ouse_Bedford,absolute_anomaly_seasonal,Current_Rain__anomaly,0.5418406197190307,69
River_Great_Ouse_Bedford,absolute_anomaly_seasonal,Current_Rain_wetdays__anomaly,0.49578412594203586,69
River_Great_Ouse_Bedford,absolute_anomaly_seasonal,Current_Rain_exceed_10mm__anomaly,0.4087171919123843,69
River_Great_Ouse_Bedford,absolute_anomaly_seasonal,Current_Rain_rx1day__anomaly,0.34441067200398867,69
River_Great_Ouse_Bedford,absolute_anomaly_seasonal,Current_Rain_rx3day__anomaly,0.150490158194509,69
River_Great_Ouse_Bedford,absolute_anomaly_seasonal,Current_Sunlight__anomaly,0.0,69
River_Great_Ouse_Bedford,absolute_anomaly_seasonal,Current_Solar_MJm2__anomaly,0.34877851126636006,69
River_Great_Ouse_Bedford,absolute_anomaly_seasonal,Forecast_AirTemp__anomaly,0.35699240597503484,69
River_Great_Ouse_Bedford,absolute_anomaly_seasonal,Forecast_Humidity__anomaly,2.380052135208072,69
River_Great_Ouse_Bedford,absolute_anomaly_seasonal,Forecast_Rain__anomaly,2.666549190219223,69
River_Great_Ouse_Bedford,absolute_anomaly_seasonal,Forecast_Rain_wetdays__anomaly,1.2349239124100113,69
River_Great_Ouse_Bedford,absolute_anomaly_seasonal,Forecast_Rain_exceed_10mm__anomaly,0.20982803968218358,69
River_Great_Ouse_Bedford,absolute_anomaly_seasonal,Forecast_Rain_rx1day__anomaly,0.876009555025529,69
River_Great_Ouse_Bedford,absolute_anomaly_seasonal,Forecast_Rain_rx3day__anomaly,0.5013412533356415,69
River_Great_Ouse_Bedford,absolute_anomaly_seasonal,Forecast_Sunlight__anomaly,0.0,69
River_Great_Ouse_Bedford,absolute_anomaly_seasonal,Forecast_Solar_MJm2__anomaly,0.2746108998845852,69
River_Great_Ouse_Bedford,absolute_anomaly_seasonal,Month_Sin,0.03349606529817541,69
River_Great_Ouse_Bedford,absolute_anomaly_seasonal,Month_Cos,0.018755927065386865,69
River_Great_Ouse_Bedford,absolute_anomaly_seasonal,CSO_Individual_CSO_000155,1.0047966683373901,69
River_Great_Ouse_Bedford,absolute_anomaly_seasonal,CSO_Individual_CSO_000268,0.1459891475087957,69
River_Great_Ouse_Bedford,absolute_anomaly_seasonal,CSO_Individual_CSO_000270,0.058452327421027205,69
River_Great_Ouse_Bedford,absolute_anomaly_seasonal,CSO_Individual_CSO_001184,2.7546779909978274,69
River_Great_Ouse_Bedford,absolute_anomaly_seasonal,CSO_Individual_CSO_001381,0.15460406678850672,69
River_Great_Ouse_Bedford,absolute_anomaly_seasonal,CSO_Network_0_10km_count,0.0,69
River_Great_Ouse_Bedford,absolute_anomaly_seasonal,CSO_Network_0_10km_max,0.435103191728792,69
River_Great_Ouse_Bedford,absolute_anomaly_seasonal,CSO_Network_0_10km_mean,0.003528997688893442,69
River_Great_Ouse_Bedford,absolute_anomaly_seasonal,CSO_Network_100_125km_count,0.0,69
River_Great_Ouse_Bedford,absolute_anomaly_seasonal,CSO_Network_100_125km_max,0.07261557594742545,69
River_Great_Ouse_Bedford,absolute_anomaly_seasonal,CSO_Network_100_125km_mean,0.007839659458270429,69
River_Great_Ouse_Bedford,absolute_anomaly_seasonal,CSO_Network_20_30km_count,0.0,69
River_Great_Ouse_Bedford,absolute_anomaly_seasonal,CSO_Network_20_30km_max,0.1835143638256849,69
River_Great_Ouse_Bedford,absolute_anomaly_seasonal,CSO_Network_20_30km_mean,0.023235456517382513,69
River_Great_Ouse_Bedford,absolute_anomaly_seasonal,CSO_Network_30_40km_count,0.0,69
River_Great_Ouse_Bedford,absolute_anomaly_seasonal,CSO_Network_30_40km_max,0.043804492304269874,69
River_Great_Ouse_Bedford,absolute_anomaly_seasonal,CSO_Network_30_40km_mean,0.018986570292538387,69
River_Great_Ouse_Bedford,absolute_anomaly_seasonal,CSO_Network_40_50km_count,0.0,69
River_Great_Ouse_Bedford,absolute_anomaly_seasonal,CSO_Network_40_50km_max,0.16008093021347747,69
River_Great_Ouse_Bedford,absolute_anomaly_seasonal,CSO_Network_40_50km_mean,0.0,69
River_Great_Ouse_Bedford,absolute_anomaly_seasonal,CSO_Network_50_60km_count,0.0,69
River_Great_Ouse_Bedford,absolute_anomaly_seasonal,CSO_Network_50_60km_max,0.00274961598452124,69
River_Great_Ouse_Bedford,absolute_anomaly_seasonal,CSO_Network_50_60km_mean,0.4266217081928994,69
River_Great_Ouse_Bedford,absolute_anomaly_seasonal,CSO_Network_60_70km_count,0.0,69
River_Great_Ouse_Bedford,absolute_anomaly_seasonal,CSO_Network_60_70km_max,0.002632138578974869,69
River_Great_Ouse_Bedford,absolute_anomaly_seasonal,CSO_Network_60_70km_mean,0.011566272590054513,69
River_Great_Ouse_Bedford,absolute_anomaly_seasonal,CSO_Network_70_80km_count,0.0,69
River_Great_Ouse_Bedford,absolute_anomaly_seasonal,CSO_Network_70_80km_max,0.01637599852631724,69
River_Great_Ouse_Bedford,absolute_anomaly_seasonal,CSO_Network_70_80km_mean,0.0,69
River_Great_Ouse_Bedford,absolute_anomaly_seasonal,CSO_Network_80_90km_count,0.0,69
River_Great_Ouse_Bedford,absolute_anomaly_seasonal,CSO_Network_80_90km_max,0.010663091067888411,69
River_Great_Ouse_Bedford,absolute_anomaly_seasonal,CSO_Network_80_90km_mean,0.0,69
River_Great_Ouse_Bedford,absolute_anomaly_seasonal,CSO_Network_90_100km_count,0.0,69
River_Great_Ouse_Bedford,absolute_anomaly_seasonal,CSO_Network_90_100km_max,0.007995997399268585,69
River_Great_Ouse_Bedford,absolute_anomaly_seasonal,CSO_Network_90_100km_mean,0.020183847207999844,69
River_Hull_Driffield,absolute_anomaly_seasonal,Roll3_AirTemp,0.33953365279048614,69
River_Hull_Driffield,absolute_anomaly_seasonal,Roll3_Humidity,0.24379040851328226,69
River_Hull_Driffield,absolute_anomaly_seasonal,Roll3_Rain,0.783112449932786,69
River_Hull_Driffield,absolute_anomaly_seasonal,Roll3_Rain_wetdays,1.6664374284388055,69
River_Hull_Driffield,absolute_anomaly_seasonal,Roll3_Rain_exceed_10mm,0.28815998284403266,69
River_Hull_Driffield,absolute_anomaly_seasonal,Roll3_Rain_rx1day,3.1285688120956676,69
River_Hull_Driffield,absolute_anomaly_seasonal,Roll3_Rain_rx3day,0.4928548635185241,69
River_Hull_Driffield,absolute_anomaly_seasonal,Roll3_Sunlight,0.37811076866869475,69
River_Hull_Driffield,absolute_anomaly_seasonal,Roll3_Solar_MJm2,0.0,69
River_Hull_Driffield,absolute_anomaly_seasonal,Roll6_AirTemp,0.6483434981589645,69
River_Hull_Driffield,absolute_anomaly_seasonal,Roll6_Humidity,1.0952093266536997,69
River_Hull_Driffield,absolute_anomaly_seasonal,Roll6_Rain,0.5687365261778957,69
River_Hull_Driffield,absolute_anomaly_seasonal,Roll6_Rain_wetdays,0.8125073861234253,69
River_Hull_Driffield,absolute_anomaly_seasonal,Roll6_Rain_exceed_10mm,1.7264007235231547,69
River_Hull_Driffield,absolute_anomaly_seasonal,Roll6_Rain_rx1day,0.8060784912483351,69
River_Hull_Driffield,absolute_anomaly_seasonal,Roll6_Rain_rx3day,1.6360756209546525,69
River_Hull_Driffield,absolute_anomaly_seasonal,Roll6_Sunlight,0.5416144668767339,69
River_Hull_Driffield,absolute_anomaly_seasonal,Roll6_Solar_MJm2,0.0,69
River_Hull_Driffield,absolute_anomaly_seasonal,Previous_AirTemp,1.74188568622283,69
River_Hull_Driffield,absolute_anomaly_seasonal,Previous_Humidity,0.3737401965722538,69
River_Hull_Driffield,absolute_anomaly_seasonal,Previous_Rain,0.28454297447866717,69
River_Hull_Driffield,absolute_anomaly_seasonal,Previous_Rain_wetdays,0.48094185325841693,69
River_Hull_Driffield,absolute_anomaly_seasonal,Previous_Rain_exceed_10mm,0.5710580975048011,69
River_Hull_Driffield,absolute_anomaly_seasonal,Previous_Rain_rx1day,1.2445159025158592,69
River_Hull_Driffield,absolute_anomaly_seasonal,Previous_Rain_rx3day,1.0052416117779492,69
River_Hull_Driffield,absolute_anomaly_seasonal,Previous_Sunlight,0.8128378361677269,69
River_Hull_Driffield,absolute_anomaly_seasonal,Previous_Solar_MJm2,0.0,69
River_Hull_Driffield,absolute_anomaly_seasonal,Current_AirTemp,0.7989435578092703,69
River_Hull_Driffield,absolute_anomaly_seasonal,Current_Humidity,0.9004011589451313,69
River_Hull_Driffield,absolute_anomaly_seasonal,Current_Rain,0.3046128175920536,69
River_Hull_Driffield,absolute_anomaly_seasonal,Current_Rain_wetdays,0.4868285645291756,69
River_Hull_Driffield,absolute_anomaly_seasonal,Current_Rain_exceed_10mm,0.39708917803507887,69
River_Hull_Driffield,absolute_anomaly_seasonal,Current_Rain_rx1day,0.47751249653682104,69
River_Hull_Driffield,absolute_anomaly_seasonal,Current_Rain_rx3day,0.1655944098173042,69
River_Hull_Driffield,absolute_anomaly_seasonal,Current_Sunlight,0.0,69
River_Hull_Driffield,absolute_anomaly_seasonal,Current_Solar_MJm2,0.15845572941234262,69
River_Hull_Driffield,absolute_anomaly_seasonal,Forecast_AirTemp,9.340840497092199,69
River_Hull_Driffield,absolute_anomaly_seasonal,Forecast_Humidity,0.7326500991234787,69
River_Hull_Driffield,absolute_anomaly_seasonal,Forecast_Rain,0.7317301394612026,69
River_Hull_Driffield,absolute_anomaly_seasonal,Forecast_Rain_wetdays,0.5403428698727876,69
River_Hull_Driffield,absolute_anomaly_seasonal,Forecast_Rain_exceed_10mm,1.8031031737203305,69
River_Hull_Driffield,absolute_anomaly_seasonal,Forecast_Rain_rx1day,0.6333184635574491,69
River_Hull_Driffield,absolute_anomaly_seasonal,Forecast_Rain_rx3day,1.1751757854232934,69
River_Hull_Driffield,absolute_anomaly_seasonal,Forecast_Sunlight,0.0,69
River_Hull_Driffield,absolute_anomaly_seasonal,Forecast_Solar_MJm2,0.5228793315844489,69
River_Hull_Driffield,absolute_anomaly_seasonal,Roll3_AirTemp__anomaly,0.6538535631346852,69
River_Hull_Driffield,absolute_anomaly_seasonal,Roll3_Humidity__anomaly,1.4267714522163037,69
River_Hull_Driffield,absolute_anomaly_seasonal,Roll3_Rain__anomaly,0.1714381513673299,69
River_Hull_Driffield,absolute_anomaly_seasonal,Roll3_Rain_wetdays__anomaly,7.915388639935122,69
River_Hull_Driffield,absolute_anomaly_seasonal,Roll3_Rain_exceed_10mm__anomaly,0.8988928908233966,69
River_Hull_Driffield,absolute_anomaly_seasonal,Roll3_Rain_rx1day__anomaly,6.9429069823122145,69
River_Hull_Driffield,absolute_anomaly_seasonal,Roll3_Rain_rx3day__anomaly,0.3025751992032678,69
River_Hull_Driffield,absolute_anomaly_seasonal,Roll3_Sunlight__anomaly,1.5303401754988997,69
River_Hull_Driffield,absolute_anomaly_seasonal,Roll3_Solar_MJm2__anomaly,0.0,69
River_Hull_Driffield,absolute_anomaly_seasonal,Roll6_AirTemp__anomaly,0.6387954798392372,69
River_Hull_Driffield,absolute_anomaly_seasonal,Roll6_Humidity__anomaly,0.9268477022962681,69
River_Hull_Driffield,absolute_anomaly_seasonal,Roll6_Rain__anomaly,1.723615597589476,69
River_Hull_Driffield,absolute_anomaly_seasonal,Roll6_Rain_wetdays__anomaly,1.4742120022596115,69
River_Hull_Driffield,absolute_anomaly_seasonal,Roll6_Rain_exceed_10mm__anomaly,0.9619964368095152,69
River_Hull_Driffield,absolute_anomaly_seasonal,Roll6_Rain_rx1day__anomaly,1.3734898858874387,69
River_Hull_Driffield,absolute_anomaly_seasonal,Roll6_Rain_rx3day__anomaly,1.3661301898877098,69
River_Hull_Driffield,absolute_anomaly_seasonal,Roll6_Sunlight__anomaly,0.6129212218231139,69
River_Hull_Driffield,absolute_anomaly_seasonal,Roll6_Solar_MJm2__anomaly,0.0,69
River_Hull_Driffield,absolute_anomaly_seasonal,Previous_AirTemp__anomaly,1.556699259489323,69
River_Hull_Driffield,absolute_anomaly_seasonal,Previous_Humidity__anomaly,0.8801875466726194,69
River_Hull_Driffield,absolute_anomaly_seasonal,Previous_Rain__anomaly,1.0593636843747187,69
River_Hull_Driffield,absolute_anomaly_seasonal,Previous_Rain_wetdays__anomaly,4.957277600896345,69
River_Hull_Driffield,absolute_anomaly_seasonal,Previous_Rain_exceed_10mm__anomaly,0.7238550251601977,69
River_Hull_Driffield,absolute_anomaly_seasonal,Previous_Rain_rx1day__anomaly,1.0130860135279438,69
River_Hull_Driffield,absolute_anomaly_seasonal,Previous_Rain_rx3day__anomaly,1.102296014906105,69
River_Hull_Driffield,absolute_anomaly_seasonal,Previous_Sunlight__anomaly,0.9542501081024098,69
River_Hull_Driffield,absolute_anomaly_seasonal,Previous_Solar_MJm2__anomaly,0.0,69
River_Hull_Driffield,absolute_anomaly_seasonal,Current_AirTemp__anomaly,2.5226104453726585,69
River_Hull_Driffield,absolute_anomaly_seasonal,Current_Humidity__anomaly,0.5872320859723127,69
River_Hull_Driffield,absolute_anomaly_seasonal,Current_Rain__anomaly,0.2982988823712923,69
River_Hull_Driffield,absolute_anomaly_seasonal,Current_Rain_wetdays__anomaly,1.4010169056244102,69
River_Hull_Driffield,absolute_anomaly_seasonal,Current_Rain_exceed_10mm__anomaly,0.5483881502142782,69
River_Hull_Driffield,absolute_anomaly_seasonal,Current_Rain_rx1day__anomaly,1.337394013634691,69
River_Hull_Driffield,absolute_anomaly_seasonal,Current_Rain_rx3day__anomaly,0.7797274249223065,69
River_Hull_Driffield,absolute_anomaly_seasonal,Current_Sunlight__anomaly,0.0,69
River_Hull_Driffield,absolute_anomaly_seasonal,Current_Solar_MJm2__anomaly,3.7789840509076886,69
River_Hull_Driffield,absolute_anomaly_seasonal,Forecast_AirTemp__anomaly,2.253936814677398,69
River_Hull_Driffield,absolute_anomaly_seasonal,Forecast_Humidity__anomaly,0.28625998580948353,69
River_Hull_Driffield,absolute_anomaly_seasonal,Forecast_Rain__anomaly,0.34716526078145615,69
River_Hull_Driffield,absolute_anomaly_seasonal,Forecast_Rain_wetdays__anomaly,0.35185468802299746,69
River_Hull_Driffield,absolute_anomaly_seasonal,Forecast_Rain_exceed_10mm__anomaly,0.580118507922398,69
River_Hull_Driffield,absolute_anomaly_seasonal,Forecast_Rain_rx1day__anomaly,0.4752882723206273,69
River_Hull_Driffield,absolute_anomaly_seasonal,Forecast_Rain_rx3day__anomaly,0.4075413155663391,69
River_Hull_Driffield,absolute_anomaly_seasonal,Forecast_Sunlight__anomaly,0.0,69
River_Hull_Driffield,absolute_anomaly_seasonal,Forecast_Solar_MJm2__anomaly,0.2185436689931377,69
River_Hull_Driffield,absolute_anomaly_seasonal,Month_Sin,0.545734064987472,69
River_Hull_Driffield,absolute_anomaly_seasonal,Month_Cos,0.15588260266261358,69
River_Hull_Driffield,absolute_anomaly_seasonal,CSO_Individual_CSO_013986,0.3058190401334342,69
River_Hull_Driffield,absolute_anomaly_seasonal,CSO_Individual_CSO_014010,0.01851200005910673,69
River_Hull_Driffield,absolute_anomaly_seasonal,CSO_Network_0_10km_count,0.0,69
River_Hull_Driffield,absolute_anomaly_seasonal,CSO_Network_0_10km_max,0.22177117269016008,69
River_Hull_Driffield,absolute_anomaly_seasonal,CSO_Network_0_10km_mean,3.2142957735965355e-05,69
River_Hull_Driffield,absolute_anomaly_seasonal,CSO_Network_10_20km_count,0.0,69
River_Hull_Driffield,absolute_anomaly_seasonal,CSO_Network_10_20km_max,0.5353887985310745,69
River_Hull_Driffield,absolute_anomaly_seasonal,CSO_Network_10_20km_mean,0.03553204332166631,69
River_Itchen_Otterbourne,absolute_anomaly_seasonal,Roll3_AirTemp,0.23959107580405595,57
River_Itchen_Otterbourne,absolute_anomaly_seasonal,Roll3_Humidity,0.2979995323817393,57
River_Itchen_Otterbourne,absolute_anomaly_seasonal,Roll3_Rain,0.4328475809217976,57
River_Itchen_Otterbourne,absolute_anomaly_seasonal,Roll3_Rain_wetdays,0.37408639667984184,57
River_Itchen_Otterbourne,absolute_anomaly_seasonal,Roll3_Rain_exceed_10mm,0.23154090012755713,57
River_Itchen_Otterbourne,absolute_anomaly_seasonal,Roll3_Rain_rx1day,0.2951526093700256,57
River_Itchen_Otterbourne,absolute_anomaly_seasonal,Roll3_Rain_rx3day,0.5194519582939151,57
River_Itchen_Otterbourne,absolute_anomaly_seasonal,Roll3_Sunlight,0.661895899140111,57
River_Itchen_Otterbourne,absolute_anomaly_seasonal,Roll3_Solar_MJm2,0.0,57
River_Itchen_Otterbourne,absolute_anomaly_seasonal,Roll6_AirTemp,0.5626801421167584,57
River_Itchen_Otterbourne,absolute_anomaly_seasonal,Roll6_Humidity,1.230448651603555,57
River_Itchen_Otterbourne,absolute_anomaly_seasonal,Roll6_Rain,3.6058216909751044,57
River_Itchen_Otterbourne,absolute_anomaly_seasonal,Roll6_Rain_wetdays,0.3906772036779167,57
River_Itchen_Otterbourne,absolute_anomaly_seasonal,Roll6_Rain_exceed_10mm,1.7822714301844291,57
River_Itchen_Otterbourne,absolute_anomaly_seasonal,Roll6_Rain_rx1day,1.4619811708132426,57
River_Itchen_Otterbourne,absolute_anomaly_seasonal,Roll6_Rain_rx3day,0.12621412729920445,57
River_Itchen_Otterbourne,absolute_anomaly_seasonal,Roll6_Sunlight,0.3848712847625428,57
River_Itchen_Otterbourne,absolute_anomaly_seasonal,Roll6_Solar_MJm2,0.0,57
River_Itchen_Otterbourne,absolute_anomaly_seasonal,Previous_AirTemp,0.23788852582215564,57
River_Itchen_Otterbourne,absolute_anomaly_seasonal,Previous_Humidity,0.43693389044971287,57
River_Itchen_Otterbourne,absolute_anomaly_seasonal,Previous_Rain,0.9266693797375624,57
River_Itchen_Otterbourne,absolute_anomaly_seasonal,Previous_Rain_wetdays,1.5154351881495263,57
River_Itchen_Otterbourne,absolute_anomaly_seasonal,Previous_Rain_exceed_10mm,0.5910412246824256,57
River_Itchen_Otterbourne,absolute_anomaly_seasonal,Previous_Rain_rx1day,1.4556714024647515,57
River_Itchen_Otterbourne,absolute_anomaly_seasonal,Previous_Rain_rx3day,0.3702949103690228,57
River_Itchen_Otterbourne,absolute_anomaly_seasonal,Previous_Sunlight,0.27226901980656165,57
River_Itchen_Otterbourne,absolute_anomaly_seasonal,Previous_Solar_MJm2,0.0,57
River_Itchen_Otterbourne,absolute_anomaly_seasonal,Current_AirTemp,1.003899812165947,57
River_Itchen_Otterbourne,absolute_anomaly_seasonal,Current_Humidity,0.2640958065279445,57
River_Itchen_Otterbourne,absolute_anomaly_seasonal,Current_Rain,0.4678055976901383,57
River_Itchen_Otterbourne,absolute_anomaly_seasonal,Current_Rain_wetdays,1.2586862773026026,57
River_Itchen_Otterbourne,absolute_anomaly_seasonal,Current_Rain_exceed_10mm,1.4322366051467208,57
River_Itchen_Otterbourne,absolute_anomaly_seasonal,Current_Rain_rx1day,2.4988418294896264,57
River_Itchen_Otterbourne,absolute_anomaly_seasonal,Current_Rain_rx3day,0.23199574034729517,57
River_Itchen_Otterbourne,absolute_anomaly_seasonal,Current_Sunlight,0.0,57
River_Itchen_Otterbourne,absolute_anomaly_seasonal,Current_Solar_MJm2,0.10718790170158181,57
River_Itchen_Otterbourne,absolute_anomaly_seasonal,Forecast_AirTemp,0.09691367605510537,57
River_Itchen_Otterbourne,absolute_anomaly_seasonal,Forecast_Humidity,3.052834697570907,57
River_Itchen_Otterbourne,absolute_anomaly_seasonal,Forecast_Rain,2.6302910736870633,57
River_Itchen_Otterbourne,absolute_anomaly_seasonal,Forecast_Rain_wetdays,0.7840633723023924,57
River_Itchen_Otterbourne,absolute_anomaly_seasonal,Forecast_Rain_exceed_10mm,1.273493601291947,57
River_Itchen_Otterbourne,absolute_anomaly_seasonal,Forecast_Rain_rx1day,0.209606594676236,57
River_Itchen_Otterbourne,absolute_anomaly_seasonal,Forecast_Rain_rx3day,0.5072454235661663,57
River_Itchen_Otterbourne,absolute_anomaly_seasonal,Forecast_Sunlight,0.0,57
River_Itchen_Otterbourne,absolute_anomaly_seasonal,Forecast_Solar_MJm2,1.6359596309457698,57
River_Itchen_Otterbourne,absolute_anomaly_seasonal,Roll3_AirTemp__anomaly,0.6606174343857881,57
River_Itchen_Otterbourne,absolute_anomaly_seasonal,Roll3_Humidity__anomaly,0.3879205600097981,57
River_Itchen_Otterbourne,absolute_anomaly_seasonal,Roll3_Rain__anomaly,0.34086082051445943,57
River_Itchen_Otterbourne,absolute_anomaly_seasonal,Roll3_Rain_wetdays__anomaly,1.672598256098184,57
River_Itchen_Otterbourne,absolute_anomaly_seasonal,Roll3_Rain_exceed_10mm__anomaly,1.6616867772601078,57
River_Itchen_Otterbourne,absolute_anomaly_seasonal,Roll3_Rain_rx1day__anomaly,0.6871861310952423,57
River_Itchen_Otterbourne,absolute_anomaly_seasonal,Roll3_Rain_rx3day__anomaly,0.2765540640542539,57
River_Itchen_Otterbourne,absolute_anomaly_seasonal,Roll3_Sunlight__anomaly,1.2599324502874039,57
River_Itchen_Otterbourne,absolute_anomaly_seasonal,Roll3_Solar_MJm2__anomaly,0.0,57
River_Itchen_Otterbourne,absolute_anomaly_seasonal,Roll6_AirTemp__anomaly,11.857878773460293,57
River_Itchen_Otterbourne,absolute_anomaly_seasonal,Roll6_Humidity__anomaly,0.7476404476187721,57
River_Itchen_Otterbourne,absolute_anomaly_seasonal,Roll6_Rain__anomaly,0.5494502883762484,57
River_Itchen_Otterbourne,absolute_anomaly_seasonal,Roll6_Rain_wetdays__anomaly,1.6540021167364622,57
River_Itchen_Otterbourne,absolute_anomaly_seasonal,Roll6_Rain_exceed_10mm__anomaly,6.275864594672359,57
River_Itchen_Otterbourne,absolute_anomaly_seasonal,Roll6_Rain_rx1day__anomaly,3.1689816206064543,57
River_Itchen_Otterbourne,absolute_anomaly_seasonal,Roll6_Rain_rx3day__anomaly,0.14508444654138203,57
River_Itchen_Otterbourne,absolute_anomaly_seasonal,Roll6_Sunlight__anomaly,0.6946732130538893,57
River_Itchen_Otterbourne,absolute_anomaly_seasonal,Roll6_Solar_MJm2__anomaly,0.0,57
River_Itchen_Otterbourne,absolute_anomaly_seasonal,Previous_AirTemp__anomaly,0.29073592660347936,57
River_Itchen_Otterbourne,absolute_anomaly_seasonal,Previous_Humidity__anomaly,0.9533754567471301,57
River_Itchen_Otterbourne,absolute_anomaly_seasonal,Previous_Rain__anomaly,0.678599323162594,57
River_Itchen_Otterbourne,absolute_anomaly_seasonal,Previous_Rain_wetdays__anomaly,0.7161974373503198,57
River_Itchen_Otterbourne,absolute_anomaly_seasonal,Previous_Rain_exceed_10mm__anomaly,3.4909361053033265,57
River_Itchen_Otterbourne,absolute_anomaly_seasonal,Previous_Rain_rx1day__anomaly,0.3998703215012197,57
River_Itchen_Otterbourne,absolute_anomaly_seasonal,Previous_Rain_rx3day__anomaly,0.8566554495495988,57
River_Itchen_Otterbourne,absolute_anomaly_seasonal,Previous_Sunlight__anomaly,0.3672545744099124,57
River_Itchen_Otterbourne,absolute_anomaly_seasonal,Previous_Solar_MJm2__anomaly,0.0,57
River_Itchen_Otterbourne,absolute_anomaly_seasonal,Current_AirTemp__anomaly,0.875806977579158,57
River_Itchen_Otterbourne,absolute_anomaly_seasonal,Current_Humidity__anomaly,3.102735306967166,57
River_Itchen_Otterbourne,absolute_anomaly_seasonal,Current_Rain__anomaly,0.7025207283052413,57
River_Itchen_Otterbourne,absolute_anomaly_seasonal,Current_Rain_wetdays__anomaly,1.8056670977478986,57
River_Itchen_Otterbourne,absolute_anomaly_seasonal,Current_Rain_exceed_10mm__anomaly,0.39041160246762213,57
River_Itchen_Otterbourne,absolute_anomaly_seasonal,Current_Rain_rx1day__anomaly,0.3793626684563159,57
River_Itchen_Otterbourne,absolute_anomaly_seasonal,Current_Rain_rx3day__anomaly,1.0200938418795749,57
River_Itchen_Otterbourne,absolute_anomaly_seasonal,Current_Sunlight__anomaly,0.0,57
River_Itchen_Otterbourne,absolute_anomaly_seasonal,Current_Solar_MJm2__anomaly,0.6167338328508435,57
River_Itchen_Otterbourne,absolute_anomaly_seasonal,Forecast_AirTemp__anomaly,0.37474548728794965,57
River_Itchen_Otterbourne,absolute_anomaly_seasonal,Forecast_Humidity__anomaly,0.9806620247441515,57
River_Itchen_Otterbourne,absolute_anomaly_seasonal,Forecast_Rain__anomaly,0.43016657613530707,57
River_Itchen_Otterbourne,absolute_anomaly_seasonal,Forecast_Rain_wetdays__anomaly,0.2727294772610522,57
River_Itchen_Otterbourne,absolute_anomaly_seasonal,Forecast_Rain_exceed_10mm__anomaly,0.14321090641970413,57
River_Itchen_Otterbourne,absolute_anomaly_seasonal,Forecast_Rain_rx1day__anomaly,0.1841506159352669,57
River_Itchen_Otterbourne,absolute_anomaly_seasonal,Forecast_Rain_rx3day__anomaly,1.6189795941966123,57
River_Itchen_Otterbourne,absolute_anomaly_seasonal,Forecast_Sunlight__anomaly,0.0,57
River_Itchen_Otterbourne,absolute_anomaly_seasonal,Forecast_Solar_MJm2__anomaly,8.618344095697667,57
River_Itchen_Otterbourne,absolute_anomaly_seasonal,Month_Sin,0.05716176920802578,57
River_Itchen_Otterbourne,absolute_anomaly_seasonal,Month_Cos,0.0003490742386427627,57
River_Itchen_Otterbourne,absolute_anomaly_seasonal,CSO_Individual_CSO_007357,0.24328247348333407,57
River_Itchen_Otterbourne,absolute_anomaly_seasonal,CSO_Network_0_10km_count,0.006162539133526362,57
River_Itchen_Otterbourne,absolute_anomaly_seasonal,CSO_Network_0_10km_max,0.7796657886672049,57
River_Itchen_Otterbourne,absolute_anomaly_seasonal,CSO_Network_0_10km_mean,0.425058570312764,57
River_Itchen_Otterbourne,absolute_anomaly_seasonal,CSO_Network_20_30km_count,0.0,57
River_Itchen_Otterbourne,absolute_anomaly_seasonal,CSO_Network_20_30km_max,1.3185495255253308,57
River_Itchen_Otterbourne,absolute_anomaly_seasonal,CSO_Network_20_30km_mean,0.0,57
River_Lee_Girling,absolute_anomaly_seasonal,Roll3_AirTemp,0.09727229659115146,69
River_Lee_Girling,absolute_anomaly_seasonal,Roll3_Humidity,0.09867313028936044,69
River_Lee_Girling,absolute_anomaly_seasonal,Roll3_Rain,0.22288097795429299,69
River_Lee_Girling,absolute_anomaly_seasonal,Roll3_Rain_wetdays,0.39324743050914523,69
River_Lee_Girling,absolute_anomaly_seasonal,Roll3_Rain_exceed_10mm,0.33732013727915827,69
River_Lee_Girling,absolute_anomaly_seasonal,Roll3_Rain_rx1day,1.9247552722987538,69
River_Lee_Girling,absolute_anomaly_seasonal,Roll3_Rain_rx3day,0.1257790326395621,69
River_Lee_Girling,absolute_anomaly_seasonal,Roll3_Sunlight,0.10566928082400827,69
River_Lee_Girling,absolute_anomaly_seasonal,Roll3_Solar_MJm2,0.0,69
River_Lee_Girling,absolute_anomaly_seasonal,Roll6_AirTemp,0.7708376895827872,69
River_Lee_Girling,absolute_anomaly_seasonal,Roll6_Humidity,0.41450851528585453,69
River_Lee_Girling,absolute_anomaly_seasonal,Roll6_Rain,0.18335810973105382,69
River_Lee_Girling,absolute_anomaly_seasonal,Roll6_Rain_wetdays,0.11441962260083183,69
River_Lee_Girling,absolute_anomaly_seasonal,Roll6_Rain_exceed_10mm,0.19016238010660236,69
River_Lee_Girling,absolute_anomaly_seasonal,Roll6_Rain_rx1day,0.07517945349447962,69
River_Lee_Girling,absolute_anomaly_seasonal,Roll6_Rain_rx3day,0.19352860133052405,69
River_Lee_Girling,absolute_anomaly_seasonal,Roll6_Sunlight,0.3885645377728614,69
River_Lee_Girling,absolute_anomaly_seasonal,Roll6_Solar_MJm2,0.0,69
River_Lee_Girling,absolute_anomaly_seasonal,Previous_AirTemp,0.10893773000453448,69
River_Lee_Girling,absolute_anomaly_seasonal,Previous_Humidity,0.6048205388123374,69
River_Lee_Girling,absolute_anomaly_seasonal,Previous_Rain,0.30985400416919373,69
River_Lee_Girling,absolute_anomaly_seasonal,Previous_Rain_wetdays,0.12164133441730678,69
River_Lee_Girling,absolute_anomaly_seasonal,Previous_Rain_exceed_10mm,0.3478184945768104,69
River_Lee_Girling,absolute_anomaly_seasonal,Previous_Rain_rx1day,0.08536572189979642,69
River_Lee_Girling,absolute_anomaly_seasonal,Previous_Rain_rx3day,0.8511079675003187,69
River_Lee_Girling,absolute_anomaly_seasonal,Previous_Sunlight,0.13004571194225373,69
River_Lee_Girling,absolute_anomaly_seasonal,Previous_Solar_MJm2,0.0,69
River_Lee_Girling,absolute_anomaly_seasonal,Current_AirTemp,0.4579990884370313,69
River_Lee_Girling,absolute_anomaly_seasonal,Current_Humidity,8.16035375389216,69
River_Lee_Girling,absolute_anomaly_seasonal,Current_Rain,0.11663195323071333,69
River_Lee_Girling,absolute_anomaly_seasonal,Current_Rain_wetdays,0.38848779756631474,69
River_Lee_Girling,absolute_anomaly_seasonal,Current_Rain_exceed_10mm,0.24193604608078054,69
River_Lee_Girling,absolute_anomaly_seasonal,Current_Rain_rx1day,0.14518992703218297,69
River_Lee_Girling,absolute_anomaly_seasonal,Current_Rain_rx3day,0.07278290676263473,69
River_Lee_Girling,absolute_anomaly_seasonal,Current_Sunlight,0.0,69
River_Lee_Girling,absolute_anomaly_seasonal,Current_Solar_MJm2,1.1390381183274558,69
River_Lee_Girling,absolute_anomaly_seasonal,Forecast_AirTemp,0.46109522059323976,69
River_Lee_Girling,absolute_anomaly_seasonal,Forecast_Humidity,17.475059613600727,69
River_Lee_Girling,absolute_anomaly_seasonal,Forecast_Rain,1.8525183897387578,69
River_Lee_Girling,absolute_anomaly_seasonal,Forecast_Rain_wetdays,0.37908285272375386,69
River_Lee_Girling,absolute_anomaly_seasonal,Forecast_Rain_exceed_10mm,0.2513856195861587,69
River_Lee_Girling,absolute_anomaly_seasonal,Forecast_Rain_rx1day,0.38129137009076314,69
River_Lee_Girling,absolute_anomaly_seasonal,Forecast_Rain_rx3day,0.6230784518982656,69
River_Lee_Girling,absolute_anomaly_seasonal,Forecast_Sunlight,0.0,69
River_Lee_Girling,absolute_anomaly_seasonal,Forecast_Solar_MJm2,29.963990428498235,69
River_Lee_Girling,absolute_anomaly_seasonal,Roll3_AirTemp__anomaly,0.24972948138051698,69
River_Lee_Girling,absolute_anomaly_seasonal,Roll3_Humidity__anomaly,0.4616620175994375,69
River_Lee_Girling,absolute_anomaly_seasonal,Roll3_Rain__anomaly,0.1694079754693993,69
River_Lee_Girling,absolute_anomaly_seasonal,Roll3_Rain_wetdays__anomaly,0.7938067843905914,69
River_Lee_Girling,absolute_anomaly_seasonal,Roll3_Rain_exceed_10mm__anomaly,0.41162138248552876,69
River_Lee_Girling,absolute_anomaly_seasonal,Roll3_Rain_rx1day__anomaly,0.1520137427130489,69
River_Lee_Girling,absolute_anomaly_seasonal,Roll3_Rain_rx3day__anomaly,0.20938939905097592,69
River_Lee_Girling,absolute_anomaly_seasonal,Roll3_Sunlight__anomaly,0.32294468876888704,69
River_Lee_Girling,absolute_anomaly_seasonal,Roll3_Solar_MJm2__anomaly,0.0,69
River_Lee_Girling,absolute_anomaly_seasonal,Roll6_AirTemp__anomaly,0.3154947585496727,69
River_Lee_Girling,absolute_anomaly_seasonal,Roll6_Humidity__anomaly,0.7784232523576294,69
River_Lee_Girling,absolute_anomaly_seasonal,Roll6_Rain__anomaly,0.21524496485376762,69
River_Lee_Girling,absolute_anomaly_seasonal,Roll6_Rain_wetdays__anomaly,0.11483783495822196,69
River_Lee_Girling,absolute_anomaly_seasonal,Roll6_Rain_exceed_10mm__anomaly,0.04428468237517883,69
River_Lee_Girling,absolute_anomaly_seasonal,Roll6_Rain_rx1day__anomaly,0.10936875273310419,69
River_Lee_Girling,absolute_anomaly_seasonal,Roll6_Rain_rx3day__anomaly,0.09972995811893604,69
River_Lee_Girling,absolute_anomaly_seasonal,Roll6_Sunlight__anomaly,1.4050731573275932,69
River_Lee_Girling,absolute_anomaly_seasonal,Roll6_Solar_MJm2__anomaly,0.0,69
River_Lee_Girling,absolute_anomaly_seasonal,Previous_AirTemp__anomaly,0.15408636620841856,69
River_Lee_Girling,absolute_anomaly_seasonal,Previous_Humidity__anomaly,0.6137717665512615,69
River_Lee_Girling,absolute_anomaly_seasonal,Previous_Rain__anomaly,0.2484047894713492,69
River_Lee_Girling,absolute_anomaly_seasonal,Previous_Rain_wetdays__anomaly,0.19213201092281185,69
River_Lee_Girling,absolute_anomaly_seasonal,Previous_Rain_exceed_10mm__anomaly,0.282999194546176,69
River_Lee_Girling,absolute_anomaly_seasonal,Previous_Rain_rx1day__anomaly,0.28994894613398886,69
River_Lee_Girling,absolute_anomaly_seasonal,Previous_Rain_rx3day__anomaly,0.3764012950759727,69
River_Lee_Girling,absolute_anomaly_seasonal,Previous_Sunlight__anomaly,0.10955949684898249,69
River_Lee_Girling,absolute_anomaly_seasonal,Previous_Solar_MJm2__anomaly,0.0,69
River_Lee_Girling,absolute_anomaly_seasonal,Current_AirTemp__anomaly,0.9273781525876391,69
River_Lee_Girling,absolute_anomaly_seasonal,Current_Humidity__anomaly,1.5381404016358828,69
River_Lee_Girling,absolute_anomaly_seasonal,Current_Rain__anomaly,0.23860220177822972,69
River_Lee_Girling,absolute_anomaly_seasonal,Current_Rain_wetdays__anomaly,0.7384390970036101,69
River_Lee_Girling,absolute_anomaly_seasonal,Current_Rain_exceed_10mm__anomaly,0.26842496540650396,69
River_Lee_Girling,absolute_anomaly_seasonal,Current_Rain_rx1day__anomaly,0.14038997758201052,69
River_Lee_Girling,absolute_anomaly_seasonal,Current_Rain_rx3day__anomaly,0.3293236046184622,69
River_Lee_Girling,absolute_anomaly_seasonal,Current_Sunlight__anomaly,0.0,69
River_Lee_Girling,absolute_anomaly_seasonal,Current_Solar_MJm2__anomaly,0.0668910452618375,69
River_Lee_Girling,absolute_anomaly_seasonal,Forecast_AirTemp__anomaly,0.25991004707611864,69
River_Lee_Girling,absolute_anomaly_seasonal,Forecast_Humidity__anomaly,0.10386665538413309,69
River_Lee_Girling,absolute_anomaly_seasonal,Forecast_Rain__anomaly,0.31298452274658944,69
River_Lee_Girling,absolute_anomaly_seasonal,Forecast_Rain_wetdays__anomaly,0.23036013765247884,69
River_Lee_Girling,absolute_anomaly_seasonal,Forecast_Rain_exceed_10mm__anomaly,0.29420663846711953,69
River_Lee_Girling,absolute_anomaly_seasonal,Forecast_Rain_rx1day__anomaly,0.3187884262327686,69
River_Lee_Girling,absolute_anomaly_seasonal,Forecast_Rain_rx3day__anomaly,0.41008045062168685,69
River_Lee_Girling,absolute_anomaly_seasonal,Forecast_Sunlight__anomaly,0.0,69
River_Lee_Girling,absolute_anomaly_seasonal,Forecast_Solar_MJm2__anomaly,0.15106524356287554,69
River_Lee_Girling,absolute_anomaly_seasonal,Month_Sin,0.0837963087611671,69
River_Lee_Girling,absolute_anomaly_seasonal,Month_Cos,14.18343295320552,69
River_Lee_Girling,absolute_anomaly_seasonal,CSO_Individual_CSO_007999,0.17779145184255454,69
River_Lee_Girling,absolute_anomaly_seasonal,CSO_Individual_CSO_008315,0.08996971779184157,69
River_Lee_Girling,absolute_anomaly_seasonal,CSO_Network_10_20km_count,0.0,69
River_Lee_Girling,absolute_anomaly_seasonal,CSO_Network_10_20km_max,0.008014381637187548,69
River_Lee_Girling,absolute_anomaly_seasonal,CSO_Network_10_20km_mean,0.0,69
River_Lee_Girling,absolute_anomaly_seasonal,CSO_Network_20_30km_count,0.0,69
River_Lee_Girling,absolute_anomaly_seasonal,CSO_Network_20_30km_max,0.01922964786416092,69
River_Lee_Girling,absolute_anomaly_seasonal,CSO_Network_20_30km_mean,4.545784101716471e-05,69
River_Lee_Girling,absolute_anomaly_seasonal,CSO_Network_30_40km_count,0.0,69
River_Lee_Girling,absolute_anomaly_seasonal,CSO_Network_30_40km_max,0.107505251997587,69
River_Lee_Girling,absolute_anomaly_seasonal,CSO_Network_30_40km_mean,0.06655027608783863,69
River_Lee_Girling,absolute_anomaly_seasonal,CSO_Network_40_50km_count,0.0,69
River_Lee_Girling,absolute_anomaly_seasonal,CSO_Network_40_50km_max,0.030661439433572687,69
River_Lee_Girling,absolute_anomaly_seasonal,CSO_Network_40_50km_mean,0.07290297540234524,69
River_Lee_Girling,absolute_anomaly_seasonal,CSO_Network_50_60km_count,0.0,69
River_Lee_Girling,absolute_anomaly_seasonal,CSO_Network_50_60km_max,0.26505296811195755,69
River_Lee_Girling,absolute_anomaly_seasonal,CSO_Network_50_60km_mean,0.0002254774232144106,69
River_Lee_Girling,absolute_anomaly_seasonal,CSO_Network_60_70km_count,0.0,69
River_Lee_Girling,absolute_anomaly_seasonal,CSO_Network_60_70km_max,0.0025134433919503925,69
River_Lee_Girling,absolute_anomaly_seasonal,CSO_Network_60_70km_mean,0.053586245954421984,69
River_Lee_Girling,absolute_anomaly_seasonal,CSO_Network_70_80km_count,0.0,69
River_Lee_Girling,absolute_anomaly_seasonal,CSO_Network_70_80km_max,0.08349480837387498,69
River_Lee_Girling,absolute_anomaly_seasonal,CSO_Network_70_80km_mean,0.00036941869821131634,69
River_Lee_NewGauge,absolute_anomaly_seasonal,Roll3_AirTemp,0.10478958982745422,69
River_Lee_NewGauge,absolute_anomaly_seasonal,Roll3_Humidity,0.49065422054308216,69
River_Lee_NewGauge,absolute_anomaly_seasonal,Roll3_Rain,0.1387112919053812,69
River_Lee_NewGauge,absolute_anomaly_seasonal,Roll3_Rain_wetdays,1.3105166819172425,69
River_Lee_NewGauge,absolute_anomaly_seasonal,Roll3_Rain_exceed_10mm,0.8024574982212727,69
River_Lee_NewGauge,absolute_anomaly_seasonal,Roll3_Rain_rx1day,2.5166320459283917,69
River_Lee_NewGauge,absolute_anomaly_seasonal,Roll3_Rain_rx3day,0.9985927347333619,69
River_Lee_NewGauge,absolute_anomaly_seasonal,Roll3_Sunlight,0.49795525902831844,69
River_Lee_NewGauge,absolute_anomaly_seasonal,Roll3_Solar_MJm2,0.0,69
River_Lee_NewGauge,absolute_anomaly_seasonal,Roll6_AirTemp,1.0312882568889028,69
River_Lee_NewGauge,absolute_anomaly_seasonal,Roll6_Humidity,2.3647754366861107,69
River_Lee_NewGauge,absolute_anomaly_seasonal,Roll6_Rain,0.7154234242922108,69
River_Lee_NewGauge,absolute_anomaly_seasonal,Roll6_Rain_wetdays,1.590556279062442,69
River_Lee_NewGauge,absolute_anomaly_seasonal,Roll6_Rain_exceed_10mm,0.15727468844263454,69
River_Lee_NewGauge,absolute_anomaly_seasonal,Roll6_Rain_rx1day,0.1430610400992973,69
River_Lee_NewGauge,absolute_anomaly_seasonal,Roll6_Rain_rx3day,2.4564881560663694,69
River_Lee_NewGauge,absolute_anomaly_seasonal,Roll6_Sunlight,1.5069120483652525,69
River_Lee_NewGauge,absolute_anomaly_seasonal,Roll6_Solar_MJm2,0.0,69
River_Lee_NewGauge,absolute_anomaly_seasonal,Previous_AirTemp,0.20002768831417972,69
River_Lee_NewGauge,absolute_anomaly_seasonal,Previous_Humidity,0.3877023264574438,69
River_Lee_NewGauge,absolute_anomaly_seasonal,Previous_Rain,0.3248989882111768,69
River_Lee_NewGauge,absolute_anomaly_seasonal,Previous_Rain_wetdays,0.30118705110764393,69
River_Lee_NewGauge,absolute_anomaly_seasonal,Previous_Rain_exceed_10mm,0.31092843464406755,69
River_Lee_NewGauge,absolute_anomaly_seasonal,Previous_Rain_rx1day,0.2900812278803645,69
River_Lee_NewGauge,absolute_anomaly_seasonal,Previous_Rain_rx3day,0.6399587416832212,69
River_Lee_NewGauge,absolute_anomaly_seasonal,Previous_Sunlight,0.6141824735042111,69
River_Lee_NewGauge,absolute_anomaly_seasonal,Previous_Solar_MJm2,0.0,69
River_Lee_NewGauge,absolute_anomaly_seasonal,Current_AirTemp,0.18342536651939317,69
River_Lee_NewGauge,absolute_anomaly_seasonal,Current_Humidity,2.2986691128987786,69
River_Lee_NewGauge,absolute_anomaly_seasonal,Current_Rain,0.2360371200196441,69
River_Lee_NewGauge,absolute_anomaly_seasonal,Current_Rain_wetdays,0.17271219519653574,69
River_Lee_NewGauge,absolute_anomaly_seasonal,Current_Rain_exceed_10mm,0.18977647701819358,69
River_Lee_NewGauge,absolute_anomaly_seasonal,Current_Rain_rx1day,0.127915260081336,69
River_Lee_NewGauge,absolute_anomaly_seasonal,Current_Rain_rx3day,0.2776872629931368,69
River_Lee_NewGauge,absolute_anomaly_seasonal,Current_Sunlight,0.0,69
River_Lee_NewGauge,absolute_anomaly_seasonal,Current_Solar_MJm2,0.05281144297377122,69
River_Lee_NewGauge,absolute_anomaly_seasonal,Forecast_AirTemp,0.6359386398304947,69
River_Lee_NewGauge,absolute_anomaly_seasonal,Forecast_Humidity,0.33249216586925306,69
River_Lee_NewGauge,absolute_anomaly_seasonal,Forecast_Rain,0.4904062018402783,69
River_Lee_NewGauge,absolute_anomaly_seasonal,Forecast_Rain_wetdays,0.15840075437048443,69
River_Lee_NewGauge,absolute_anomaly_seasonal,Forecast_Rain_exceed_10mm,0.15205960187948647,69
River_Lee_NewGauge,absolute_anomaly_seasonal,Forecast_Rain_rx1day,0.19325932236968704,69
River_Lee_NewGauge,absolute_anomaly_seasonal,Forecast_Rain_rx3day,0.3183964091246651,69
River_Lee_NewGauge,absolute_anomaly_seasonal,Forecast_Sunlight,0.0,69
River_Lee_NewGauge,absolute_anomaly_seasonal,Forecast_Solar_MJm2,39.00151891578738,69
River_Lee_NewGauge,absolute_anomaly_seasonal,Roll3_AirTemp__anomaly,0.498296126265936,69
River_Lee_NewGauge,absolute_anomaly_seasonal,Roll3_Humidity__anomaly,0.3986516479353769,69
River_Lee_NewGauge,absolute_anomaly_seasonal,Roll3_Rain__anomaly,1.2157177208538292,69
River_Lee_NewGauge,absolute_anomaly_seasonal,Roll3_Rain_wetdays__anomaly,0.3507078580355636,69
River_Lee_NewGauge,absolute_anomaly_seasonal,Roll3_Rain_exceed_10mm__anomaly,0.4693032403038897,69
River_Lee_NewGauge,absolute_anomaly_seasonal,Roll3_Rain_rx1day__anomaly,0.6006199356689631,69
River_Lee_NewGauge,absolute_anomaly_seasonal,Roll3_Rain_rx3day__anomaly,0.49873935011539205,69
River_Lee_NewGauge,absolute_anomaly_seasonal,Roll3_Sunlight__anomaly,0.20294412880581986,69
River_Lee_NewGauge,absolute_anomaly_seasonal,Roll3_Solar_MJm2__anomaly,0.0,69
River_Lee_NewGauge,absolute_anomaly_seasonal,Roll6_AirTemp__anomaly,0.8358585432815833,69
River_Lee_NewGauge,absolute_anomaly_seasonal,Roll6_Humidity__anomaly,0.6749307125616905,69
River_Lee_NewGauge,absolute_anomaly_seasonal,Roll6_Rain__anomaly,0.4961486456340307,69
River_Lee_NewGauge,absolute_anomaly_seasonal,Roll6_Rain_wetdays__anomaly,0.5471253126872788,69
River_Lee_NewGauge,absolute_anomaly_seasonal,Roll6_Rain_exceed_10mm__anomaly,0.3355977440778382,69
River_Lee_NewGauge,absolute_anomaly_seasonal,Roll6_Rain_rx1day__anomaly,6.750485010572478,69
River_Lee_NewGauge,absolute_anomaly_seasonal,Roll6_Rain_rx3day__anomaly,0.3125933119320322,69
River_Lee_NewGauge,absolute_anomaly_seasonal,Roll6_Sunlight__anomaly,3.7631240594173696,69
River_Lee_NewGauge,absolute_anomaly_seasonal,Roll6_Solar_MJm2__anomaly,0.0,69
River_Lee_NewGauge,absolute_anomaly_seasonal,Previous_AirTemp__anomaly,1.839828301961625,69
River_Lee_NewGauge,absolute_anomaly_seasonal,Previous_Humidity__anomaly,0.4035705463781595,69
River_Lee_NewGauge,absolute_anomaly_seasonal,Previous_Rain__anomaly,0.22038378262905234,69
River_Lee_NewGauge,absolute_anomaly_seasonal,Previous_Rain_wetdays__anomaly,0.9536139218096735,69
River_Lee_NewGauge,absolute_anomaly_seasonal,Previous_Rain_exceed_10mm__anomaly,0.804969145555961,69
River_Lee_NewGauge,absolute_anomaly_seasonal,Previous_Rain_rx1day__anomaly,0.9687314346719547,69
River_Lee_NewGauge,absolute_anomaly_seasonal,Previous_Rain_rx3day__anomaly,1.046347904180716,69
River_Lee_NewGauge,absolute_anomaly_seasonal,Previous_Sunlight__anomaly,0.24438663209456457,69
River_Lee_NewGauge,absolute_anomaly_seasonal,Previous_Solar_MJm2__anomaly,0.0,69
River_Lee_NewGauge,absolute_anomaly_seasonal,Current_AirTemp__anomaly,0.1959804219004055,69
River_Lee_NewGauge,absolute_anomaly_seasonal,Current_Humidity__anomaly,0.8446099989149839,69
River_Lee_NewGauge,absolute_anomaly_seasonal,Current_Rain__anomaly,0.23809925875473345,69
River_Lee_NewGauge,absolute_anomaly_seasonal,Current_Rain_wetdays__anomaly,1.620011932804899,69
River_Lee_NewGauge,absolute_anomaly_seasonal,Current_Rain_exceed_10mm__anomaly,0.08556965957772053,69
River_Lee_NewGauge,absolute_anomaly_seasonal,Current_Rain_rx1day__anomaly,1.335821933209704,69
River_Lee_NewGauge,absolute_anomaly_seasonal,Current_Rain_rx3day__anomaly,0.7559378045615742,69
River_Lee_NewGauge,absolute_anomaly_seasonal,Current_Sunlight__anomaly,0.0,69
River_Lee_NewGauge,absolute_anomaly_seasonal,Current_Solar_MJm2__anomaly,0.30471125115812503,69
River_Lee_NewGauge,absolute_anomaly_seasonal,Forecast_AirTemp__anomaly,0.11171780799250342,69
River_Lee_NewGauge,absolute_anomaly_seasonal,Forecast_Humidity__anomaly,1.7635086701096399,69
River_Lee_NewGauge,absolute_anomaly_seasonal,Forecast_Rain__anomaly,0.8319715660297119,69
River_Lee_NewGauge,absolute_anomaly_seasonal,Forecast_Rain_wetdays__anomaly,0.04624922342727772,69
River_Lee_NewGauge,absolute_anomaly_seasonal,Forecast_Rain_exceed_10mm__anomaly,0.20819109967254462,69
River_Lee_NewGauge,absolute_anomaly_seasonal,Forecast_Rain_rx1day__anomaly,0.3334194053347536,69
River_Lee_NewGauge,absolute_anomaly_seasonal,Forecast_Rain_rx3day__anomaly,0.2276644563390036,69
River_Lee_NewGauge,absolute_anomaly_seasonal,Forecast_Sunlight__anomaly,0.0,69
River_Lee_NewGauge,absolute_anomaly_seasonal,Forecast_Solar_MJm2__anomaly,0.2222222790258933,69
River_Lee_NewGauge,absolute_anomaly_seasonal,Month_Sin,0.5791071435671243,69
River_Lee_NewGauge,absolute_anomaly_seasonal,Month_Cos,2.7348130984385088e-05,69
River_Lee_NewGauge,absolute_anomaly_seasonal,CSO_Network_0_10km_count,0.02346212303851278,69
River_Lee_NewGauge,absolute_anomaly_seasonal,CSO_Network_0_10km_max,0.12344618487414111,69
River_Lee_NewGauge,absolute_anomaly_seasonal,CSO_Network_0_10km_mean,0.0005004849028285422,69
River_Lee_NewGauge,absolute_anomaly_seasonal,CSO_Network_10_20km_count,0.0,69
River_Lee_NewGauge,absolute_anomaly_seasonal,CSO_Network_10_20km_max,0.01264366055664397,69
River_Lee_NewGauge,absolute_anomaly_seasonal,CSO_Network_10_20km_mean,0.017139363106723707,69
River_Lee_NewGauge,absolute_anomaly_seasonal,CSO_Network_20_30km_count,0.0,69
River_Lee_NewGauge,absolute_anomaly_seasonal,CSO_Network_20_30km_max,0.8394988877218094,69
River_Lee_NewGauge,absolute_anomaly_seasonal,CSO_Network_20_30km_mean,0.05265114745028615,69
River_Lee_NewGauge,absolute_anomaly_seasonal,CSO_Network_30_40km_count,0.0,69
River_Lee_NewGauge,absolute_anomaly_seasonal,CSO_Network_30_40km_max,0.04657430686541271,69
River_Lee_NewGauge,absolute_anomaly_seasonal,CSO_Network_30_40km_mean,0.021608999003019873,69
River_Lee_NewGauge,absolute_anomaly_seasonal,CSO_Network_40_50km_count,0.0,69
River_Lee_NewGauge,absolute_anomaly_seasonal,CSO_Network_40_50km_max,0.008396710409113635,69
River_Lee_NewGauge,absolute_anomaly_seasonal,CSO_Network_40_50km_mean,2.0021546548901603e-05,69
River_Nar_Marham,absolute_anomaly_seasonal,Roll3_AirTemp,0.34889250576795566,69
River_Nar_Marham,absolute_anomaly_seasonal,Roll3_Humidity,1.2633281897436086,69
River_Nar_Marham,absolute_anomaly_seasonal,Roll3_Rain,0.24401510552132535,69
River_Nar_Marham,absolute_anomaly_seasonal,Roll3_Rain_wetdays,0.5432399790195696,69
River_Nar_Marham,absolute_anomaly_seasonal,Roll3_Rain_exceed_10mm,0.1143687985797324,69
River_Nar_Marham,absolute_anomaly_seasonal,Roll3_Rain_rx1day,0.2620624994381721,69
River_Nar_Marham,absolute_anomaly_seasonal,Roll3_Rain_rx3day,0.6474599655119645,69
River_Nar_Marham,absolute_anomaly_seasonal,Roll3_Sunlight,0.10191911244714111,69
River_Nar_Marham,absolute_anomaly_seasonal,Roll3_Solar_MJm2,0.0,69
River_Nar_Marham,absolute_anomaly_seasonal,Roll6_AirTemp,0.874158773651199,69
River_Nar_Marham,absolute_anomaly_seasonal,Roll6_Humidity,2.6014663640153297,69
River_Nar_Marham,absolute_anomaly_seasonal,Roll6_Rain,0.9417799143199737,69
River_Nar_Marham,absolute_anomaly_seasonal,Roll6_Rain_wetdays,0.5717086799535207,69
River_Nar_Marham,absolute_anomaly_seasonal,Roll6_Rain_exceed_10mm,0.25431844713108254,69
River_Nar_Marham,absolute_anomaly_seasonal,Roll6_Rain_rx1day,0.6555465736691662,69
River_Nar_Marham,absolute_anomaly_seasonal,Roll6_Rain_rx3day,0.4920299749247054,69
River_Nar_Marham,absolute_anomaly_seasonal,Roll6_Sunlight,0.31469225373638277,69
River_Nar_Marham,absolute_anomaly_seasonal,Roll6_Solar_MJm2,0.0,69
River_Nar_Marham,absolute_anomaly_seasonal,Previous_AirTemp,0.3004195958179955,69
River_Nar_Marham,absolute_anomaly_seasonal,Previous_Humidity,0.39700507649457234,69
River_Nar_Marham,absolute_anomaly_seasonal,Previous_Rain,0.556047132209283,69
River_Nar_Marham,absolute_anomaly_seasonal,Previous_Rain_wetdays,1.1705212308620694,69
River_Nar_Marham,absolute_anomaly_seasonal,Previous_Rain_exceed_10mm,0.6527218519568895,69
River_Nar_Marham,absolute_anomaly_seasonal,Previous_Rain_rx1day,1.7237350159975762,69
River_Nar_Marham,absolute_anomaly_seasonal,Previous_Rain_rx3day,0.14802565360002423,69
River_Nar_Marham,absolute_anomaly_seasonal,Previous_Sunlight,2.0639584236060347,69
River_Nar_Marham,absolute_anomaly_seasonal,Previous_Solar_MJm2,0.0,69
River_Nar_Marham,absolute_anomaly_seasonal,Current_AirTemp,2.0085233577236776,69
River_Nar_Marham,absolute_anomaly_seasonal,Current_Humidity,0.3556777611443374,69
River_Nar_Marham,absolute_anomaly_seasonal,Current_Rain,0.9184999711626092,69
River_Nar_Marham,absolute_anomaly_seasonal,Current_Rain_wetdays,0.30652240174173606,69
River_Nar_Marham,absolute_anomaly_seasonal,Current_Rain_exceed_10mm,0.1817578109914254,69
River_Nar_Marham,absolute_anomaly_seasonal,Current_Rain_rx1day,0.2530329280407808,69
River_Nar_Marham,absolute_anomaly_seasonal,Current_Rain_rx3day,0.31530276978910293,69
River_Nar_Marham,absolute_anomaly_seasonal,Current_Sunlight,0.0,69
River_Nar_Marham,absolute_anomaly_seasonal,Current_Solar_MJm2,1.233626344154694,69
River_Nar_Marham,absolute_anomaly_seasonal,Forecast_AirTemp,7.765163021491679,69
River_Nar_Marham,absolute_anomaly_seasonal,Forecast_Humidity,0.9491231543353338,69
River_Nar_Marham,absolute_anomaly_seasonal,Forecast_Rain,1.5615859062719848,69
River_Nar_Marham,absolute_anomaly_seasonal,Forecast_Rain_wetdays,0.11745217595266313,69
River_Nar_Marham,absolute_anomaly_seasonal,Forecast_Rain_exceed_10mm,3.319467521143309,69
River_Nar_Marham,absolute_anomaly_seasonal,Forecast_Rain_rx1day,13.04467107700253,69
River_Nar_Marham,absolute_anomaly_seasonal,Forecast_Rain_rx3day,0.6610219305994299,69
River_Nar_Marham,absolute_anomaly_seasonal,Forecast_Sunlight,0.0,69
River_Nar_Marham,absolute_anomaly_seasonal,Forecast_Solar_MJm2,0.5450647222075244,69
River_Nar_Marham,absolute_anomaly_seasonal,Roll3_AirTemp__anomaly,0.1765009357403303,69
River_Nar_Marham,absolute_anomaly_seasonal,Roll3_Humidity__anomaly,1.842601327455979,69
River_Nar_Marham,absolute_anomaly_seasonal,Roll3_Rain__anomaly,12.672848983100902,69
River_Nar_Marham,absolute_anomaly_seasonal,Roll3_Rain_wetdays__anomaly,0.370491781707388,69
River_Nar_Marham,absolute_anomaly_seasonal,Roll3_Rain_exceed_10mm__anomaly,0.3171994833281219,69
River_Nar_Marham,absolute_anomaly_seasonal,Roll3_Rain_rx1day__anomaly,0.3616332913728219,69
River_Nar_Marham,absolute_anomaly_seasonal,Roll3_Rain_rx3day__anomaly,0.206662553590879,69
River_Nar_Marham,absolute_anomaly_seasonal,Roll3_Sunlight__anomaly,7.8116732731428815,69
River_Nar_Marham,absolute_anomaly_seasonal,Roll3_Solar_MJm2__anomaly,0.0,69
River_Nar_Marham,absolute_anomaly_seasonal,Roll6_AirTemp__anomaly,0.3558345754854347,69
River_Nar_Marham,absolute_anomaly_seasonal,Roll6_Humidity__anomaly,4.828538227710948,69
River_Nar_Marham,absolute_anomaly_seasonal,Roll6_Rain__anomaly,0.6016040390509997,69
River_Nar_Marham,absolute_anomaly_seasonal,Roll6_Rain_wetdays__anomaly,0.6046055368877018,69
River_Nar_Marham,absolute_anomaly_seasonal,Roll6_Rain_exceed_10mm__anomaly,0.17594962036298437,69
River_Nar_Marham,absolute_anomaly_seasonal,Roll6_Rain_rx1day__anomaly,0.8827725623664033,69
River_Nar_Marham,absolute_anomaly_seasonal,Roll6_Rain_rx3day__anomaly,0.6944654848000511,69
River_Nar_Marham,absolute_anomaly_seasonal,Roll6_Sunlight__anomaly,0.18973200036787854,69
River_Nar_Marham,absolute_anomaly_seasonal,Roll6_Solar_MJm2__anomaly,0.0,69
River_Nar_Marham,absolute_anomaly_seasonal,Previous_AirTemp__anomaly,0.20442178837772573,69
River_Nar_Marham,absolute_anomaly_seasonal,Previous_Humidity__anomaly,0.21139584503297895,69
River_Nar_Marham,absolute_anomaly_seasonal,Previous_Rain__anomaly,1.434082501225823,69
River_Nar_Marham,absolute_anomaly_seasonal,Previous_Rain_wetdays__anomaly,0.410258628825839,69
River_Nar_Marham,absolute_anomaly_seasonal,Previous_Rain_exceed_10mm__anomaly,3.863782557355158,69
River_Nar_Marham,absolute_anomaly_seasonal,Previous_Rain_rx1day__anomaly,0.5108805645713272,69
River_Nar_Marham,absolute_anomaly_seasonal,Previous_Rain_rx3day__anomaly,0.2894143940572756,69
River_Nar_Marham,absolute_anomaly_seasonal,Previous_Sunlight__anomaly,0.5521912987424089,69
River_Nar_Marham,absolute_anomaly_seasonal,Previous_Solar_MJm2__anomaly,0.0,69
River_Nar_Marham,absolute_anomaly_seasonal,Current_AirTemp__anomaly,1.2114002438434623,69
River_Nar_Marham,absolute_anomaly_seasonal,Current_Humidity__anomaly,0.8831192883496619,69
River_Nar_Marham,absolute_anomaly_seasonal,Current_Rain__anomaly,0.13443483852133817,69
River_Nar_Marham,absolute_anomaly_seasonal,Current_Rain_wetdays__anomaly,0.10720363867794781,69
River_Nar_Marham,absolute_anomaly_seasonal,Current_Rain_exceed_10mm__anomaly,2.5184959337062063,69
River_Nar_Marham,absolute_anomaly_seasonal,Current_Rain_rx1day__anomaly,0.49135878976626934,69
River_Nar_Marham,absolute_anomaly_seasonal,Current_Rain_rx3day__anomaly,0.10626206663564733,69
River_Nar_Marham,absolute_anomaly_seasonal,Current_Sunlight__anomaly,0.0,69
River_Nar_Marham,absolute_anomaly_seasonal,Current_Solar_MJm2__anomaly,0.32631957523871924,69
River_Nar_Marham,absolute_anomaly_seasonal,Forecast_AirTemp__anomaly,0.7797736239556109,69
River_Nar_Marham,absolute_anomaly_seasonal,Forecast_Humidity__anomaly,0.3366737102701414,69
River_Nar_Marham,absolute_anomaly_seasonal,Forecast_Rain__anomaly,0.12572398883060143,69
River_Nar_Marham,absolute_anomaly_seasonal,Forecast_Rain_wetdays__anomaly,0.32277298569654167,69
River_Nar_Marham,absolute_anomaly_seasonal,Forecast_Rain_exceed_10mm__anomaly,1.0886312514093113,69
River_Nar_Marham,absolute_anomaly_seasonal,Forecast_Rain_rx1day__anomaly,0.47230549213534584,69
River_Nar_Marham,absolute_anomaly_seasonal,Forecast_Rain_rx3day__anomaly,0.14457419455491596,69
River_Nar_Marham,absolute_anomaly_seasonal,Forecast_Sunlight__anomaly,0.0,69
River_Nar_Marham,absolute_anomaly_seasonal,Forecast_Solar_MJm2__anomaly,0.1588874006448483,69
River_Nar_Marham,absolute_anomaly_seasonal,Month_Sin,0.11450966783471968,69
River_Nar_Marham,absolute_anomaly_seasonal,Month_Cos,0.01903907420954608,69
River_Nar_Marham,absolute_anomaly_seasonal,CSO_Network_0_10km_count,0.021661593549518965,69
River_Nar_Marham,absolute_anomaly_seasonal,CSO_Network_0_10km_max,0.28315637711003333,69
River_Nar_Marham,absolute_anomaly_seasonal,CSO_Network_0_10km_mean,0.004241038671293057,69
River_Ouse_York,absolute_anomaly_seasonal,Roll3_AirTemp,0.1841969383198649,69
River_Ouse_York,absolute_anomaly_seasonal,Roll3_Humidity,0.2501175651465954,69
River_Ouse_York,absolute_anomaly_seasonal,Roll3_Rain,0.23370023302394483,69
River_Ouse_York,absolute_anomaly_seasonal,Roll3_Rain_wetdays,0.23343192091376155,69
River_Ouse_York,absolute_anomaly_seasonal,Roll3_Rain_exceed_10mm,0.26891895847108144,69
River_Ouse_York,absolute_anomaly_seasonal,Roll3_Rain_rx1day,0.49969829064217836,69
River_Ouse_York,absolute_anomaly_seasonal,Roll3_Rain_rx3day,0.344922539601887,69
River_Ouse_York,absolute_anomaly_seasonal,Roll3_Sunlight,0.192677106984238,69
River_Ouse_York,absolute_anomaly_seasonal,Roll3_Solar_MJm2,0.0,69
River_Ouse_York,absolute_anomaly_seasonal,Roll6_AirTemp,0.3327357564118026,69
River_Ouse_York,absolute_anomaly_seasonal,Roll6_Humidity,1.3603557242758015,69
River_Ouse_York,absolute_anomaly_seasonal,Roll6_Rain,0.22621403047296007,69
River_Ouse_York,absolute_anomaly_seasonal,Roll6_Rain_wetdays,2.7771113568663,69
River_Ouse_York,absolute_anomaly_seasonal,Roll6_Rain_exceed_10mm,0.42650481489582237,69
River_Ouse_York,absolute_anomaly_seasonal,Roll6_Rain_rx1day,2.170206662766571,69
River_Ouse_York,absolute_anomaly_seasonal,Roll6_Rain_rx3day,1.5589916363500114,69
River_Ouse_York,absolute_anomaly_seasonal,Roll6_Sunlight,0.22200203406305158,69
River_Ouse_York,absolute_anomaly_seasonal,Roll6_Solar_MJm2,0.0,69
River_Ouse_York,absolute_anomaly_seasonal,Previous_AirTemp,1.5610234966335823,69
River_Ouse_York,absolute_anomaly_seasonal,Previous_Humidity,0.5362840463200039,69
River_Ouse_York,absolute_anomaly_seasonal,Previous_Rain,0.3285581855685004,69
River_Ouse_York,absolute_anomaly_seasonal,Previous_Rain_wetdays,0.7365300779841808,69
River_Ouse_York,absolute_anomaly_seasonal,Previous_Rain_exceed_10mm,1.403332312605623,69
River_Ouse_York,absolute_anomaly_seasonal,Previous_Rain_rx1day,0.6063461802603534,69
River_Ouse_York,absolute_anomaly_seasonal,Previous_Rain_rx3day,0.30686466936636914,69
River_Ouse_York,absolute_anomaly_seasonal,Previous_Sunlight,0.2484217198434882,69
River_Ouse_York,absolute_anomaly_seasonal,Previous_Solar_MJm2,0.0,69
River_Ouse_York,absolute_anomaly_seasonal,Current_AirTemp,1.4898427941469117,69
River_Ouse_York,absolute_anomaly_seasonal,Current_Humidity,0.35484651389146477,69
River_Ouse_York,absolute_anomaly_seasonal,Current_Rain,0.529882208698691,69
River_Ouse_York,absolute_anomaly_seasonal,Current_Rain_wetdays,5.166917438343174,69
River_Ouse_York,absolute_anomaly_seasonal,Current_Rain_exceed_10mm,0.7536666720677095,69
River_Ouse_York,absolute_anomaly_seasonal,Current_Rain_rx1day,0.8409512526685043,69
River_Ouse_York,absolute_anomaly_seasonal,Current_Rain_rx3day,0.4915195302249471,69
River_Ouse_York,absolute_anomaly_seasonal,Current_Sunlight,0.0,69
River_Ouse_York,absolute_anomaly_seasonal,Current_Solar_MJm2,0.11898493718195699,69
River_Ouse_York,absolute_anomaly_seasonal,Forecast_AirTemp,2.542738146144532,69
River_Ouse_York,absolute_anomaly_seasonal,Forecast_Humidity,1.4389356403950184,69
River_Ouse_York,absolute_anomaly_seasonal,Forecast_Rain,0.49975884601259296,69
River_Ouse_York,absolute_anomaly_seasonal,Forecast_Rain_wetdays,0.6699420518190363,69
River_Ouse_York,absolute_anomaly_seasonal,Forecast_Rain_exceed_10mm,1.0463608368124526,69
River_Ouse_York,absolute_anomaly_seasonal,Forecast_Rain_rx1day,0.17784738359746177,69
River_Ouse_York,absolute_anomaly_seasonal,Forecast_Rain_rx3day,3.62745863946054,69
River_Ouse_York,absolute_anomaly_seasonal,Forecast_Sunlight,0.0,69
River_Ouse_York,absolute_anomaly_seasonal,Forecast_Solar_MJm2,1.6355883167224448,69
River_Ouse_York,absolute_anomaly_seasonal,Roll3_AirTemp__anomaly,0.5266248706297327,69
River_Ouse_York,absolute_anomaly_seasonal,Roll3_Humidity__anomaly,0.37061282936070833,69
River_Ouse_York,absolute_anomaly_seasonal,Roll3_Rain__anomaly,0.8025524474830068,69
River_Ouse_York,absolute_anomaly_seasonal,Roll3_Rain_wetdays__anomaly,0.5329276343243621,69
River_Ouse_York,absolute_anomaly_seasonal,Roll3_Rain_exceed_10mm__anomaly,1.9637771860576587,69
River_Ouse_York,absolute_anomaly_seasonal,Roll3_Rain_rx1day__anomaly,1.6034633058641727,69
River_Ouse_York,absolute_anomaly_seasonal,Roll3_Rain_rx3day__anomaly,0.5585987474551711,69
River_Ouse_York,absolute_anomaly_seasonal,Roll3_Sunlight__anomaly,0.9230056368682098,69
River_Ouse_York,absolute_anomaly_seasonal,Roll3_Solar_MJm2__anomaly,0.0,69
River_Ouse_York,absolute_anomaly_seasonal,Roll6_AirTemp__anomaly,1.0166697871078254,69
River_Ouse_York,absolute_anomaly_seasonal,Roll6_Humidity__anomaly,1.6032621823261668,69
River_Ouse_York,absolute_anomaly_seasonal,Roll6_Rain__anomaly,1.0504171102877409,69
River_Ouse_York,absolute_anomaly_seasonal,Roll6_Rain_wetdays__anomaly,1.0955579446206016,69
River_Ouse_York,absolute_anomaly_seasonal,Roll6_Rain_exceed_10mm__anomaly,1.1761255614533042,69
River_Ouse_York,absolute_anomaly_seasonal,Roll6_Rain_rx1day__anomaly,3.0992323697514195,69
River_Ouse_York,absolute_anomaly_seasonal,Roll6_Rain_rx3day__anomaly,0.1303592149105162,69
River_Ouse_York,absolute_anomaly_seasonal,Roll6_Sunlight__anomaly,1.0594204493144057,69
River_Ouse_York,absolute_anomaly_seasonal,Roll6_Solar_MJm2__anomaly,0.0,69
River_Ouse_York,absolute_anomaly_seasonal,Previous_AirTemp__anomaly,0.9911636004668868,69
River_Ouse_York,absolute_anomaly_seasonal,Previous_Humidity__anomaly,3.214448349715022,69
River_Ouse_York,absolute_anomaly_seasonal,Previous_Rain__anomaly,2.9664683433828416,69
River_Ouse_York,absolute_anomaly_seasonal,Previous_Rain_wetdays__anomaly,0.8263706430063614,69
River_Ouse_York,absolute_anomaly_seasonal,Previous_Rain_exceed_10mm__anomaly,0.3212782304559708,69
River_Ouse_York,absolute_anomaly_seasonal,Previous_Rain_rx1day__anomaly,0.33467235986068655,69
River_Ouse_York,absolute_anomaly_seasonal,Previous_Rain_rx3day__anomaly,0.23366331351142597,69
River_Ouse_York,absolute_anomaly_seasonal,Previous_Sunlight__anomaly,0.48753820997200187,69
River_Ouse_York,absolute_anomaly_seasonal,Previous_Solar_MJm2__anomaly,0.0,69
River_Ouse_York,absolute_anomaly_seasonal,Current_AirTemp__anomaly,0.9054378022644909,69
River_Ouse_York,absolute_anomaly_seasonal,Current_Humidity__anomaly,5.298748477242601,69
River_Ouse_York,absolute_anomaly_seasonal,Current_Rain__anomaly,0.26747516425313556,69
River_Ouse_York,absolute_anomaly_seasonal,Current_Rain_wetdays__anomaly,1.9052571400543472,69
River_Ouse_York,absolute_anomaly_seasonal,Current_Rain_exceed_10mm__anomaly,1.8208051007015613,69
River_Ouse_York,absolute_anomaly_seasonal,Current_Rain_rx1day__anomaly,0.9385292489367013,69
River_Ouse_York,absolute_anomaly_seasonal,Current_Rain_rx3day__anomaly,0.31873004272939026,69
River_Ouse_York,absolute_anomaly_seasonal,Current_Sunlight__anomaly,0.0,69
River_Ouse_York,absolute_anomaly_seasonal,Current_Solar_MJm2__anomaly,0.5803415574151017,69
River_Ouse_York,absolute_anomaly_seasonal,Forecast_AirTemp__anomaly,5.639004959715966,69
River_Ouse_York,absolute_anomaly_seasonal,Forecast_Humidity__anomaly,1.100484695079642,69
River_Ouse_York,absolute_anomaly_seasonal,Forecast_Rain__anomaly,0.3403253069323251,69
River_Ouse_York,absolute_anomaly_seasonal,Forecast_Rain_wetdays__anomaly,0.9226872103184978,69
River_Ouse_York,absolute_anomaly_seasonal,Forecast_Rain_exceed_10mm__anomaly,0.6367526219113547,69
River_Ouse_York,absolute_anomaly_seasonal,Forecast_Rain_rx1day__anomaly,5.735881670327613,69
River_Ouse_York,absolute_anomaly_seasonal,Forecast_Rain_rx3day__anomaly,1.8017569552133492,69
River_Ouse_York,absolute_anomaly_seasonal,Forecast_Sunlight__anomaly,0.0,69
River_Ouse_York,absolute_anomaly_seasonal,Forecast_Solar_MJm2__anomaly,0.3183388208440809,69
River_Ouse_York,absolute_anomaly_seasonal,Month_Sin,2.444508686854068,69
River_Ouse_York,absolute_anomaly_seasonal,Month_Cos,0.0001014223111854329,69
River_Ouse_York,absolute_anomaly_seasonal,CSO_Individual_CSO_012185,0.7041212157897736,69
River_Ouse_York,absolute_anomaly_seasonal,CSO_Individual_CSO_012202,0.16735829540633765,69
River_Ouse_York,absolute_anomaly_seasonal,CSO_Individual_CSO_012306,0.0346078899659497,69
River_Ouse_York,absolute_anomaly_seasonal,CSO_Individual_CSO_012325,0.09351839546133096,69
River_Ouse_York,absolute_anomaly_seasonal,CSO_Individual_CSO_012327,0.019781346471171253,69
River_Ouse_York,absolute_anomaly_seasonal,CSO_Individual_CSO_012360,0.2224672299110096,69
River_Ouse_York,absolute_anomaly_seasonal,CSO_Individual_CSO_012367,0.6373333241758208,69
River_Ouse_York,absolute_anomaly_seasonal,CSO_Individual_CSO_012408,0.11613481486670223,69
River_Ouse_York,absolute_anomaly_seasonal,CSO_Individual_CSO_012415,0.04057458906917932,69
River_Ouse_York,absolute_anomaly_seasonal,CSO_Individual_CSO_013025,0.1395540250554317,69
River_Ouse_York,absolute_anomaly_seasonal,CSO_Individual_CSO_013173,0.1313932244238426,69
River_Ouse_York,absolute_anomaly_seasonal,CSO_Individual_CSO_013208,0.0014554883321570202,69
River_Ouse_York,absolute_anomaly_seasonal,CSO_Individual_CSO_013297,0.760705851955955,69
River_Ouse_York,absolute_anomaly_seasonal,CSO_Network_0_10km_count,0.0,69
River_Ouse_York,absolute_anomaly_seasonal,CSO_Network_0_10km_max,0.3475520678755875,69
River_Ouse_York,absolute_anomaly_seasonal,CSO_Network_0_10km_mean,0.19835285013391069,69
River_Ouse_York,absolute_anomaly_seasonal,CSO_Network_100_125km_count,0.0,69
River_Ouse_York,absolute_anomaly_seasonal,CSO_Network_100_125km_max,0.003983231325093144,69
River_Ouse_York,absolute_anomaly_seasonal,CSO_Network_100_125km_mean,0.0032290469223436036,69
River_Ouse_York,absolute_anomaly_seasonal,CSO_Network_10_20km_count,0.0,69
River_Ouse_York,absolute_anomaly_seasonal,CSO_Network_10_20km_max,5.423075788487673e-05,69
River_Ouse_York,absolute_anomaly_seasonal,CSO_Network_10_20km_mean,9.615686443350704e-07,69
River_Ouse_York,absolute_anomaly_seasonal,CSO_Network_20_30km_count,0.0,69
River_Ouse_York,absolute_anomaly_seasonal,CSO_Network_20_30km_max,0.00486692197817751,69
River_Ouse_York,absolute_anomaly_seasonal,CSO_Network_20_30km_mean,0.0,69
River_Ouse_York,absolute_anomaly_seasonal,CSO_Network_30_40km_count,0.0,69
River_Ouse_York,absolute_anomaly_seasonal,CSO_Network_30_40km_max,0.00022678678745789745,69
River_Ouse_York,absolute_anomaly_seasonal,CSO_Network_30_40km_mean,0.0,69
River_Ouse_York,absolute_anomaly_seasonal,CSO_Network_40_50km_count,0.0,69
River_Ouse_York,absolute_anomaly_seasonal,CSO_Network_40_50km_max,0.0,69
River_Ouse_York,absolute_anomaly_seasonal,CSO_Network_40_50km_mean,0.0,69
River_Ouse_York,absolute_anomaly_seasonal,CSO_Network_50_60km_count,0.0,69
River_Ouse_York,absolute_anomaly_seasonal,CSO_Network_50_60km_max,0.0003119083333579114,69
River_Ouse_York,absolute_anomaly_seasonal,CSO_Network_50_60km_mean,0.0,69
River_Ouse_York,absolute_anomaly_seasonal,CSO_Network_60_70km_count,0.0,69
River_Ouse_York,absolute_anomaly_seasonal,CSO_Network_60_70km_max,0.0,69
River_Ouse_York,absolute_anomaly_seasonal,CSO_Network_60_70km_mean,0.0,69
River_Ouse_York,absolute_anomaly_seasonal,CSO_Network_70_80km_count,0.0,69
River_Ouse_York,absolute_anomaly_seasonal,CSO_Network_70_80km_max,0.00028981754261242097,69
River_Ouse_York,absolute_anomaly_seasonal,CSO_Network_70_80km_mean,2.0939573778822324e-05,69
River_Ouse_York,absolute_anomaly_seasonal,CSO_Network_80_90km_count,0.0,69
River_Ouse_York,absolute_anomaly_seasonal,CSO_Network_80_90km_max,0.08808981337766468,69
River_Ouse_York,absolute_anomaly_seasonal,CSO_Network_80_90km_mean,1.945523122335597e-06,69
River_Ouse_York,absolute_anomaly_seasonal,CSO_Network_90_100km_count,0.0,69
River_Ouse_York,absolute_anomaly_seasonal,CSO_Network_90_100km_max,0.026249110148688252,69
River_Ouse_York,absolute_anomaly_seasonal,CSO_Network_90_100km_mean,0.0,69
River_Rother_Hardham,absolute_anomaly_seasonal,Roll3_AirTemp,0.21086266341487345,45
River_Rother_Hardham,absolute_anomaly_seasonal,Roll3_Humidity,0.3824819104564231,45
River_Rother_Hardham,absolute_anomaly_seasonal,Roll3_Rain,0.20380016045223773,45
River_Rother_Hardham,absolute_anomaly_seasonal,Roll3_Rain_wetdays,1.3930847170803915,45
River_Rother_Hardham,absolute_anomaly_seasonal,Roll3_Rain_exceed_10mm,0.34492585950564564,45
River_Rother_Hardham,absolute_anomaly_seasonal,Roll3_Rain_rx1day,0.6100632039836146,45
River_Rother_Hardham,absolute_anomaly_seasonal,Roll3_Rain_rx3day,2.0474149465857217,45
River_Rother_Hardham,absolute_anomaly_seasonal,Roll3_Sunlight,0.09158005109123764,45
River_Rother_Hardham,absolute_anomaly_seasonal,Roll3_Solar_MJm2,0.0,45
River_Rother_Hardham,absolute_anomaly_seasonal,Roll6_AirTemp,0.9750756687475131,45
River_Rother_Hardham,absolute_anomaly_seasonal,Roll6_Humidity,1.7902270088087688,45
River_Rother_Hardham,absolute_anomaly_seasonal,Roll6_Rain,1.386245448722239,45
River_Rother_Hardham,absolute_anomaly_seasonal,Roll6_Rain_wetdays,0.1662540193180556,45
River_Rother_Hardham,absolute_anomaly_seasonal,Roll6_Rain_exceed_10mm,0.4436011896048168,45
River_Rother_Hardham,absolute_anomaly_seasonal,Roll6_Rain_rx1day,1.1047419383317714,45
River_Rother_Hardham,absolute_anomaly_seasonal,Roll6_Rain_rx3day,0.32744729516942156,45
River_Rother_Hardham,absolute_anomaly_seasonal,Roll6_Sunlight,0.7650641575617764,45
River_Rother_Hardham,absolute_anomaly_seasonal,Roll6_Solar_MJm2,0.0,45
River_Rother_Hardham,absolute_anomaly_seasonal,Previous_AirTemp,0.16957308786189343,45
River_Rother_Hardham,absolute_anomaly_seasonal,Previous_Humidity,0.5536669629251898,45
River_Rother_Hardham,absolute_anomaly_seasonal,Previous_Rain,0.21250575531949834,45
River_Rother_Hardham,absolute_anomaly_seasonal,Previous_Rain_wetdays,0.029398032469066582,45
River_Rother_Hardham,absolute_anomaly_seasonal,Previous_Rain_exceed_10mm,0.9600735785335149,45
River_Rother_Hardham,absolute_anomaly_seasonal,Previous_Rain_rx1day,0.22785386619491904,45
River_Rother_Hardham,absolute_anomaly_seasonal,Previous_Rain_rx3day,1.0799768325293513,45
River_Rother_Hardham,absolute_anomaly_seasonal,Previous_Sunlight,0.14346521169868712,45
River_Rother_Hardham,absolute_anomaly_seasonal,Previous_Solar_MJm2,0.0,45
River_Rother_Hardham,absolute_anomaly_seasonal,Current_AirTemp,0.08649431602145413,45
River_Rother_Hardham,absolute_anomaly_seasonal,Current_Humidity,0.07326654605104124,45
River_Rother_Hardham,absolute_anomaly_seasonal,Current_Rain,0.39562074630544214,45
River_Rother_Hardham,absolute_anomaly_seasonal,Current_Rain_wetdays,0.2303207770999848,45
River_Rother_Hardham,absolute_anomaly_seasonal,Current_Rain_exceed_10mm,2.9378703155103603,45
River_Rother_Hardham,absolute_anomaly_seasonal,Current_Rain_rx1day,0.34548325435741384,45
River_Rother_Hardham,absolute_anomaly_seasonal,Current_Rain_rx3day,0.1942639476215747,45
River_Rother_Hardham,absolute_anomaly_seasonal,Current_Sunlight,0.0,45
River_Rother_Hardham,absolute_anomaly_seasonal,Current_Solar_MJm2,0.2706742873779151,45
River_Rother_Hardham,absolute_anomaly_seasonal,Forecast_AirTemp,9.549459027489302,45
River_Rother_Hardham,absolute_anomaly_seasonal,Forecast_Humidity,0.05208376824358368,45
River_Rother_Hardham,absolute_anomaly_seasonal,Forecast_Rain,9.240939576175883,45
River_Rother_Hardham,absolute_anomaly_seasonal,Forecast_Rain_wetdays,0.39268063432080774,45
River_Rother_Hardham,absolute_anomaly_seasonal,Forecast_Rain_exceed_10mm,0.7331140770558406,45
River_Rother_Hardham,absolute_anomaly_seasonal,Forecast_Rain_rx1day,0.28385961569222345,45
River_Rother_Hardham,absolute_anomaly_seasonal,Forecast_Rain_rx3day,3.4365981978957354,45
River_Rother_Hardham,absolute_anomaly_seasonal,Forecast_Sunlight,0.0,45
River_Rother_Hardham,absolute_anomaly_seasonal,Forecast_Solar_MJm2,0.061075027564512246,45
River_Rother_Hardham,absolute_anomaly_seasonal,Roll3_AirTemp__anomaly,0.38526123738102264,45
River_Rother_Hardham,absolute_anomaly_seasonal,Roll3_Humidity__anomaly,10.117649459585085,45
River_Rother_Hardham,absolute_anomaly_seasonal,Roll3_Rain__anomaly,0.15153474462744293,45
River_Rother_Hardham,absolute_anomaly_seasonal,Roll3_Rain_wetdays__anomaly,0.14970199114289426,45
River_Rother_Hardham,absolute_anomaly_seasonal,Roll3_Rain_exceed_10mm__anomaly,0.04201380192007433,45
River_Rother_Hardham,absolute_anomaly_seasonal,Roll3_Rain_rx1day__anomaly,0.10117422809118716,45
River_Rother_Hardham,absolute_anomaly_seasonal,Roll3_Rain_rx3day__anomaly,0.937393210574753,45
River_Rother_Hardham,absolute_anomaly_seasonal,Roll3_Sunlight__anomaly,0.6347256563123326,45
River_Rother_Hardham,absolute_anomaly_seasonal,Roll3_Solar_MJm2__anomaly,0.0,45
River_Rother_Hardham,absolute_anomaly_seasonal,Roll6_AirTemp__anomaly,0.29137661178701474,45
River_Rother_Hardham,absolute_anomaly_seasonal,Roll6_Humidity__anomaly,0.20725276852147267,45
River_Rother_Hardham,absolute_anomaly_seasonal,Roll6_Rain__anomaly,0.22128489307631283,45
River_Rother_Hardham,absolute_anomaly_seasonal,Roll6_Rain_wetdays__anomaly,1.971524311598826,45
River_Rother_Hardham,absolute_anomaly_seasonal,Roll6_Rain_exceed_10mm__anomaly,1.0056091980830162,45
River_Rother_Hardham,absolute_anomaly_seasonal,Roll6_Rain_rx1day__anomaly,4.66601647777022,45
River_Rother_Hardham,absolute_anomaly_seasonal,Roll6_Rain_rx3day__anomaly,0.05638523803559703,45
River_Rother_Hardham,absolute_anomaly_seasonal,Roll6_Sunlight__anomaly,0.49593474390180964,45
River_Rother_Hardham,absolute_anomaly_seasonal,Roll6_Solar_MJm2__anomaly,0.0,45
River_Rother_Hardham,absolute_anomaly_seasonal,Previous_AirTemp__anomaly,1.512384800471427,45
River_Rother_Hardham,absolute_anomaly_seasonal,Previous_Humidity__anomaly,0.8969388361808983,45
River_Rother_Hardham,absolute_anomaly_seasonal,Previous_Rain__anomaly,0.9658217441902572,45
River_Rother_Hardham,absolute_anomaly_seasonal,Previous_Rain_wetdays__anomaly,0.5049196959556771,45
River_Rother_Hardham,absolute_anomaly_seasonal,Previous_Rain_exceed_10mm__anomaly,0.42973951222220735,45
River_Rother_Hardham,absolute_anomaly_seasonal,Previous_Rain_rx1day__anomaly,2.5703854343736103,45
River_Rother_Hardham,absolute_anomaly_seasonal,Previous_Rain_rx3day__anomaly,2.7500832500101957,45
River_Rother_Hardham,absolute_anomaly_seasonal,Previous_Sunlight__anomaly,0.34873660294405506,45
River_Rother_Hardham,absolute_anomaly_seasonal,Previous_Solar_MJm2__anomaly,0.0,45
River_Rother_Hardham,absolute_anomaly_seasonal,Current_AirTemp__anomaly,0.1331364578617589,45
River_Rother_Hardham,absolute_anomaly_seasonal,Current_Humidity__anomaly,0.37908621734388104,45
River_Rother_Hardham,absolute_anomaly_seasonal,Current_Rain__anomaly,0.2387618972012471,45
River_Rother_Hardham,absolute_anomaly_seasonal,Current_Rain_wetdays__anomaly,1.307514536816157,45
River_Rother_Hardham,absolute_anomaly_seasonal,Current_Rain_exceed_10mm__anomaly,2.2796416836469877,45
River_Rother_Hardham,absolute_anomaly_seasonal,Current_Rain_rx1day__anomaly,0.27060821440855415,45
River_Rother_Hardham,absolute_anomaly_seasonal,Current_Rain_rx3day__anomaly,1.2013933569367645,45
River_Rother_Hardham,absolute_anomaly_seasonal,Current_Sunlight__anomaly,0.0,45
River_Rother_Hardham,absolute_anomaly_seasonal,Current_Solar_MJm2__anomaly,0.17489694385474747,45
River_Rother_Hardham,absolute_anomaly_seasonal,Forecast_AirTemp__anomaly,0.12337377643027653,45
River_Rother_Hardham,absolute_anomaly_seasonal,Forecast_Humidity__anomaly,0.1070012893225808,45
River_Rother_Hardham,absolute_anomaly_seasonal,Forecast_Rain__anomaly,1.6630385526553195,45
River_Rother_Hardham,absolute_anomaly_seasonal,Forecast_Rain_wetdays__anomaly,12.917217682458064,45
River_Rother_Hardham,absolute_anomaly_seasonal,Forecast_Rain_exceed_10mm__anomaly,0.5989466976410347,45
River_Rother_Hardham,absolute_anomaly_seasonal,Forecast_Rain_rx1day__anomaly,0.2521547932240094,45
River_Rother_Hardham,absolute_anomaly_seasonal,Forecast_Rain_rx3day__anomaly,0.07500020576466267,45
River_Rother_Hardham,absolute_anomaly_seasonal,Forecast_Sunlight__anomaly,0.0,45
River_Rother_Hardham,absolute_anomaly_seasonal,Forecast_Solar_MJm2__anomaly,0.15050743088195112,45
River_Rother_Hardham,absolute_anomaly_seasonal,Month_Sin,0.013863165588739233,45
River_Rother_Hardham,absolute_anomaly_seasonal,Month_Cos,0.003149034295045207,45
River_Rother_Hardham,absolute_anomaly_seasonal,CSO_Individual_CSO_007274,0.8539409702928522,45
River_Rother_Hardham,absolute_anomaly_seasonal,CSO_Individual_CSO_007615,1.317358321390932,45
River_Rother_Hardham,absolute_anomaly_seasonal,CSO_Individual_CSO_007617,0.08837354225401901,45
River_Rother_Hardham,absolute_anomaly_seasonal,CSO_Individual_CSO_007747,0.20229286849818778,45
River_Rother_Hardham,absolute_anomaly_seasonal,CSO_Network_10_20km_count,0.0,45
River_Rother_Hardham,absolute_anomaly_seasonal,CSO_Network_10_20km_max,0.037748040381528944,45
River_Rother_Hardham,absolute_anomaly_seasonal,CSO_Network_10_20km_mean,0.0008305037046150601,45
River_Rother_Hardham,absolute_anomaly_seasonal,CSO_Network_20_30km_count,0.0,45
River_Rother_Hardham,absolute_anomaly_seasonal,CSO_Network_20_30km_max,0.06505990078640153,45
River_Rother_Hardham,absolute_anomaly_seasonal,CSO_Network_20_30km_mean,0.09283604531639293,45
River_Rother_Hardham,absolute_anomaly_seasonal,CSO_Network_30_40km_count,0.0,45
River_Rother_Hardham,absolute_anomaly_seasonal,CSO_Network_30_40km_max,0.0006032221772989426,45
River_Rother_Hardham,absolute_anomaly_seasonal,CSO_Network_30_40km_mean,0.11008045837897182,45
River_Rother_Hardham,absolute_anomaly_seasonal,CSO_Network_40_50km_count,0.0,45
River_Rother_Hardham,absolute_anomaly_seasonal,CSO_Network_40_50km_max,0.024548060579917673,45
River_Rother_Hardham,absolute_anomaly_seasonal,CSO_Network_40_50km_mean,0.0,45
River_Rother_Robertsbridge,absolute_anomaly_seasonal,Roll3_AirTemp,0.15190764612625857,57
River_Rother_Robertsbridge,absolute_anomaly_seasonal,Roll3_Humidity,0.19858595931172937,57
River_Rother_Robertsbridge,absolute_anomaly_seasonal,Roll3_Rain,0.21903677531029486,57
River_Rother_Robertsbridge,absolute_anomaly_seasonal,Roll3_Rain_wetdays,0.8837206405579286,57
River_Rother_Robertsbridge,absolute_anomaly_seasonal,Roll3_Rain_exceed_10mm,0.823816635659558,57
River_Rother_Robertsbridge,absolute_anomaly_seasonal,Roll3_Rain_rx1day,0.3074125333033679,57
River_Rother_Robertsbridge,absolute_anomaly_seasonal,Roll3_Rain_rx3day,0.3923123664016652,57
River_Rother_Robertsbridge,absolute_anomaly_seasonal,Roll3_Sunlight,0.47719106163425606,57
River_Rother_Robertsbridge,absolute_anomaly_seasonal,Roll3_Solar_MJm2,0.0,57
River_Rother_Robertsbridge,absolute_anomaly_seasonal,Roll6_AirTemp,0.24869353362878907,57
River_Rother_Robertsbridge,absolute_anomaly_seasonal,Roll6_Humidity,0.4692954748360473,57
River_Rother_Robertsbridge,absolute_anomaly_seasonal,Roll6_Rain,0.8635982990079412,57
River_Rother_Robertsbridge,absolute_anomaly_seasonal,Roll6_Rain_wetdays,0.9851597598109966,57
River_Rother_Robertsbridge,absolute_anomaly_seasonal,Roll6_Rain_exceed_10mm,0.7219013039388029,57
River_Rother_Robertsbridge,absolute_anomaly_seasonal,Roll6_Rain_rx1day,0.8455065519049195,57
River_Rother_Robertsbridge,absolute_anomaly_seasonal,Roll6_Rain_rx3day,0.5023148601467075,57
River_Rother_Robertsbridge,absolute_anomaly_seasonal,Roll6_Sunlight,0.3392903144128477,57
River_Rother_Robertsbridge,absolute_anomaly_seasonal,Roll6_Solar_MJm2,0.0,57
River_Rother_Robertsbridge,absolute_anomaly_seasonal,Previous_AirTemp,1.042797779762716,57
River_Rother_Robertsbridge,absolute_anomaly_seasonal,Previous_Humidity,0.3599573540784791,57
River_Rother_Robertsbridge,absolute_anomaly_seasonal,Previous_Rain,0.2883281848067796,57
River_Rother_Robertsbridge,absolute_anomaly_seasonal,Previous_Rain_wetdays,2.7335143232222663,57
River_Rother_Robertsbridge,absolute_anomaly_seasonal,Previous_Rain_exceed_10mm,0.5711001608808145,57
River_Rother_Robertsbridge,absolute_anomaly_seasonal,Previous_Rain_rx1day,0.35080010426547437,57
River_Rother_Robertsbridge,absolute_anomaly_seasonal,Previous_Rain_rx3day,2.216718859436317,57
River_Rother_Robertsbridge,absolute_anomaly_seasonal,Previous_Sunlight,0.4085095722823331,57
River_Rother_Robertsbridge,absolute_anomaly_seasonal,Previous_Solar_MJm2,0.0,57
River_Rother_Robertsbridge,absolute_anomaly_seasonal,Current_AirTemp,0.43227758504473596,57
River_Rother_Robertsbridge,absolute_anomaly_seasonal,Current_Humidity,0.4319729553014692,57
River_Rother_Robertsbridge,absolute_anomaly_seasonal,Current_Rain,0.9815227337452997,57
River_Rother_Robertsbridge,absolute_anomaly_seasonal,Current_Rain_wetdays,3.8039649868862804,57
River_Rother_Robertsbridge,absolute_anomaly_seasonal,Current_Rain_exceed_10mm,1.0726565989400134,57
River_Rother_Robertsbridge,absolute_anomaly_seasonal,Current_Rain_rx1day,0.4192330010268478,57
River_Rother_Robertsbridge,absolute_anomaly_seasonal,Current_Rain_rx3day,0.9844576482770093,57
River_Rother_Robertsbridge,absolute_anomaly_seasonal,Current_Sunlight,0.0,57
River_Rother_Robertsbridge,absolute_anomaly_seasonal,Current_Solar_MJm2,2.4192643681156794,57
River_Rother_Robertsbridge,absolute_anomaly_seasonal,Forecast_AirTemp,0.5377249674614517,57
River_Rother_Robertsbridge,absolute_anomaly_seasonal,Forecast_Humidity,0.4645405194170431,57
River_Rother_Robertsbridge,absolute_anomaly_seasonal,Forecast_Rain,0.20201940877955704,57
River_Rother_Robertsbridge,absolute_anomaly_seasonal,Forecast_Rain_wetdays,0.8546902027510562,57
River_Rother_Robertsbridge,absolute_anomaly_seasonal,Forecast_Rain_exceed_10mm,1.921010213174361,57
River_Rother_Robertsbridge,absolute_anomaly_seasonal,Forecast_Rain_rx1day,0.3823375551718543,57
River_Rother_Robertsbridge,absolute_anomaly_seasonal,Forecast_Rain_rx3day,0.5073569946642784,57
River_Rother_Robertsbridge,absolute_anomaly_seasonal,Forecast_Sunlight,0.0,57
River_Rother_Robertsbridge,absolute_anomaly_seasonal,Forecast_Solar_MJm2,1.1433159452821278,57
River_Rother_Robertsbridge,absolute_anomaly_seasonal,Roll3_AirTemp__anomaly,0.35441172497805284,57
River_Rother_Robertsbridge,absolute_anomaly_seasonal,Roll3_Humidity__anomaly,0.5917332339521351,57
River_Rother_Robertsbridge,absolute_anomaly_seasonal,Roll3_Rain__anomaly,0.6055657703343058,57
River_Rother_Robertsbridge,absolute_anomaly_seasonal,Roll3_Rain_wetdays__anomaly,2.5021756019901322,57
River_Rother_Robertsbridge,absolute_anomaly_seasonal,Roll3_Rain_exceed_10mm__anomaly,0.29853672940963505,57
River_Rother_Robertsbridge,absolute_anomaly_seasonal,Roll3_Rain_rx1day__anomaly,0.29039341596515444,57
River_Rother_Robertsbridge,absolute_anomaly_seasonal,Roll3_Rain_rx3day__anomaly,0.39690797263799527,57
River_Rother_Robertsbridge,absolute_anomaly_seasonal,Roll3_Sunlight__anomaly,0.324848780939278,57
River_Rother_Robertsbridge,absolute_anomaly_seasonal,Roll3_Solar_MJm2__anomaly,0.0,57
River_Rother_Robertsbridge,absolute_anomaly_seasonal,Roll6_AirTemp__anomaly,1.2667249602672401,57
River_Rother_Robertsbridge,absolute_anomaly_seasonal,Roll6_Humidity__anomaly,0.1291085811672989,57
River_Rother_Robertsbridge,absolute_anomaly_seasonal,Roll6_Rain__anomaly,2.1769448549144954,57
River_Rother_Robertsbridge,absolute_anomaly_seasonal,Roll6_Rain_wetdays__anomaly,0.2788211472109896,57
River_Rother_Robertsbridge,absolute_anomaly_seasonal,Roll6_Rain_exceed_10mm__anomaly,0.9205953058707437,57
River_Rother_Robertsbridge,absolute_anomaly_seasonal,Roll6_Rain_rx1day__anomaly,0.2943800255654042,57
River_Rother_Robertsbridge,absolute_anomaly_seasonal,Roll6_Rain_rx3day__anomaly,0.18251095433858794,57
River_Rother_Robertsbridge,absolute_anomaly_seasonal,Roll6_Sunlight__anomaly,1.0482506328661898,57
River_Rother_Robertsbridge,absolute_anomaly_seasonal,Roll6_Solar_MJm2__anomaly,0.0,57
River_Rother_Robertsbridge,absolute_anomaly_seasonal,Previous_AirTemp__anomaly,1.048525889176842,57
River_Rother_Robertsbridge,absolute_anomaly_seasonal,Previous_Humidity__anomaly,2.6483486453959726,57
River_Rother_Robertsbridge,absolute_anomaly_seasonal,Previous_Rain__anomaly,0.42886076423025654,57
River_Rother_Robertsbridge,absolute_anomaly_seasonal,Previous_Rain_wetdays__anomaly,0.7940491595300427,57
River_Rother_Robertsbridge,absolute_anomaly_seasonal,Previous_Rain_exceed_10mm__anomaly,2.2199272626912663,57
River_Rother_Robertsbridge,absolute_anomaly_seasonal,Previous_Rain_rx1day__anomaly,1.902589356614215,57
River_Rother_Robertsbridge,absolute_anomaly_seasonal,Previous_Rain_rx3day__anomaly,0.7754292408018844,57
River_Rother_Robertsbridge,absolute_anomaly_seasonal,Previous_Sunlight__anomaly,3.5487625998121395,57
River_Rother_Robertsbridge,absolute_anomaly_seasonal,Previous_Solar_MJm2__anomaly,0.0,57
River_Rother_Robertsbridge,absolute_anomaly_seasonal,Current_AirTemp__anomaly,2.4883598522962775,57
River_Rother_Robertsbridge,absolute_anomaly_seasonal,Current_Humidity__anomaly,7.718776955215246,57
River_Rother_Robertsbridge,absolute_anomaly_seasonal,Current_Rain__anomaly,1.2655273649222876,57
River_Rother_Robertsbridge,absolute_anomaly_seasonal,Current_Rain_wetdays__anomaly,0.7961993648233783,57
River_Rother_Robertsbridge,absolute_anomaly_seasonal,Current_Rain_exceed_10mm__anomaly,0.538919539927094,57
River_Rother_Robertsbridge,absolute_anomaly_seasonal,Current_Rain_rx1day__anomaly,0.7004451313764879,57
River_Rother_Robertsbridge,absolute_anomaly_seasonal,Current_Rain_rx3day__anomaly,0.09595892036272016,57
River_Rother_Robertsbridge,absolute_anomaly_seasonal,Current_Sunlight__anomaly,0.0,57
River_Rother_Robertsbridge,absolute_anomaly_seasonal,Current_Solar_MJm2__anomaly,0.1432283416032349,57
River_Rother_Robertsbridge,absolute_anomaly_seasonal,Forecast_AirTemp__anomaly,8.738057743108394,57
River_Rother_Robertsbridge,absolute_anomaly_seasonal,Forecast_Humidity__anomaly,0.6513635509565672,57
River_Rother_Robertsbridge,absolute_anomaly_seasonal,Forecast_Rain__anomaly,1.6973527526014194,57
River_Rother_Robertsbridge,absolute_anomaly_seasonal,Forecast_Rain_wetdays__anomaly,0.3480947364177263,57
River_Rother_Robertsbridge,absolute_anomaly_seasonal,Forecast_Rain_exceed_10mm__anomaly,0.8394596508637296,57
River_Rother_Robertsbridge,absolute_anomaly_seasonal,Forecast_Rain_rx1day__anomaly,0.9622493433953075,57
River_Rother_Robertsbridge,absolute_anomaly_seasonal,Forecast_Rain_rx3day__anomaly,0.665534271262292,57
River_Rother_Robertsbridge,absolute_anomaly_seasonal,Forecast_Sunlight__anomaly,0.0,57
River_Rother_Robertsbridge,absolute_anomaly_seasonal,Forecast_Solar_MJm2__anomaly,6.013785673671674,57
River_Rother_Robertsbridge,absolute_anomaly_seasonal,Month_Sin,0.24314063620368453,57
River_Rother_Robertsbridge,absolute_anomaly_seasonal,Month_Cos,0.13311047386742678,57
River_Rother_Robertsbridge,absolute_anomaly_seasonal,CSO_Individual_CSO_007062,3.465652811284775,57
River_Rother_Robertsbridge,absolute_anomaly_seasonal,CSO_Individual_CSO_007087,1.6188855786774117,57
River_Rother_Robertsbridge,absolute_anomaly_seasonal,CSO_Individual_CSO_007185,0.09265643468036834,57
River_Rother_Robertsbridge,absolute_anomaly_seasonal,CSO_Individual_CSO_007563,1.6146873242636228,57
River_Rother_Robertsbridge,absolute_anomaly_seasonal,CSO_Network_0_10km_count,0.0,57
River_Rother_Robertsbridge,absolute_anomaly_seasonal,CSO_Network_0_10km_max,0.861299960133274,57
River_Rother_Robertsbridge,absolute_anomaly_seasonal,CSO_Network_0_10km_mean,5.482378342490868e-07,57
River_Rother_Robertsbridge,absolute_anomaly_seasonal,CSO_Network_20_30km_count,0.0,57
River_Rother_Robertsbridge,absolute_anomaly_seasonal,CSO_Network_20_30km_max,0.24357722985161784,57
River_Rother_Robertsbridge,absolute_anomaly_seasonal,CSO_Network_20_30km_mean,0.07545746056954966,57
River_Severn_Shelton,absolute_anomaly_seasonal,Roll3_AirTemp,0.1955025692632185,56
River_Severn_Shelton,absolute_anomaly_seasonal,Roll3_Humidity,0.20606317006898003,56
River_Severn_Shelton,absolute_anomaly_seasonal,Roll3_Rain,0.15773121419923058,56
River_Severn_Shelton,absolute_anomaly_seasonal,Roll3_Rain_wetdays,0.16267615466607002,56
River_Severn_Shelton,absolute_anomaly_seasonal,Roll3_Rain_exceed_10mm,0.615459676347578,56
River_Severn_Shelton,absolute_anomaly_seasonal,Roll3_Rain_rx1day,0.3882967918603977,56
River_Severn_Shelton,absolute_anomaly_seasonal,Roll3_Rain_rx3day,0.4089120280909717,56
River_Severn_Shelton,absolute_anomaly_seasonal,Roll3_Sunlight,0.46074119264426,56
River_Severn_Shelton,absolute_anomaly_seasonal,Roll3_Solar_MJm2,0.0,56
River_Severn_Shelton,absolute_anomaly_seasonal,Roll6_AirTemp,0.4487391021295359,56
River_Severn_Shelton,absolute_anomaly_seasonal,Roll6_Humidity,0.11088962017267459,56
River_Severn_Shelton,absolute_anomaly_seasonal,Roll6_Rain,0.420737830745704,56
River_Severn_Shelton,absolute_anomaly_seasonal,Roll6_Rain_wetdays,0.2785264681624996,56
River_Severn_Shelton,absolute_anomaly_seasonal,Roll6_Rain_exceed_10mm,0.5855260249709578,56
River_Severn_Shelton,absolute_anomaly_seasonal,Roll6_Rain_rx1day,0.2456250388511052,56
River_Severn_Shelton,absolute_anomaly_seasonal,Roll6_Rain_rx3day,1.8467944517418353,56
River_Severn_Shelton,absolute_anomaly_seasonal,Roll6_Sunlight,1.0312186846084812,56
River_Severn_Shelton,absolute_anomaly_seasonal,Roll6_Solar_MJm2,0.0,56
River_Severn_Shelton,absolute_anomaly_seasonal,Previous_AirTemp,1.149920485104842,56
River_Severn_Shelton,absolute_anomaly_seasonal,Previous_Humidity,1.4673377964962497,56
River_Severn_Shelton,absolute_anomaly_seasonal,Previous_Rain,0.20939507788541326,56
River_Severn_Shelton,absolute_anomaly_seasonal,Previous_Rain_wetdays,1.3410418032748115,56
River_Severn_Shelton,absolute_anomaly_seasonal,Previous_Rain_exceed_10mm,0.1383049048538933,56
River_Severn_Shelton,absolute_anomaly_seasonal,Previous_Rain_rx1day,0.3550965374791884,56
River_Severn_Shelton,absolute_anomaly_seasonal,Previous_Rain_rx3day,0.642786354965451,56
River_Severn_Shelton,absolute_anomaly_seasonal,Previous_Sunlight,1.3316286675616404,56
River_Severn_Shelton,absolute_anomaly_seasonal,Previous_Solar_MJm2,0.0,56
River_Severn_Shelton,absolute_anomaly_seasonal,Current_AirTemp,7.001996044665417,56
River_Severn_Shelton,absolute_anomaly_seasonal,Current_Humidity,2.084407044528246,56
River_Severn_Shelton,absolute_anomaly_seasonal,Current_Rain,0.8089239692859087,56
River_Severn_Shelton,absolute_anomaly_seasonal,Current_Rain_wetdays,0.16669407157974664,56
River_Severn_Shelton,absolute_anomaly_seasonal,Current_Rain_exceed_10mm,0.7052918276147306,56
River_Severn_Shelton,absolute_anomaly_seasonal,Current_Rain_rx1day,0.928485761847331,56
River_Severn_Shelton,absolute_anomaly_seasonal,Current_Rain_rx3day,0.9237967758331223,56
River_Severn_Shelton,absolute_anomaly_seasonal,Current_Sunlight,0.0,56
River_Severn_Shelton,absolute_anomaly_seasonal,Current_Solar_MJm2,1.154012989752914,56
River_Severn_Shelton,absolute_anomaly_seasonal,Forecast_AirTemp,0.179483233595553,56
River_Severn_Shelton,absolute_anomaly_seasonal,Forecast_Humidity,0.9020140909972766,56
River_Severn_Shelton,absolute_anomaly_seasonal,Forecast_Rain,0.24109283193306816,56
River_Severn_Shelton,absolute_anomaly_seasonal,Forecast_Rain_wetdays,0.9130135753356908,56
River_Severn_Shelton,absolute_anomaly_seasonal,Forecast_Rain_exceed_10mm,0.638896762996704,56
River_Severn_Shelton,absolute_anomaly_seasonal,Forecast_Rain_rx1day,0.1511291880505488,56
River_Severn_Shelton,absolute_anomaly_seasonal,Forecast_Rain_rx3day,0.28069901670365666,56
River_Severn_Shelton,absolute_anomaly_seasonal,Forecast_Sunlight,0.0,56
River_Severn_Shelton,absolute_anomaly_seasonal,Forecast_Solar_MJm2,0.10816468123319146,56
River_Severn_Shelton,absolute_anomaly_seasonal,Roll3_AirTemp__anomaly,0.5359515751747101,56
River_Severn_Shelton,absolute_anomaly_seasonal,Roll3_Humidity__anomaly,1.5245310889443664,56
River_Severn_Shelton,absolute_anomaly_seasonal,Roll3_Rain__anomaly,4.468695654635904,56
River_Severn_Shelton,absolute_anomaly_seasonal,Roll3_Rain_wetdays__anomaly,0.6704855914001165,56
River_Severn_Shelton,absolute_anomaly_seasonal,Roll3_Rain_exceed_10mm__anomaly,0.42536708108761223,56
River_Severn_Shelton,absolute_anomaly_seasonal,Roll3_Rain_rx1day__anomaly,1.247194490520211,56
River_Severn_Shelton,absolute_anomaly_seasonal,Roll3_Rain_rx3day__anomaly,1.9227171963973888,56
River_Severn_Shelton,absolute_anomaly_seasonal,Roll3_Sunlight__anomaly,1.1619795136313313,56
River_Severn_Shelton,absolute_anomaly_seasonal,Roll3_Solar_MJm2__anomaly,0.0,56
River_Severn_Shelton,absolute_anomaly_seasonal,Roll6_AirTemp__anomaly,2.066601967640625,56
River_Severn_Shelton,absolute_anomaly_seasonal,Roll6_Humidity__anomaly,0.9401907082506984,56
River_Severn_Shelton,absolute_anomaly_seasonal,Roll6_Rain__anomaly,0.15765560753187777,56
River_Severn_Shelton,absolute_anomaly_seasonal,Roll6_Rain_wetdays__anomaly,0.13048649314414779,56
River_Severn_Shelton,absolute_anomaly_seasonal,Roll6_Rain_exceed_10mm__anomaly,0.08585385307736945,56
River_Severn_Shelton,absolute_anomaly_seasonal,Roll6_Rain_rx1day__anomaly,0.4350458038763095,56
River_Severn_Shelton,absolute_anomaly_seasonal,Roll6_Rain_rx3day__anomaly,1.9240962319651629,56
River_Severn_Shelton,absolute_anomaly_seasonal,Roll6_Sunlight__anomaly,1.0215908317652693,56
River_Severn_Shelton,absolute_anomaly_seasonal,Roll6_Solar_MJm2__anomaly,0.0,56
River_Severn_Shelton,absolute_anomaly_seasonal,Previous_AirTemp__anomaly,0.2090798822492656,56
River_Severn_Shelton,absolute_anomaly_seasonal,Previous_Humidity__anomaly,1.5686407414276384,56
River_Severn_Shelton,absolute_anomaly_seasonal,Previous_Rain__anomaly,0.3972888145384797,56
River_Severn_Shelton,absolute_anomaly_seasonal,Previous_Rain_wetdays__anomaly,0.27330061442483156,56
River_Severn_Shelton,absolute_anomaly_seasonal,Previous_Rain_exceed_10mm__anomaly,0.36651563521980923,56
River_Severn_Shelton,absolute_anomaly_seasonal,Previous_Rain_rx1day__anomaly,0.3470758082190829,56
River_Severn_Shelton,absolute_anomaly_seasonal,Previous_Rain_rx3day__anomaly,0.8085803865062856,56
River_Severn_Shelton,absolute_anomaly_seasonal,Previous_Sunlight__anomaly,0.08061130213737003,56
River_Severn_Shelton,absolute_anomaly_seasonal,Previous_Solar_MJm2__anomaly,0.0,56
River_Severn_Shelton,absolute_anomaly_seasonal,Current_AirTemp__anomaly,2.7811040395020585,56
River_Severn_Shelton,absolute_anomaly_seasonal,Current_Humidity__anomaly,0.4630639999072909,56
River_Severn_Shelton,absolute_anomaly_seasonal,Current_Rain__anomaly,3.140774710868416,56
River_Severn_Shelton,absolute_anomaly_seasonal,Current_Rain_wetdays__anomaly,0.5143215429983111,56
River_Severn_Shelton,absolute_anomaly_seasonal,Current_Rain_exceed_10mm__anomaly,1.2704507492383026,56
River_Severn_Shelton,absolute_anomaly_seasonal,Current_Rain_rx1day__anomaly,1.0529247300642959,56
River_Severn_Shelton,absolute_anomaly_seasonal,Current_Rain_rx3day__anomaly,0.6017799964229456,56
River_Severn_Shelton,absolute_anomaly_seasonal,Current_Sunlight__anomaly,0.0,56
River_Severn_Shelton,absolute_anomaly_seasonal,Current_Solar_MJm2__anomaly,0.6456532916209898,56
River_Severn_Shelton,absolute_anomaly_seasonal,Forecast_AirTemp__anomaly,0.3251120518948113,56
River_Severn_Shelton,absolute_anomaly_seasonal,Forecast_Humidity__anomaly,1.2896567282794333,56
River_Severn_Shelton,absolute_anomaly_seasonal,Forecast_Rain__anomaly,0.3073060872185146,56
River_Severn_Shelton,absolute_anomaly_seasonal,Forecast_Rain_wetdays__anomaly,0.2117932717619078,56
River_Severn_Shelton,absolute_anomaly_seasonal,Forecast_Rain_exceed_10mm__anomaly,0.3717749822866724,56
River_Severn_Shelton,absolute_anomaly_seasonal,Forecast_Rain_rx1day__anomaly,1.0020716282865623,56
River_Severn_Shelton,absolute_anomaly_seasonal,Forecast_Rain_rx3day__anomaly,4.641318949256435,56
River_Severn_Shelton,absolute_anomaly_seasonal,Forecast_Sunlight__anomaly,0.0,56
River_Severn_Shelton,absolute_anomaly_seasonal,Forecast_Solar_MJm2__anomaly,0.8328858123563245,56
River_Severn_Shelton,absolute_anomaly_seasonal,Month_Sin,0.02278190492560136,56
River_Severn_Shelton,absolute_anomaly_seasonal,Month_Cos,0.0018783796677779116,56
River_Severn_Shelton,absolute_anomaly_seasonal,CSO_Individual_CSO_003340,1.8546640221753097,56
River_Severn_Shelton,absolute_anomaly_seasonal,CSO_Individual_CSO_004018,1.2244734970212374,56
River_Severn_Shelton,absolute_anomaly_seasonal,CSO_Individual_CSO_004737,10.663270893347814,56
River_Severn_Shelton,absolute_anomaly_seasonal,CSO_Individual_CSO_005433,0.35366047652119664,56
River_Severn_Shelton,absolute_anomaly_seasonal,CSO_Network_0_10km_count,0.0,56
River_Severn_Shelton,absolute_anomaly_seasonal,CSO_Network_0_10km_max,0.701521367583387,56
River_Severn_Shelton,absolute_anomaly_seasonal,CSO_Network_0_10km_mean,0.2326711165668132,56
River_Severn_Shelton,absolute_anomaly_seasonal,CSO_Network_30_40km_count,0.0,56
River_Severn_Shelton,absolute_anomaly_seasonal,CSO_Network_30_40km_max,0.005103324445837959,56
River_Severn_Shelton,absolute_anomaly_seasonal,CSO_Network_30_40km_mean,4.418987011540573,56
River_Severn_Shelton,absolute_anomaly_seasonal,CSO_Network_40_50km_count,0.0,56
River_Severn_Shelton,absolute_anomaly_seasonal,CSO_Network_40_50km_max,0.027204040495118764,56
River_Severn_Shelton,absolute_anomaly_seasonal,CSO_Network_40_50km_mean,3.0424706145767208e-05,56
River_Severn_Shelton,absolute_anomaly_seasonal,CSO_Network_50_60km_count,0.0,56
River_Severn_Shelton,absolute_anomaly_seasonal,CSO_Network_50_60km_max,6.885109134291822,56
River_Severn_Shelton,absolute_anomaly_seasonal,CSO_Network_50_60km_mean,6.144888413582424e-05,56
River_Stour_Langham,absolute_anomaly_seasonal,Roll3_AirTemp,0.5890931503281089,69
River_Stour_Langham,absolute_anomaly_seasonal,Roll3_Humidity,0.23431866162353307,69
River_Stour_Langham,absolute_anomaly_seasonal,Roll3_Rain,0.27508830916177324,69
River_Stour_Langham,absolute_anomaly_seasonal,Roll3_Rain_wetdays,0.3120788467449223,69
River_Stour_Langham,absolute_anomaly_seasonal,Roll3_Rain_exceed_10mm,0.42054390998201374,69
River_Stour_Langham,absolute_anomaly_seasonal,Roll3_Rain_rx1day,0.3182617663913906,69
River_Stour_Langham,absolute_anomaly_seasonal,Roll3_Rain_rx3day,0.4879056411646257,69
River_Stour_Langham,absolute_anomaly_seasonal,Roll3_Sunlight,2.0007511991989784,69
River_Stour_Langham,absolute_anomaly_seasonal,Roll3_Solar_MJm2,0.0,69
River_Stour_Langham,absolute_anomaly_seasonal,Roll6_AirTemp,4.494824148734459,69
River_Stour_Langham,absolute_anomaly_seasonal,Roll6_Humidity,0.9574816280227336,69
River_Stour_Langham,absolute_anomaly_seasonal,Roll6_Rain,0.5648547867758662,69
River_Stour_Langham,absolute_anomaly_seasonal,Roll6_Rain_wetdays,0.8974759478649051,69
River_Stour_Langham,absolute_anomaly_seasonal,Roll6_Rain_exceed_10mm,0.5286803382278205,69
River_Stour_Langham,absolute_anomaly_seasonal,Roll6_Rain_rx1day,0.3901698998779435,69
River_Stour_Langham,absolute_anomaly_seasonal,Roll6_Rain_rx3day,0.2087248717738027,69
River_Stour_Langham,absolute_anomaly_seasonal,Roll6_Sunlight,1.03077354793802,69
River_Stour_Langham,absolute_anomaly_seasonal,Roll6_Solar_MJm2,0.0,69
River_Stour_Langham,absolute_anomaly_seasonal,Previous_AirTemp,0.5448595918142868,69
River_Stour_Langham,absolute_anomaly_seasonal,Previous_Humidity,1.2888020000524638,69
River_Stour_Langham,absolute_anomaly_seasonal,Previous_Rain,0.8034669616449844,69
River_Stour_Langham,absolute_anomaly_seasonal,Previous_Rain_wetdays,2.2975274629402858,69
River_Stour_Langham,absolute_anomaly_seasonal,Previous_Rain_exceed_10mm,0.6180626419942343,69
River_Stour_Langham,absolute_anomaly_seasonal,Previous_Rain_rx1day,1.0535356152371138,69
River_Stour_Langham,absolute_anomaly_seasonal,Previous_Rain_rx3day,1.586062312027611,69
River_Stour_Langham,absolute_anomaly_seasonal,Previous_Sunlight,0.5215481147641285,69
River_Stour_Langham,absolute_anomaly_seasonal,Previous_Solar_MJm2,0.0,69
River_Stour_Langham,absolute_anomaly_seasonal,Current_AirTemp,1.1649659709957756,69
River_Stour_Langham,absolute_anomaly_seasonal,Current_Humidity,8.626042245809057,69
River_Stour_Langham,absolute_anomaly_seasonal,Current_Rain,1.4169183972917467,69
River_Stour_Langham,absolute_anomaly_seasonal,Current_Rain_wetdays,0.9016330470400955,69
River_Stour_Langham,absolute_anomaly_seasonal,Current_Rain_exceed_10mm,0.7951595255726398,69
River_Stour_Langham,absolute_anomaly_seasonal,Current_Rain_rx1day,1.224144066220671,69
River_Stour_Langham,absolute_anomaly_seasonal,Current_Rain_rx3day,2.159896251097746,69
River_Stour_Langham,absolute_anomaly_seasonal,Current_Sunlight,0.0,69
River_Stour_Langham,absolute_anomaly_seasonal,Current_Solar_MJm2,0.317982023167144,69
River_Stour_Langham,absolute_anomaly_seasonal,Forecast_AirTemp,0.5306566790812601,69
River_Stour_Langham,absolute_anomaly_seasonal,Forecast_Humidity,7.509954221561321,69
River_Stour_Langham,absolute_anomaly_seasonal,Forecast_Rain,1.0821401698251876,69
River_Stour_Langham,absolute_anomaly_seasonal,Forecast_Rain_wetdays,0.708169329770898,69
River_Stour_Langham,absolute_anomaly_seasonal,Forecast_Rain_exceed_10mm,0.8554951813688754,69
River_Stour_Langham,absolute_anomaly_seasonal,Forecast_Rain_rx1day,0.725290838113135,69
River_Stour_Langham,absolute_anomaly_seasonal,Forecast_Rain_rx3day,0.7048747831479535,69
River_Stour_Langham,absolute_anomaly_seasonal,Forecast_Sunlight,0.0,69
River_Stour_Langham,absolute_anomaly_seasonal,Forecast_Solar_MJm2,2.5729937391061255,69
River_Stour_Langham,absolute_anomaly_seasonal,Roll3_AirTemp__anomaly,0.7071517919915942,69
River_Stour_Langham,absolute_anomaly_seasonal,Roll3_Humidity__anomaly,0.4952576720868337,69
River_Stour_Langham,absolute_anomaly_seasonal,Roll3_Rain__anomaly,0.1666286792670761,69
River_Stour_Langham,absolute_anomaly_seasonal,Roll3_Rain_wetdays__anomaly,0.4323466509869267,69
River_Stour_Langham,absolute_anomaly_seasonal,Roll3_Rain_exceed_10mm__anomaly,0.9530318151365349,69
River_Stour_Langham,absolute_anomaly_seasonal,Roll3_Rain_rx1day__anomaly,0.5038008634068452,69
River_Stour_Langham,absolute_anomaly_seasonal,Roll3_Rain_rx3day__anomaly,0.8344029565179334,69
River_Stour_Langham,absolute_anomaly_seasonal,Roll3_Sunlight__anomaly,0.3846696161589836,69
River_Stour_Langham,absolute_anomaly_seasonal,Roll3_Solar_MJm2__anomaly,0.0,69
River_Stour_Langham,absolute_anomaly_seasonal,Roll6_AirTemp__anomaly,0.6142262117919165,69
River_Stour_Langham,absolute_anomaly_seasonal,Roll6_Humidity__anomaly,1.449320211865519,69
River_Stour_Langham,absolute_anomaly_seasonal,Roll6_Rain__anomaly,0.600135963502997,69
River_Stour_Langham,absolute_anomaly_seasonal,Roll6_Rain_wetdays__anomaly,2.0916375196292556,69
River_Stour_Langham,absolute_anomaly_seasonal,Roll6_Rain_exceed_10mm__anomaly,0.6779808602048766,69
River_Stour_Langham,absolute_anomaly_seasonal,Roll6_Rain_rx1day__anomaly,0.7376094181394197,69
River_Stour_Langham,absolute_anomaly_seasonal,Roll6_Rain_rx3day__anomaly,1.0263921001685765,69
River_Stour_Langham,absolute_anomaly_seasonal,Roll6_Sunlight__anomaly,1.1917997362053636,69
River_Stour_Langham,absolute_anomaly_seasonal,Roll6_Solar_MJm2__anomaly,0.0,69
River_Stour_Langham,absolute_anomaly_seasonal,Previous_AirTemp__anomaly,0.9008037080476072,69
River_Stour_Langham,absolute_anomaly_seasonal,Previous_Humidity__anomaly,1.3201441260878588,69
River_Stour_Langham,absolute_anomaly_seasonal,Previous_Rain__anomaly,0.9574252387098432,69
River_Stour_Langham,absolute_anomaly_seasonal,Previous_Rain_wetdays__anomaly,1.8839011381638542,69
River_Stour_Langham,absolute_anomaly_seasonal,Previous_Rain_exceed_10mm__anomaly,0.9176247952073536,69
River_Stour_Langham,absolute_anomaly_seasonal,Previous_Rain_rx1day__anomaly,0.862766802380853,69
River_Stour_Langham,absolute_anomaly_seasonal,Previous_Rain_rx3day__anomaly,0.1821875718624851,69
River_Stour_Langham,absolute_anomaly_seasonal,Previous_Sunlight__anomaly,0.8476522124858413,69
River_Stour_Langham,absolute_anomaly_seasonal,Previous_Solar_MJm2__anomaly,0.0,69
River_Stour_Langham,absolute_anomaly_seasonal,Current_AirTemp__anomaly,0.7636118789387261,69
River_Stour_Langham,absolute_anomaly_seasonal,Current_Humidity__anomaly,2.0040309156762435,69
River_Stour_Langham,absolute_anomaly_seasonal,Current_Rain__anomaly,0.8659886490836871,69
River_Stour_Langham,absolute_anomaly_seasonal,Current_Rain_wetdays__anomaly,0.29987829772251384,69
River_Stour_Langham,absolute_anomaly_seasonal,Current_Rain_exceed_10mm__anomaly,0.5462639682775567,69
River_Stour_Langham,absolute_anomaly_seasonal,Current_Rain_rx1day__anomaly,1.4146284394611595,69
River_Stour_Langham,absolute_anomaly_seasonal,Current_Rain_rx3day__anomaly,0.8547026794822263,69
River_Stour_Langham,absolute_anomaly_seasonal,Current_Sunlight__anomaly,0.0,69
River_Stour_Langham,absolute_anomaly_seasonal,Current_Solar_MJm2__anomaly,0.3626903006171418,69
River_Stour_Langham,absolute_anomaly_seasonal,Forecast_AirTemp__anomaly,0.36829996579614,69
River_Stour_Langham,absolute_anomaly_seasonal,Forecast_Humidity__anomaly,1.5950929128321585,69
River_Stour_Langham,absolute_anomaly_seasonal,Forecast_Rain__anomaly,0.6641634513704241,69
River_Stour_Langham,absolute_anomaly_seasonal,Forecast_Rain_wetdays__anomaly,0.6504009322080504,69
River_Stour_Langham,absolute_anomaly_seasonal,Forecast_Rain_exceed_10mm__anomaly,0.9920861462089582,69
River_Stour_Langham,absolute_anomaly_seasonal,Forecast_Rain_rx1day__anomaly,1.4691395912884762,69
River_Stour_Langham,absolute_anomaly_seasonal,Forecast_Rain_rx3day__anomaly,0.25653681103968795,69
River_Stour_Langham,absolute_anomaly_seasonal,Forecast_Sunlight__anomaly,0.0,69
River_Stour_Langham,absolute_anomaly_seasonal,Forecast_Solar_MJm2__anomaly,0.9480479749193993,69
River_Stour_Langham,absolute_anomaly_seasonal,Month_Sin,0.03888627578014876,69
River_Stour_Langham,absolute_anomaly_seasonal,Month_Cos,0.008369649042542572,69
River_Stour_Langham,absolute_anomaly_seasonal,CSO_Individual_CSO_000535,1.2898181024861255,69
River_Stour_Langham,absolute_anomaly_seasonal,CSO_Individual_CSO_001179,1.1292331220213634,69
River_Stour_Langham,absolute_anomaly_seasonal,CSO_Individual_CSO_001217,1.28411005520258,69
River_Stour_Langham,absolute_anomaly_seasonal,CSO_Network_10_20km_count,0.0,69
River_Stour_Langham,absolute_anomaly_seasonal,CSO_Network_10_20km_max,1.5561879283725302,69
River_Stour_Langham,absolute_anomaly_seasonal,CSO_Network_10_20km_mean,0.0019120452587167134,69
River_Stour_Langham,absolute_anomaly_seasonal,CSO_Network_20_30km_count,0.0,69
River_Stour_Langham,absolute_anomaly_seasonal,CSO_Network_20_30km_max,0.0048281957302259764,69
River_Stour_Langham,absolute_anomaly_seasonal,CSO_Network_20_30km_mean,0.0827534924426429,69
River_Stour_Langham,absolute_anomaly_seasonal,CSO_Network_30_40km_count,0.0,69
River_Stour_Langham,absolute_anomaly_seasonal,CSO_Network_30_40km_max,4.387125580668061,69
River_Stour_Langham,absolute_anomaly_seasonal,CSO_Network_30_40km_mean,0.05113646618438914,69
River_Stour_Langham,absolute_anomaly_seasonal,CSO_Network_40_50km_count,0.0,69
River_Stour_Langham,absolute_anomaly_seasonal,CSO_Network_40_50km_max,0.0015648558294933483,69
River_Stour_Langham,absolute_anomaly_seasonal,CSO_Network_40_50km_mean,0.002088851065159476,69
River_Stour_Langham,absolute_anomaly_seasonal,CSO_Network_50_60km_count,0.0,69
River_Stour_Langham,absolute_anomaly_seasonal,CSO_Network_50_60km_max,0.4724359052164101,69
River_Stour_Langham,absolute_anomaly_seasonal,CSO_Network_50_60km_mean,1.0466618138562935,69
River_Stour_Langham,absolute_anomaly_seasonal,CSO_Network_60_70km_count,0.0,69
River_Stour_Langham,absolute_anomaly_seasonal,CSO_Network_60_70km_max,0.126490852308383,69
River_Stour_Langham,absolute_anomaly_seasonal,CSO_Network_60_70km_mean,0.0007284101504065912,69
River_Tay_Perth,absolute_anomaly_seasonal,Roll3_AirTemp,0.20765271948854253,69
River_Tay_Perth,absolute_anomaly_seasonal,Roll3_Humidity,0.4154892696330277,69
River_Tay_Perth,absolute_anomaly_seasonal,Roll3_Rain,0.2936527795815614,69
River_Tay_Perth,absolute_anomaly_seasonal,Roll3_Rain_wetdays,0.42359966111118186,69
River_Tay_Perth,absolute_anomaly_seasonal,Roll3_Rain_exceed_10mm,0.37888310862474683,69
River_Tay_Perth,absolute_anomaly_seasonal,Roll3_Rain_rx1day,0.30187692497619445,69
River_Tay_Perth,absolute_anomaly_seasonal,Roll3_Rain_rx3day,1.3920953720864224,69
River_Tay_Perth,absolute_anomaly_seasonal,Roll3_Sunlight,0.4391842671091313,69
River_Tay_Perth,absolute_anomaly_seasonal,Roll3_Solar_MJm2,0.0,69
River_Tay_Perth,absolute_anomaly_seasonal,Roll6_AirTemp,0.6484808735782117,69
River_Tay_Perth,absolute_anomaly_seasonal,Roll6_Humidity,2.505779444167579,69
River_Tay_Perth,absolute_anomaly_seasonal,Roll6_Rain,1.7369740832618166,69
River_Tay_Perth,absolute_anomaly_seasonal,Roll6_Rain_wetdays,0.96079729051379,69
River_Tay_Perth,absolute_anomaly_seasonal,Roll6_Rain_exceed_10mm,0.37369190038537103,69
River_Tay_Perth,absolute_anomaly_seasonal,Roll6_Rain_rx1day,0.38508165505581937,69
River_Tay_Perth,absolute_anomaly_seasonal,Roll6_Rain_rx3day,0.5375309995082289,69
River_Tay_Perth,absolute_anomaly_seasonal,Roll6_Sunlight,0.4028069302723775,69
River_Tay_Perth,absolute_anomaly_seasonal,Roll6_Solar_MJm2,0.0,69
River_Tay_Perth,absolute_anomaly_seasonal,Previous_AirTemp,0.7833216326641329,69
River_Tay_Perth,absolute_anomaly_seasonal,Previous_Humidity,1.8515501658918827,69
River_Tay_Perth,absolute_anomaly_seasonal,Previous_Rain,0.443321552789229,69
River_Tay_Perth,absolute_anomaly_seasonal,Previous_Rain_wetdays,0.6447598986648163,69
River_Tay_Perth,absolute_anomaly_seasonal,Previous_Rain_exceed_10mm,0.69904524838224,69
River_Tay_Perth,absolute_anomaly_seasonal,Previous_Rain_rx1day,0.5738105719526011,69
River_Tay_Perth,absolute_anomaly_seasonal,Previous_Rain_rx3day,0.8084409762533687,69
River_Tay_Perth,absolute_anomaly_seasonal,Previous_Sunlight,0.325939388476353,69
River_Tay_Perth,absolute_anomaly_seasonal,Previous_Solar_MJm2,0.0,69
River_Tay_Perth,absolute_anomaly_seasonal,Current_AirTemp,1.0512078695148674,69
River_Tay_Perth,absolute_anomaly_seasonal,Current_Humidity,0.7587383993664583,69
River_Tay_Perth,absolute_anomaly_seasonal,Current_Rain,0.5185030016752311,69
River_Tay_Perth,absolute_anomaly_seasonal,Current_Rain_wetdays,0.7310494518052979,69
River_Tay_Perth,absolute_anomaly_seasonal,Current_Rain_exceed_10mm,2.533211372990609,69
River_Tay_Perth,absolute_anomaly_seasonal,Current_Rain_rx1day,0.8657170402889469,69
River_Tay_Perth,absolute_anomaly_seasonal,Current_Rain_rx3day,0.5845956654951799,69
River_Tay_Perth,absolute_anomaly_seasonal,Current_Sunlight,0.0,69
River_Tay_Perth,absolute_anomaly_seasonal,Current_Solar_MJm2,3.623773255494814,69
River_Tay_Perth,absolute_anomaly_seasonal,Forecast_AirTemp,0.2908782241185074,69
River_Tay_Perth,absolute_anomaly_seasonal,Forecast_Humidity,0.6320107441409695,69
River_Tay_Perth,absolute_anomaly_seasonal,Forecast_Rain,1.4931326478245681,69
River_Tay_Perth,absolute_anomaly_seasonal,Forecast_Rain_wetdays,0.4649788241672016,69
River_Tay_Perth,absolute_anomaly_seasonal,Forecast_Rain_exceed_10mm,0.4871445117092285,69
River_Tay_Perth,absolute_anomaly_seasonal,Forecast_Rain_rx1day,3.020247087148462,69
River_Tay_Perth,absolute_anomaly_seasonal,Forecast_Rain_rx3day,0.9075327609952134,69
River_Tay_Perth,absolute_anomaly_seasonal,Forecast_Sunlight,0.0,69
River_Tay_Perth,absolute_anomaly_seasonal,Forecast_Solar_MJm2,1.1913181859518969,69
River_Tay_Perth,absolute_anomaly_seasonal,Roll3_AirTemp__anomaly,0.3508127691962597,69
River_Tay_Perth,absolute_anomaly_seasonal,Roll3_Humidity__anomaly,0.9663358017599308,69
River_Tay_Perth,absolute_anomaly_seasonal,Roll3_Rain__anomaly,2.617133033926652,69
River_Tay_Perth,absolute_anomaly_seasonal,Roll3_Rain_wetdays__anomaly,0.7679866521423343,69
River_Tay_Perth,absolute_anomaly_seasonal,Roll3_Rain_exceed_10mm__anomaly,5.979582121013516,69
River_Tay_Perth,absolute_anomaly_seasonal,Roll3_Rain_rx1day__anomaly,4.456921124143224,69
River_Tay_Perth,absolute_anomaly_seasonal,Roll3_Rain_rx3day__anomaly,1.8555301844546228,69
River_Tay_Perth,absolute_anomaly_seasonal,Roll3_Sunlight__anomaly,2.908727011920025,69
River_Tay_Perth,absolute_anomaly_seasonal,Roll3_Solar_MJm2__anomaly,0.0,69
River_Tay_Perth,absolute_anomaly_seasonal,Roll6_AirTemp__anomaly,9.353981876307442,69
River_Tay_Perth,absolute_anomaly_seasonal,Roll6_Humidity__anomaly,2.3777058683844245,69
River_Tay_Perth,absolute_anomaly_seasonal,Roll6_Rain__anomaly,1.1366639856671,69
River_Tay_Perth,absolute_anomaly_seasonal,Roll6_Rain_wetdays__anomaly,1.8047441231187469,69
River_Tay_Perth,absolute_anomaly_seasonal,Roll6_Rain_exceed_10mm__anomaly,0.29769299048153214,69
River_Tay_Perth,absolute_anomaly_seasonal,Roll6_Rain_rx1day__anomaly,1.2631756073447986,69
River_Tay_Perth,absolute_anomaly_seasonal,Roll6_Rain_rx3day__anomaly,0.6267788204781497,69
River_Tay_Perth,absolute_anomaly_seasonal,Roll6_Sunlight__anomaly,0.24476443394536518,69
River_Tay_Perth,absolute_anomaly_seasonal,Roll6_Solar_MJm2__anomaly,0.0,69
River_Tay_Perth,absolute_anomaly_seasonal,Previous_AirTemp__anomaly,0.2139826596389815,69
River_Tay_Perth,absolute_anomaly_seasonal,Previous_Humidity__anomaly,0.6663557412970889,69
River_Tay_Perth,absolute_anomaly_seasonal,Previous_Rain__anomaly,0.47411754202740164,69
River_Tay_Perth,absolute_anomaly_seasonal,Previous_Rain_wetdays__anomaly,3.5972572399180955,69
River_Tay_Perth,absolute_anomaly_seasonal,Previous_Rain_exceed_10mm__anomaly,2.5986565644179938,69
River_Tay_Perth,absolute_anomaly_seasonal,Previous_Rain_rx1day__anomaly,1.246183237692155,69
River_Tay_Perth,absolute_anomaly_seasonal,Previous_Rain_rx3day__anomaly,1.1457833817919647,69
River_Tay_Perth,absolute_anomaly_seasonal,Previous_Sunlight__anomaly,0.740843421659466,69
River_Tay_Perth,absolute_anomaly_seasonal,Previous_Solar_MJm2__anomaly,0.0,69
River_Tay_Perth,absolute_anomaly_seasonal,Current_AirTemp__anomaly,1.3439081086653244,69
River_Tay_Perth,absolute_anomaly_seasonal,Current_Humidity__anomaly,1.2776182349374006,69
River_Tay_Perth,absolute_anomaly_seasonal,Current_Rain__anomaly,0.7647660329418922,69
River_Tay_Perth,absolute_anomaly_seasonal,Current_Rain_wetdays__anomaly,0.3958288389190823,69
River_Tay_Perth,absolute_anomaly_seasonal,Current_Rain_exceed_10mm__anomaly,0.39487476135861094,69
River_Tay_Perth,absolute_anomaly_seasonal,Current_Rain_rx1day__anomaly,0.3844417233579614,69
River_Tay_Perth,absolute_anomaly_seasonal,Current_Rain_rx3day__anomaly,0.23833765491604803,69
River_Tay_Perth,absolute_anomaly_seasonal,Current_Sunlight__anomaly,0.0,69
River_Tay_Perth,absolute_anomaly_seasonal,Current_Solar_MJm2__anomaly,0.7670906066739342,69
River_Tay_Perth,absolute_anomaly_seasonal,Forecast_AirTemp__anomaly,1.1111663603723,69
River_Tay_Perth,absolute_anomaly_seasonal,Forecast_Humidity__anomaly,1.7883842210283347,69
River_Tay_Perth,absolute_anomaly_seasonal,Forecast_Rain__anomaly,0.9234300382032842,69
River_Tay_Perth,absolute_anomaly_seasonal,Forecast_Rain_wetdays__anomaly,0.7101189967484873,69
River_Tay_Perth,absolute_anomaly_seasonal,Forecast_Rain_exceed_10mm__anomaly,1.55432873424417,69
River_Tay_Perth,absolute_anomaly_seasonal,Forecast_Rain_rx1day__anomaly,0.9276020928835506,69
River_Tay_Perth,absolute_anomaly_seasonal,Forecast_Rain_rx3day__anomaly,0.8370072254181398,69
River_Tay_Perth,absolute_anomaly_seasonal,Forecast_Sunlight__anomaly,0.0,69
River_Tay_Perth,absolute_anomaly_seasonal,Forecast_Solar_MJm2__anomaly,1.4809423458807893,69
River_Tay_Perth,absolute_anomaly_seasonal,Month_Sin,0.7151063093018424,69
River_Tay_Perth,absolute_anomaly_seasonal,Month_Cos,0.0055257643054859975,69
River_Teifi_Llechryd,absolute_anomaly_seasonal,Roll3_AirTemp,0.25240746948490284,44
River_Teifi_Llechryd,absolute_anomaly_seasonal,Roll3_Humidity,0.5398330057435817,44
River_Teifi_Llechryd,absolute_anomaly_seasonal,Roll3_Rain,0.5095510239719646,44
River_Teifi_Llechryd,absolute_anomaly_seasonal,Roll3_Rain_wetdays,0.4447753452791687,44
River_Teifi_Llechryd,absolute_anomaly_seasonal,Roll3_Rain_exceed_10mm,0.04922778597367423,44
River_Teifi_Llechryd,absolute_anomaly_seasonal,Roll3_Rain_rx1day,0.05314954119224908,44
River_Teifi_Llechryd,absolute_anomaly_seasonal,Roll3_Rain_rx3day,0.623836571705154,44
River_Teifi_Llechryd,absolute_anomaly_seasonal,Roll3_Sunlight,0.0013421119513578603,44
River_Teifi_Llechryd,absolute_anomaly_seasonal,Roll3_Solar_MJm2,0.0,44
River_Teifi_Llechryd,absolute_anomaly_seasonal,Roll6_AirTemp,1.7420243109575806,44
River_Teifi_Llechryd,absolute_anomaly_seasonal,Roll6_Humidity,0.4856198099267149,44
River_Teifi_Llechryd,absolute_anomaly_seasonal,Roll6_Rain,0.9109702818066558,44
River_Teifi_Llechryd,absolute_anomaly_seasonal,Roll6_Rain_wetdays,0.024465188014014417,44
River_Teifi_Llechryd,absolute_anomaly_seasonal,Roll6_Rain_exceed_10mm,0.0,44
River_Teifi_Llechryd,absolute_anomaly_seasonal,Roll6_Rain_rx1day,0.09050009786550198,44
River_Teifi_Llechryd,absolute_anomaly_seasonal,Roll6_Rain_rx3day,0.023099259343573462,44
River_Teifi_Llechryd,absolute_anomaly_seasonal,Roll6_Sunlight,2.261534034072427,44
River_Teifi_Llechryd,absolute_anomaly_seasonal,Roll6_Solar_MJm2,0.0,44
River_Teifi_Llechryd,absolute_anomaly_seasonal,Previous_AirTemp,0.008095496884020632,44
River_Teifi_Llechryd,absolute_anomaly_seasonal,Previous_Humidity,0.020960914046638583,44
River_Teifi_Llechryd,absolute_anomaly_seasonal,Previous_Rain,0.5679289219211665,44
River_Teifi_Llechryd,absolute_anomaly_seasonal,Previous_Rain_wetdays,6.898978578843583,44
River_Teifi_Llechryd,absolute_anomaly_seasonal,Previous_Rain_exceed_10mm,0.03590585191509142,44
River_Teifi_Llechryd,absolute_anomaly_seasonal,Previous_Rain_rx1day,0.19988221569695835,44
River_Teifi_Llechryd,absolute_anomaly_seasonal,Previous_Rain_rx3day,0.04423714970447422,44
River_Teifi_Llechryd,absolute_anomaly_seasonal,Previous_Sunlight,0.09517624524139288,44
River_Teifi_Llechryd,absolute_anomaly_seasonal,Previous_Solar_MJm2,0.0,44
River_Teifi_Llechryd,absolute_anomaly_seasonal,Current_AirTemp,12.134717928072229,44
River_Teifi_Llechryd,absolute_anomaly_seasonal,Current_Humidity,0.013911574675858029,44
River_Teifi_Llechryd,absolute_anomaly_seasonal,Current_Rain,0.016763792438452135,44
River_Teifi_Llechryd,absolute_anomaly_seasonal,Current_Rain_wetdays,5.01893349382562e-05,44
River_Teifi_Llechryd,absolute_anomaly_seasonal,Current_Rain_exceed_10mm,0.0032624072064735155,44
River_Teifi_Llechryd,absolute_anomaly_seasonal,Current_Rain_rx1day,0.1721422126780714,44
River_Teifi_Llechryd,absolute_anomaly_seasonal,Current_Rain_rx3day,0.5318457164758817,44
River_Teifi_Llechryd,absolute_anomaly_seasonal,Current_Sunlight,0.0,44
River_Teifi_Llechryd,absolute_anomaly_seasonal,Current_Solar_MJm2,0.018173538958272197,44
River_Teifi_Llechryd,absolute_anomaly_seasonal,Forecast_AirTemp,0.007048990073790767,44
River_Teifi_Llechryd,absolute_anomaly_seasonal,Forecast_Humidity,0.628955669852714,44
River_Teifi_Llechryd,absolute_anomaly_seasonal,Forecast_Rain,2.3120391972764764,44
River_Teifi_Llechryd,absolute_anomaly_seasonal,Forecast_Rain_wetdays,0.14812061571013674,44
River_Teifi_Llechryd,absolute_anomaly_seasonal,Forecast_Rain_exceed_10mm,3.4793887380211606e-05,44
River_Teifi_Llechryd,absolute_anomaly_seasonal,Forecast_Rain_rx1day,0.0,44
River_Teifi_Llechryd,absolute_anomaly_seasonal,Forecast_Rain_rx3day,0.007465952032662148,44
River_Teifi_Llechryd,absolute_anomaly_seasonal,Forecast_Sunlight,0.0,44
River_Teifi_Llechryd,absolute_anomaly_seasonal,Forecast_Solar_MJm2,0.1363467237216487,44
River_Teifi_Llechryd,absolute_anomaly_seasonal,Roll3_AirTemp__anomaly,1.314790499195873,44
River_Teifi_Llechryd,absolute_anomaly_seasonal,Roll3_Humidity__anomaly,4.256147850982368,44
River_Teifi_Llechryd,absolute_anomaly_seasonal,Roll3_Rain__anomaly,0.0,44
River_Teifi_Llechryd,absolute_anomaly_seasonal,Roll3_Rain_wetdays__anomaly,0.023286102832481306,44
River_Teifi_Llechryd,absolute_anomaly_seasonal,Roll3_Rain_exceed_10mm__anomaly,2.102426895144974,44
River_Teifi_Llechryd,absolute_anomaly_seasonal,Roll3_Rain_rx1day__anomaly,1.5687492592749186,44
River_Teifi_Llechryd,absolute_anomaly_seasonal,Roll3_Rain_rx3day__anomaly,0.47576744596975223,44
River_Teifi_Llechryd,absolute_anomaly_seasonal,Roll3_Sunlight__anomaly,2.7225767354596848e-05,44
River_Teifi_Llechryd,absolute_anomaly_seasonal,Roll3_Solar_MJm2__anomaly,0.0,44
River_Teifi_Llechryd,absolute_anomaly_seasonal,Roll6_AirTemp__anomaly,1.030540902697543,44
River_Teifi_Llechryd,absolute_anomaly_seasonal,Roll6_Humidity__anomaly,13.843531830709718,44
River_Teifi_Llechryd,absolute_anomaly_seasonal,Roll6_Rain__anomaly,0.0026744603383671993,44
River_Teifi_Llechryd,absolute_anomaly_seasonal,Roll6_Rain_wetdays__anomaly,0.0,44
River_Teifi_Llechryd,absolute_anomaly_seasonal,Roll6_Rain_exceed_10mm__anomaly,0.24584117248699872,44
River_Teifi_Llechryd,absolute_anomaly_seasonal,Roll6_Rain_rx1day__anomaly,7.628262290750518,44
River_Teifi_Llechryd,absolute_anomaly_seasonal,Roll6_Rain_rx3day__anomaly,0.176720005963027,44
River_Teifi_Llechryd,absolute_anomaly_seasonal,Roll6_Sunlight__anomaly,1.7609811983593273,44
River_Teifi_Llechryd,absolute_anomaly_seasonal,Roll6_Solar_MJm2__anomaly,0.0,44
River_Teifi_Llechryd,absolute_anomaly_seasonal,Previous_AirTemp__anomaly,0.00032184460398570683,44
River_Teifi_Llechryd,absolute_anomaly_seasonal,Previous_Humidity__anomaly,1.9670513792949985e-05,44
River_Teifi_Llechryd,absolute_anomaly_seasonal,Previous_Rain__anomaly,0.0024565844797271824,44
River_Teifi_Llechryd,absolute_anomaly_seasonal,Previous_Rain_wetdays__anomaly,5.798537260920172,44
River_Teifi_Llechryd,absolute_anomaly_seasonal,Previous_Rain_exceed_10mm__anomaly,0.03720281211204706,44
River_Teifi_Llechryd,absolute_anomaly_seasonal,Previous_Rain_rx1day__anomaly,1.1018339991448278,44
River_Teifi_Llechryd,absolute_anomaly_seasonal,Previous_Rain_rx3day__anomaly,0.0,44
River_Teifi_Llechryd,absolute_anomaly_seasonal,Previous_Sunlight__anomaly,0.006088188212350653,44
River_Teifi_Llechryd,absolute_anomaly_seasonal,Previous_Solar_MJm2__anomaly,0.0,44
River_Teifi_Llechryd,absolute_anomaly_seasonal,Current_AirTemp__anomaly,1.4868417829808325,44
River_Teifi_Llechryd,absolute_anomaly_seasonal,Current_Humidity__anomaly,1.126752724793448,44
River_Teifi_Llechryd,absolute_anomaly_seasonal,Current_Rain__anomaly,0.005729684175803132,44
River_Teifi_Llechryd,absolute_anomaly_seasonal,Current_Rain_wetdays__anomaly,1.005559281255607,44
River_Teifi_Llechryd,absolute_anomaly_seasonal,Current_Rain_exceed_10mm__anomaly,0.0,44
River_Teifi_Llechryd,absolute_anomaly_seasonal,Current_Rain_rx1day__anomaly,0.0,44
River_Teifi_Llechryd,absolute_anomaly_seasonal,Current_Rain_rx3day__anomaly,0.0009916776524373087,44
River_Teifi_Llechryd,absolute_anomaly_seasonal,Current_Sunlight__anomaly,0.0,44
River_Teifi_Llechryd,absolute_anomaly_seasonal,Current_Solar_MJm2__anomaly,1.6404152038909088,44
River_Teifi_Llechryd,absolute_anomaly_seasonal,Forecast_AirTemp__anomaly,0.35971609089786094,44
River_Teifi_Llechryd,absolute_anomaly_seasonal,Forecast_Humidity__anomaly,0.3707506495861136,44
River_Teifi_Llechryd,absolute_anomaly_seasonal,Forecast_Rain__anomaly,8.4334529661449,44
River_Teifi_Llechryd,absolute_anomaly_seasonal,Forecast_Rain_wetdays__anomaly,0.6811781979283895,44
River_Teifi_Llechryd,absolute_anomaly_seasonal,Forecast_Rain_exceed_10mm__anomaly,5.154786291750248e-05,44
River_Teifi_Llechryd,absolute_anomaly_seasonal,Forecast_Rain_rx1day__anomaly,10.724246091501826,44
River_Teifi_Llechryd,absolute_anomaly_seasonal,Forecast_Rain_rx3day__anomaly,0.02352293239576363,44
River_Teifi_Llechryd,absolute_anomaly_seasonal,Forecast_Sunlight__anomaly,0.0,44
River_Teifi_Llechryd,absolute_anomaly_seasonal,Forecast_Solar_MJm2__anomaly,0.7502031545361983,44
River_Teifi_Llechryd,absolute_anomaly_seasonal,Month_Sin,0.0,44
River_Teifi_Llechryd,absolute_anomaly_seasonal,Month_Cos,0.0,44
River_Test_Testwood,absolute_anomaly_seasonal,Roll3_AirTemp,0.3299769356090088,57
River_Test_Testwood,absolute_anomaly_seasonal,Roll3_Humidity,0.18843375923464778,57
River_Test_Testwood,absolute_anomaly_seasonal,Roll3_Rain,0.32312855298004795,57
River_Test_Testwood,absolute_anomaly_seasonal,Roll3_Rain_wetdays,0.15101041430277953,57
River_Test_Testwood,absolute_anomaly_seasonal,Roll3_Rain_exceed_10mm,0.7212504358974496,57
River_Test_Testwood,absolute_anomaly_seasonal,Roll3_Rain_rx1day,0.24350027627135618,57
River_Test_Testwood,absolute_anomaly_seasonal,Roll3_Rain_rx3day,0.16633546721317313,57
River_Test_Testwood,absolute_anomaly_seasonal,Roll3_Sunlight,0.07739822010628812,57
River_Test_Testwood,absolute_anomaly_seasonal,Roll3_Solar_MJm2,0.0,57
River_Test_Testwood,absolute_anomaly_seasonal,Roll6_AirTemp,2.9921399680579555,57
River_Test_Testwood,absolute_anomaly_seasonal,Roll6_Humidity,0.2793015041086635,57
River_Test_Testwood,absolute_anomaly_seasonal,Roll6_Rain,0.2308328179128865,57
River_Test_Testwood,absolute_anomaly_seasonal,Roll6_Rain_wetdays,0.22471278331721276,57
River_Test_Testwood,absolute_anomaly_seasonal,Roll6_Rain_exceed_10mm,0.41662822238788577,57
River_Test_Testwood,absolute_anomaly_seasonal,Roll6_Rain_rx1day,0.16152466553846848,57
River_Test_Testwood,absolute_anomaly_seasonal,Roll6_Rain_rx3day,0.5955312674765086,57
River_Test_Testwood,absolute_anomaly_seasonal,Roll6_Sunlight,1.510727465224104,57
River_Test_Testwood,absolute_anomaly_seasonal,Roll6_Solar_MJm2,0.0,57
River_Test_Testwood,absolute_anomaly_seasonal,Previous_AirTemp,0.5490289524587172,57
River_Test_Testwood,absolute_anomaly_seasonal,Previous_Humidity,5.474679565023643,57
River_Test_Testwood,absolute_anomaly_seasonal,Previous_Rain,0.5503790724656963,57
River_Test_Testwood,absolute_anomaly_seasonal,Previous_Rain_wetdays,0.9699905800230887,57
River_Test_Testwood,absolute_anomaly_seasonal,Previous_Rain_exceed_10mm,0.9761489985668753,57
River_Test_Testwood,absolute_anomaly_seasonal,Previous_Rain_rx1day,1.0710970502986576,57
River_Test_Testwood,absolute_anomaly_seasonal,Previous_Rain_rx3day,0.6850947774142789,57
River_Test_Testwood,absolute_anomaly_seasonal,Previous_Sunlight,0.6913105131304056,57
River_Test_Testwood,absolute_anomaly_seasonal,Previous_Solar_MJm2,0.0,57
River_Test_Testwood,absolute_anomaly_seasonal,Current_AirTemp,0.6411558441570664,57
River_Test_Testwood,absolute_anomaly_seasonal,Current_Humidity,0.15000095240158354,57
River_Test_Testwood,absolute_anomaly_seasonal,Current_Rain,0.24777491178223682,57
River_Test_Testwood,absolute_anomaly_seasonal,Current_Rain_wetdays,0.14279697387183243,57
River_Test_Testwood,absolute_anomaly_seasonal,Current_Rain_exceed_10mm,0.5127231664014952,57
River_Test_Testwood,absolute_anomaly_seasonal,Current_Rain_rx1day,0.2827494939322387,57
River_Test_Testwood,absolute_anomaly_seasonal,Current_Rain_rx3day,1.00429432108333,57
River_Test_Testwood,absolute_anomaly_seasonal,Current_Sunlight,0.0,57
River_Test_Testwood,absolute_anomaly_seasonal,Current_Solar_MJm2,0.33920001930444965,57
River_Test_Testwood,absolute_anomaly_seasonal,Forecast_AirTemp,4.838466269267144,57
River_Test_Testwood,absolute_anomaly_seasonal,Forecast_Humidity,1.9158026534842991,57
River_Test_Testwood,absolute_anomaly_seasonal,Forecast_Rain,0.8805673952688622,57
River_Test_Testwood,absolute_anomaly_seasonal,Forecast_Rain_wetdays,0.2508556949663243,57
River_Test_Testwood,absolute_anomaly_seasonal,Forecast_Rain_exceed_10mm,0.30129310235466833,57
River_Test_Testwood,absolute_anomaly_seasonal,Forecast_Rain_rx1day,0.07995484897915353,57
River_Test_Testwood,absolute_anomaly_seasonal,Forecast_Rain_rx3day,0.3100273334149642,57
River_Test_Testwood,absolute_anomaly_seasonal,Forecast_Sunlight,0.0,57
River_Test_Testwood,absolute_anomaly_seasonal,Forecast_Solar_MJm2,7.717442311743335,57
River_Test_Testwood,absolute_anomaly_seasonal,Roll3_AirTemp__anomaly,0.7369552885558877,57
River_Test_Testwood,absolute_anomaly_seasonal,Roll3_Humidity__anomaly,1.9860072643871667,57
River_Test_Testwood,absolute_anomaly_seasonal,Roll3_Rain__anomaly,2.011607807059552,57
River_Test_Testwood,absolute_anomaly_seasonal,Roll3_Rain_wetdays__anomaly,8.495571081628908,57
River_Test_Testwood,absolute_anomaly_seasonal,Roll3_Rain_exceed_10mm__anomaly,0.3982200616000283,57
River_Test_Testwood,absolute_anomaly_seasonal,Roll3_Rain_rx1day__anomaly,1.7747771123338218,57
River_Test_Testwood,absolute_anomaly_seasonal,Roll3_Rain_rx3day__anomaly,1.80153443725203,57
River_Test_Testwood,absolute_anomaly_seasonal,Roll3_Sunlight__anomaly,0.4690053789912412,57
River_Test_Testwood,absolute_anomaly_seasonal,Roll3_Solar_MJm2__anomaly,0.0,57
River_Test_Testwood,absolute_anomaly_seasonal,Roll6_AirTemp__anomaly,0.240962957214346,57
River_Test_Testwood,absolute_anomaly_seasonal,Roll6_Humidity__anomaly,0.5275498030269214,57
River_Test_Testwood,absolute_anomaly_seasonal,Roll6_Rain__anomaly,0.06722628984646425,57
River_Test_Testwood,absolute_anomaly_seasonal,Roll6_Rain_wetdays__anomaly,10.26381779898182,57
River_Test_Testwood,absolute_anomaly_seasonal,Roll6_Rain_exceed_10mm__anomaly,0.9529517864063775,57
River_Test_Testwood,absolute_anomaly_seasonal,Roll6_Rain_rx1day__anomaly,0.2881426991477369,57
River_Test_Testwood,absolute_anomaly_seasonal,Roll6_Rain_rx3day__anomaly,0.1763705466781158,57
River_Test_Testwood,absolute_anomaly_seasonal,Roll6_Sunlight__anomaly,0.6846394192459893,57
River_Test_Testwood,absolute_anomaly_seasonal,Roll6_Solar_MJm2__anomaly,0.0,57
River_Test_Testwood,absolute_anomaly_seasonal,Previous_AirTemp__anomaly,0.3636910736553486,57
River_Test_Testwood,absolute_anomaly_seasonal,Previous_Humidity__anomaly,0.4509379760855904,57
River_Test_Testwood,absolute_anomaly_seasonal,Previous_Rain__anomaly,0.7936296403143673,57
River_Test_Testwood,absolute_anomaly_seasonal,Previous_Rain_wetdays__anomaly,0.36021761518734813,57
River_Test_Testwood,absolute_anomaly_seasonal,Previous_Rain_exceed_10mm__anomaly,0.8034885390581499,57
River_Test_Testwood,absolute_anomaly_seasonal,Previous_Rain_rx1day__anomaly,1.3752847240148423,57
River_Test_Testwood,absolute_anomaly_seasonal,Previous_Rain_rx3day__anomaly,1.2077862761291707,57
River_Test_Testwood,absolute_anomaly_seasonal,Previous_Sunlight__anomaly,0.19761747377798408,57
River_Test_Testwood,absolute_anomaly_seasonal,Previous_Solar_MJm2__anomaly,0.0,57
River_Test_Testwood,absolute_anomaly_seasonal,Current_AirTemp__anomaly,0.2408798212906014,57
River_Test_Testwood,absolute_anomaly_seasonal,Current_Humidity__anomaly,0.28853594604325516,57
River_Test_Testwood,absolute_anomaly_seasonal,Current_Rain__anomaly,0.4620446935945278,57
River_Test_Testwood,absolute_anomaly_seasonal,Current_Rain_wetdays__anomaly,0.36609991213167725,57
River_Test_Testwood,absolute_anomaly_seasonal,Current_Rain_exceed_10mm__anomaly,0.7467405806724445,57
River_Test_Testwood,absolute_anomaly_seasonal,Current_Rain_rx1day__anomaly,0.3790428779660921,57
River_Test_Testwood,absolute_anomaly_seasonal,Current_Rain_rx3day__anomaly,0.2183523691538136,57
River_Test_Testwood,absolute_anomaly_seasonal,Current_Sunlight__anomaly,0.0,57
River_Test_Testwood,absolute_anomaly_seasonal,Current_Solar_MJm2__anomaly,0.8108586298297132,57
River_Test_Testwood,absolute_anomaly_seasonal,Forecast_AirTemp__anomaly,2.3537981541558888,57
River_Test_Testwood,absolute_anomaly_seasonal,Forecast_Humidity__anomaly,11.066058556821725,57
River_Test_Testwood,absolute_anomaly_seasonal,Forecast_Rain__anomaly,0.40159458030908685,57
River_Test_Testwood,absolute_anomaly_seasonal,Forecast_Rain_wetdays__anomaly,0.8898383671229184,57
River_Test_Testwood,absolute_anomaly_seasonal,Forecast_Rain_exceed_10mm__anomaly,0.1261288054414151,57
River_Test_Testwood,absolute_anomaly_seasonal,Forecast_Rain_rx1day__anomaly,0.4629319320109501,57
River_Test_Testwood,absolute_anomaly_seasonal,Forecast_Rain_rx3day__anomaly,0.18730224018011785,57
River_Test_Testwood,absolute_anomaly_seasonal,Forecast_Sunlight__anomaly,0.0,57
River_Test_Testwood,absolute_anomaly_seasonal,Forecast_Solar_MJm2__anomaly,0.40820500590718206,57
River_Test_Testwood,absolute_anomaly_seasonal,Month_Sin,0.05942626696613878,57
River_Test_Testwood,absolute_anomaly_seasonal,Month_Cos,3.4953450227777544e-06,57
River_Test_Testwood,absolute_anomaly_seasonal,CSO_Individual_CSO_007136,0.4202888460843464,57
River_Test_Testwood,absolute_anomaly_seasonal,CSO_Individual_CSO_007436,0.1287987565187948,57
River_Test_Testwood,absolute_anomaly_seasonal,CSO_Individual_CSO_007591,0.48664348880499386,57
River_Test_Testwood,absolute_anomaly_seasonal,CSO_Individual_CSO_007841,1.5401796954169291,57
River_Test_Testwood,absolute_anomaly_seasonal,CSO_Network_0_10km_count,0.0,57
River_Test_Testwood,absolute_anomaly_seasonal,CSO_Network_0_10km_max,1.4872135141092628,57
River_Test_Testwood,absolute_anomaly_seasonal,CSO_Network_0_10km_mean,0.013266524096655614,57
River_Test_Testwood,absolute_anomaly_seasonal,CSO_Network_10_20km_count,0.0,57
River_Test_Testwood,absolute_anomaly_seasonal,CSO_Network_10_20km_max,0.7273467662953161,57
River_Test_Testwood,absolute_anomaly_seasonal,CSO_Network_10_20km_mean,8.360117907136101e-06,57
River_Test_Testwood,absolute_anomaly_seasonal,CSO_Network_20_30km_count,0.0,57
River_Test_Testwood,absolute_anomaly_seasonal,CSO_Network_20_30km_max,0.0059180448684208065,57
River_Test_Testwood,absolute_anomaly_seasonal,CSO_Network_20_30km_mean,0.08657986704867161,57
River_Test_Testwood,absolute_anomaly_seasonal,CSO_Network_30_40km_count,0.0,57
River_Test_Testwood,absolute_anomaly_seasonal,CSO_Network_30_40km_max,0.008479726519344085,57
River_Test_Testwood,absolute_anomaly_seasonal,CSO_Network_30_40km_mean,0.004173567164803933,57
River_Thames_Datchet,absolute_anomaly_seasonal,Roll3_AirTemp,0.15041722608904262,69
River_Thames_Datchet,absolute_anomaly_seasonal,Roll3_Humidity,0.13405107496206167,69
River_Thames_Datchet,absolute_anomaly_seasonal,Roll3_Rain,0.12267058321855015,69
River_Thames_Datchet,absolute_anomaly_seasonal,Roll3_Rain_wetdays,0.07464766386900473,69
River_Thames_Datchet,absolute_anomaly_seasonal,Roll3_Rain_exceed_10mm,0.11151296125913043,69
River_Thames_Datchet,absolute_anomaly_seasonal,Roll3_Rain_rx1day,0.14170698989292546,69
River_Thames_Datchet,absolute_anomaly_seasonal,Roll3_Rain_rx3day,0.9019441927153302,69
River_Thames_Datchet,absolute_anomaly_seasonal,Roll3_Sunlight,0.38456881904831464,69
River_Thames_Datchet,absolute_anomaly_seasonal,Roll3_Solar_MJm2,0.0,69
River_Thames_Datchet,absolute_anomaly_seasonal,Roll6_AirTemp,2.6317331726461837,69
River_Thames_Datchet,absolute_anomaly_seasonal,Roll6_Humidity,0.9127815233212753,69
River_Thames_Datchet,absolute_anomaly_seasonal,Roll6_Rain,0.11818966358301579,69
River_Thames_Datchet,absolute_anomaly_seasonal,Roll6_Rain_wetdays,0.8999069565415659,69
River_Thames_Datchet,absolute_anomaly_seasonal,Roll6_Rain_exceed_10mm,0.6304959936184426,69
River_Thames_Datchet,absolute_anomaly_seasonal,Roll6_Rain_rx1day,0.26031005740744995,69
River_Thames_Datchet,absolute_anomaly_seasonal,Roll6_Rain_rx3day,0.13649642797268793,69
River_Thames_Datchet,absolute_anomaly_seasonal,Roll6_Sunlight,3.3626039969897996,69
River_Thames_Datchet,absolute_anomaly_seasonal,Roll6_Solar_MJm2,0.0,69
River_Thames_Datchet,absolute_anomaly_seasonal,Previous_AirTemp,0.11111009805113395,69
River_Thames_Datchet,absolute_anomaly_seasonal,Previous_Humidity,0.4470092477042332,69
River_Thames_Datchet,absolute_anomaly_seasonal,Previous_Rain,0.27386154896797577,69
River_Thames_Datchet,absolute_anomaly_seasonal,Previous_Rain_wetdays,0.20343918624542556,69
River_Thames_Datchet,absolute_anomaly_seasonal,Previous_Rain_exceed_10mm,0.32792389509187136,69
River_Thames_Datchet,absolute_anomaly_seasonal,Previous_Rain_rx1day,0.05494689045576987,69
River_Thames_Datchet,absolute_anomaly_seasonal,Previous_Rain_rx3day,0.1751349138102031,69
River_Thames_Datchet,absolute_anomaly_seasonal,Previous_Sunlight,0.6991887677219575,69
River_Thames_Datchet,absolute_anomaly_seasonal,Previous_Solar_MJm2,0.0,69
River_Thames_Datchet,absolute_anomaly_seasonal,Current_AirTemp,0.4603520733808881,69
River_Thames_Datchet,absolute_anomaly_seasonal,Current_Humidity,11.287725209635772,69
River_Thames_Datchet,absolute_anomaly_seasonal,Current_Rain,0.18901523809507584,69
River_Thames_Datchet,absolute_anomaly_seasonal,Current_Rain_wetdays,0.17444083894941648,69
River_Thames_Datchet,absolute_anomaly_seasonal,Current_Rain_exceed_10mm,0.13848742891303176,69
River_Thames_Datchet,absolute_anomaly_seasonal,Current_Rain_rx1day,0.05051493344158898,69
River_Thames_Datchet,absolute_anomaly_seasonal,Current_Rain_rx3day,0.25605113130213364,69
River_Thames_Datchet,absolute_anomaly_seasonal,Current_Sunlight,0.0,69
River_Thames_Datchet,absolute_anomaly_seasonal,Current_Solar_MJm2,4.362930185879401,69
River_Thames_Datchet,absolute_anomaly_seasonal,Forecast_AirTemp,2.857715998762647,69
River_Thames_Datchet,absolute_anomaly_seasonal,Forecast_Humidity,22.491883329402306,69
River_Thames_Datchet,absolute_anomaly_seasonal,Forecast_Rain,0.46126155590469187,69
River_Thames_Datchet,absolute_anomaly_seasonal,Forecast_Rain_wetdays,0.6852731701253041,69
River_Thames_Datchet,absolute_anomaly_seasonal,Forecast_Rain_exceed_10mm,1.0097574048172127,69
River_Thames_Datchet,absolute_anomaly_seasonal,Forecast_Rain_rx1day,0.12945689366202842,69
River_Thames_Datchet,absolute_anomaly_seasonal,Forecast_Rain_rx3day,0.5218553624574923,69
River_Thames_Datchet,absolute_anomaly_seasonal,Forecast_Sunlight,0.0,69
River_Thames_Datchet,absolute_anomaly_seasonal,Forecast_Solar_MJm2,26.224727157377455,69
River_Thames_Datchet,absolute_anomaly_seasonal,Roll3_AirTemp__anomaly,0.13259794375720757,69
River_Thames_Datchet,absolute_anomaly_seasonal,Roll3_Humidity__anomaly,0.336201390175262,69
River_Thames_Datchet,absolute_anomaly_seasonal,Roll3_Rain__anomaly,0.06328320257611741,69
River_Thames_Datchet,absolute_anomaly_seasonal,Roll3_Rain_wetdays__anomaly,0.14511347695527752,69
River_Thames_Datchet,absolute_anomaly_seasonal,Roll3_Rain_exceed_10mm__anomaly,0.10132962922181508,69
River_Thames_Datchet,absolute_anomaly_seasonal,Roll3_Rain_rx1day__anomaly,0.042172628928098414,69
River_Thames_Datchet,absolute_anomaly_seasonal,Roll3_Rain_rx3day__anomaly,0.07123807437113824,69
River_Thames_Datchet,absolute_anomaly_seasonal,Roll3_Sunlight__anomaly,0.3890756752547853,69
River_Thames_Datchet,absolute_anomaly_seasonal,Roll3_Solar_MJm2__anomaly,0.0,69
River_Thames_Datchet,absolute_anomaly_seasonal,Roll6_AirTemp__anomaly,0.24461750149116868,69
River_Thames_Datchet,absolute_anomaly_seasonal,Roll6_Humidity__anomaly,0.6107306954291893,69
River_Thames_Datchet,absolute_anomaly_seasonal,Roll6_Rain__anomaly,0.25773512967814394,69
River_Thames_Datchet,absolute_anomaly_seasonal,Roll6_Rain_wetdays__anomaly,0.14094634317277033,69
River_Thames_Datchet,absolute_anomaly_seasonal,Roll6_Rain_exceed_10mm__anomaly,0.25715363854915124,69
River_Thames_Datchet,absolute_anomaly_seasonal,Roll6_Rain_rx1day__anomaly,0.0280237902023238,69
River_Thames_Datchet,absolute_anomaly_seasonal,Roll6_Rain_rx3day__anomaly,0.11619213746050602,69
River_Thames_Datchet,absolute_anomaly_seasonal,Roll6_Sunlight__anomaly,0.3422198353108933,69
River_Thames_Datchet,absolute_anomaly_seasonal,Roll6_Solar_MJm2__anomaly,0.0,69
River_Thames_Datchet,absolute_anomaly_seasonal,Previous_AirTemp__anomaly,0.1687525582763782,69
River_Thames_Datchet,absolute_anomaly_seasonal,Previous_Humidity__anomaly,0.37139251423629716,69
River_Thames_Datchet,absolute_anomaly_seasonal,Previous_Rain__anomaly,0.09354961506611374,69
River_Thames_Datchet,absolute_anomaly_seasonal,Previous_Rain_wetdays__anomaly,0.29634909778357843,69
River_Thames_Datchet,absolute_anomaly_seasonal,Previous_Rain_exceed_10mm__anomaly,0.11036499791152508,69
River_Thames_Datchet,absolute_anomaly_seasonal,Previous_Rain_rx1day__anomaly,0.11016082474466363,69
River_Thames_Datchet,absolute_anomaly_seasonal,Previous_Rain_rx3day__anomaly,0.22417702010780502,69
River_Thames_Datchet,absolute_anomaly_seasonal,Previous_Sunlight__anomaly,0.09032401057040741,69
River_Thames_Datchet,absolute_anomaly_seasonal,Previous_Solar_MJm2__anomaly,0.0,69
River_Thames_Datchet,absolute_anomaly_seasonal,Current_AirTemp__anomaly,0.1497996114263855,69
River_Thames_Datchet,absolute_anomaly_seasonal,Current_Humidity__anomaly,0.22936113381536244,69
River_Thames_Datchet,absolute_anomaly_seasonal,Current_Rain__anomaly,0.7867771189473765,69
River_Thames_Datchet,absolute_anomaly_seasonal,Current_Rain_wetdays__anomaly,0.6628605322877698,69
River_Thames_Datchet,absolute_anomaly_seasonal,Current_Rain_exceed_10mm__anomaly,0.617799523559761,69
River_Thames_Datchet,absolute_anomaly_seasonal,Current_Rain_rx1day__anomaly,0.17860750153476576,69
River_Thames_Datchet,absolute_anomaly_seasonal,Current_Rain_rx3day__anomaly,0.18996868847679363,69
River_Thames_Datchet,absolute_anomaly_seasonal,Current_Sunlight__anomaly,0.0,69
River_Thames_Datchet,absolute_anomaly_seasonal,Current_Solar_MJm2__anomaly,0.302442920766788,69
River_Thames_Datchet,absolute_anomaly_seasonal,Forecast_AirTemp__anomaly,0.22773582684968208,69
River_Thames_Datchet,absolute_anomaly_seasonal,Forecast_Humidity__anomaly,0.3793711844294493,69
River_Thames_Datchet,absolute_anomaly_seasonal,Forecast_Rain__anomaly,0.1344351548536869,69
River_Thames_Datchet,absolute_anomaly_seasonal,Forecast_Rain_wetdays__anomaly,0.14200171860496533,69
River_Thames_Datchet,absolute_anomaly_seasonal,Forecast_Rain_exceed_10mm__anomaly,1.1277544164588247,69
River_Thames_Datchet,absolute_anomaly_seasonal,Forecast_Rain_rx1day__anomaly,0.17364802659967674,69
River_Thames_Datchet,absolute_anomaly_seasonal,Forecast_Rain_rx3day__anomaly,0.17713908053633473,69
River_Thames_Datchet,absolute_anomaly_seasonal,Forecast_Sunlight__anomaly,0.0,69
River_Thames_Datchet,absolute_anomaly_seasonal,Forecast_Solar_MJm2__anomaly,0.9298944901397007,69
River_Thames_Datchet,absolute_anomaly_seasonal,Month_Sin,0.1567702718154867,69
River_Thames_Datchet,absolute_anomaly_seasonal,Month_Cos,0.5403178522183609,69
River_Thames_Datchet,absolute_anomaly_seasonal,CSO_Individual_CSO_007956,0.2266870713811441,69
River_Thames_Datchet,absolute_anomaly_seasonal,CSO_Individual_CSO_007972,0.3635944190982001,69
River_Thames_Datchet,absolute_anomaly_seasonal,CSO_Individual_CSO_008046,0.252965244127013,69
River_Thames_Datchet,absolute_anomaly_seasonal,CSO_Individual_CSO_008055,0.06257172421476055,69
River_Thames_Datchet,absolute_anomaly_seasonal,CSO_Individual_CSO_008117,0.10025201712779137,69
River_Thames_Datchet,absolute_anomaly_seasonal,CSO_Individual_CSO_008139,0.033037778054438235,69
River_Thames_Datchet,absolute_anomaly_seasonal,CSO_Individual_CSO_008227,0.1370655707980378,69
River_Thames_Datchet,absolute_anomaly_seasonal,CSO_Network_100_125km_count,0.0,69
River_Thames_Datchet,absolute_anomaly_seasonal,CSO_Network_100_125km_max,0.028189188394495333,69
River_Thames_Datchet,absolute_anomaly_seasonal,CSO_Network_100_125km_mean,1.9006061862932776e-07,69
River_Thames_Datchet,absolute_anomaly_seasonal,CSO_Network_10_20km_count,0.0,69
River_Thames_Datchet,absolute_anomaly_seasonal,CSO_Network_10_20km_max,0.3503824622386629,69
River_Thames_Datchet,absolute_anomaly_seasonal,CSO_Network_10_20km_mean,2.6366981881202624e-05,69
River_Thames_Datchet,absolute_anomaly_seasonal,CSO_Network_125_150km_count,0.0,69
River_Thames_Datchet,absolute_anomaly_seasonal,CSO_Network_125_150km_max,0.0012213354055824023,69
River_Thames_Datchet,absolute_anomaly_seasonal,CSO_Network_125_150km_mean,3.8680725469541405e-07,69
River_Thames_Datchet,absolute_anomaly_seasonal,CSO_Network_150_175km_count,0.0,69
River_Thames_Datchet,absolute_anomaly_seasonal,CSO_Network_150_175km_max,1.7156653140821712,69
River_Thames_Datchet,absolute_anomaly_seasonal,CSO_Network_150_175km_mean,0.0,69
River_Thames_Datchet,absolute_anomaly_seasonal,CSO_Network_175_200km_count,0.0,69
River_Thames_Datchet,absolute_anomaly_seasonal,CSO_Network_175_200km_max,0.1856547426258694,69
River_Thames_Datchet,absolute_anomaly_seasonal,CSO_Network_175_200km_mean,0.0,69
River_Thames_Datchet,absolute_anomaly_seasonal,CSO_Network_200_225km_count,0.0,69
River_Thames_Datchet,absolute_anomaly_seasonal,CSO_Network_200_225km_max,0.00034601171836167724,69
River_Thames_Datchet,absolute_anomaly_seasonal,CSO_Network_200_225km_mean,0.0012328560480640946,69
River_Thames_Datchet,absolute_anomaly_seasonal,CSO_Network_20_30km_count,0.0,69
River_Thames_Datchet,absolute_anomaly_seasonal,CSO_Network_20_30km_max,0.0007446719178759939,69
River_Thames_Datchet,absolute_anomaly_seasonal,CSO_Network_20_30km_mean,3.8268910003328354e-07,69
River_Thames_Datchet,absolute_anomaly_seasonal,CSO_Network_30_40km_count,0.0,69
River_Thames_Datchet,absolute_anomaly_seasonal,CSO_Network_30_40km_max,0.004708664051910285,69
River_Thames_Datchet,absolute_anomaly_seasonal,CSO_Network_30_40km_mean,6.875693356356475e-05,69
River_Thames_Datchet,absolute_anomaly_seasonal,CSO_Network_40_50km_count,0.0,69
River_Thames_Datchet,absolute_anomaly_seasonal,CSO_Network_40_50km_max,0.09236288454880884,69
River_Thames_Datchet,absolute_anomaly_seasonal,CSO_Network_40_50km_mean,0.01905117280690849,69
River_Thames_Datchet,absolute_anomaly_seasonal,CSO_Network_50_60km_count,0.0,69
River_Thames_Datchet,absolute_anomaly_seasonal,CSO_Network_50_60km_max,0.0006769098857087437,69
River_Thames_Datchet,absolute_anomaly_seasonal,CSO_Network_50_60km_mean,0.0,69
River_Thames_Datchet,absolute_anomaly_seasonal,CSO_Network_60_70km_count,0.0,69
River_Thames_Datchet,absolute_anomaly_seasonal,CSO_Network_60_70km_max,0.004961153033791473,69
River_Thames_Datchet,absolute_anomaly_seasonal,CSO_Network_60_70km_mean,0.0,69
River_Thames_Datchet,absolute_anomaly_seasonal,CSO_Network_70_80km_count,0.0,69
River_Thames_Datchet,absolute_anomaly_seasonal,CSO_Network_70_80km_max,0.0,69
River_Thames_Datchet,absolute_anomaly_seasonal,CSO_Network_70_80km_mean,0.0,69
River_Thames_Datchet,absolute_anomaly_seasonal,CSO_Network_80_90km_count,0.0,69
River_Thames_Datchet,absolute_anomaly_seasonal,CSO_Network_80_90km_max,4.599732672792274e-05,69
River_Thames_Datchet,absolute_anomaly_seasonal,CSO_Network_80_90km_mean,1.797996268911212e-07,69
River_Thames_Datchet,absolute_anomaly_seasonal,CSO_Network_90_100km_count,0.0,69
River_Thames_Datchet,absolute_anomaly_seasonal,CSO_Network_90_100km_max,0.0,69
River_Thames_Datchet,absolute_anomaly_seasonal,CSO_Network_90_100km_mean,0.0,69
River_Thames_Farmoor,absolute_anomaly_seasonal,Roll3_AirTemp,0.6687069777267808,69
River_Thames_Farmoor,absolute_anomaly_seasonal,Roll3_Humidity,0.22641183875799092,69
River_Thames_Farmoor,absolute_anomaly_seasonal,Roll3_Rain,0.2733307599525137,69
River_Thames_Farmoor,absolute_anomaly_seasonal,Roll3_Rain_wetdays,0.3802936351748086,69
River_Thames_Farmoor,absolute_anomaly_seasonal,Roll3_Rain_exceed_10mm,0.5636216065109557,69
River_Thames_Farmoor,absolute_anomaly_seasonal,Roll3_Rain_rx1day,0.3260734467617677,69
River_Thames_Farmoor,absolute_anomaly_seasonal,Roll3_Rain_rx3day,0.29834041857540133,69
River_Thames_Farmoor,absolute_anomaly_seasonal,Roll3_Sunlight,0.48793822187923225,69
River_Thames_Farmoor,absolute_anomaly_seasonal,Roll3_Solar_MJm2,0.0,69
River_Thames_Farmoor,absolute_anomaly_seasonal,Roll6_AirTemp,1.4249810428525893,69
River_Thames_Farmoor,absolute_anomaly_seasonal,Roll6_Humidity,2.1980850483601833,69
River_Thames_Farmoor,absolute_anomaly_seasonal,Roll6_Rain,0.5280862019335718,69
River_Thames_Farmoor,absolute_anomaly_seasonal,Roll6_Rain_wetdays,2.425156023671695,69
River_Thames_Farmoor,absolute_anomaly_seasonal,Roll6_Rain_exceed_10mm,1.1479805321304328,69
River_Thames_Farmoor,absolute_anomaly_seasonal,Roll6_Rain_rx1day,1.1560358050162316,69
River_Thames_Farmoor,absolute_anomaly_seasonal,Roll6_Rain_rx3day,0.16461055120005802,69
River_Thames_Farmoor,absolute_anomaly_seasonal,Roll6_Sunlight,1.678741813634742,69
River_Thames_Farmoor,absolute_anomaly_seasonal,Roll6_Solar_MJm2,0.0,69
River_Thames_Farmoor,absolute_anomaly_seasonal,Previous_AirTemp,0.7568143451022842,69
River_Thames_Farmoor,absolute_anomaly_seasonal,Previous_Humidity,0.2927314484941319,69
River_Thames_Farmoor,absolute_anomaly_seasonal,Previous_Rain,0.25362674021815085,69
River_Thames_Farmoor,absolute_anomaly_seasonal,Previous_Rain_wetdays,0.13776538973325045,69
River_Thames_Farmoor,absolute_anomaly_seasonal,Previous_Rain_exceed_10mm,1.8877155948086797,69
River_Thames_Farmoor,absolute_anomaly_seasonal,Previous_Rain_rx1day,2.397180600938789,69
River_Thames_Farmoor,absolute_anomaly_seasonal,Previous_Rain_rx3day,0.3637522144220644,69
River_Thames_Farmoor,absolute_anomaly_seasonal,Previous_Sunlight,1.0647443920263584,69
River_Thames_Farmoor,absolute_anomaly_seasonal,Previous_Solar_MJm2,0.0,69
River_Thames_Farmoor,absolute_anomaly_seasonal,Current_AirTemp,1.5264161614805392,69
River_Thames_Farmoor,absolute_anomaly_seasonal,Current_Humidity,5.203771219908104,69
River_Thames_Farmoor,absolute_anomaly_seasonal,Current_Rain,0.6112051270546304,69
River_Thames_Farmoor,absolute_anomaly_seasonal,Current_Rain_wetdays,0.918352563323024,69
River_Thames_Farmoor,absolute_anomaly_seasonal,Current_Rain_exceed_10mm,0.3318909368160597,69
River_Thames_Farmoor,absolute_anomaly_seasonal,Current_Rain_rx1day,0.31455989537258433,69
River_Thames_Farmoor,absolute_anomaly_seasonal,Current_Rain_rx3day,0.4532359128007301,69
River_Thames_Farmoor,absolute_anomaly_seasonal,Current_Sunlight,0.0,69
River_Thames_Farmoor,absolute_anomaly_seasonal,Current_Solar_MJm2,2.9128072035399017,69
River_Thames_Farmoor,absolute_anomaly_seasonal,Forecast_AirTemp,1.958485516510016,69
River_Thames_Farmoor,absolute_anomaly_seasonal,Forecast_Humidity,14.877174492754836,69
River_Thames_Farmoor,absolute_anomaly_seasonal,Forecast_Rain,0.24613932025159677,69
River_Thames_Farmoor,absolute_anomaly_seasonal,Forecast_Rain_wetdays,0.43164893235147633,69
River_Thames_Farmoor,absolute_anomaly_seasonal,Forecast_Rain_exceed_10mm,1.3198893089031336,69
River_Thames_Farmoor,absolute_anomaly_seasonal,Forecast_Rain_rx1day,1.3285538276823345,69
River_Thames_Farmoor,absolute_anomaly_seasonal,Forecast_Rain_rx3day,0.969816897209594,69
River_Thames_Farmoor,absolute_anomaly_seasonal,Forecast_Sunlight,0.0,69
River_Thames_Farmoor,absolute_anomaly_seasonal,Forecast_Solar_MJm2,1.6349080255881376,69
River_Thames_Farmoor,absolute_anomaly_seasonal,Roll3_AirTemp__anomaly,0.9578160873568946,69
River_Thames_Farmoor,absolute_anomaly_seasonal,Roll3_Humidity__anomaly,0.6454294872173786,69
River_Thames_Farmoor,absolute_anomaly_seasonal,Roll3_Rain__anomaly,0.43719589720363444,69
River_Thames_Farmoor,absolute_anomaly_seasonal,Roll3_Rain_wetdays__anomaly,0.1840970148489306,69
River_Thames_Farmoor,absolute_anomaly_seasonal,Roll3_Rain_exceed_10mm__anomaly,0.2455873186263903,69
River_Thames_Farmoor,absolute_anomaly_seasonal,Roll3_Rain_rx1day__anomaly,0.36156224750310695,69
River_Thames_Farmoor,absolute_anomaly_seasonal,Roll3_Rain_rx3day__anomaly,1.9019997215847684,69
River_Thames_Farmoor,absolute_anomaly_seasonal,Roll3_Sunlight__anomaly,1.7787671180854256,69
River_Thames_Farmoor,absolute_anomaly_seasonal,Roll3_Solar_MJm2__anomaly,0.0,69
River_Thames_Farmoor,absolute_anomaly_seasonal,Roll6_AirTemp__anomaly,1.2858419737184739,69
River_Thames_Farmoor,absolute_anomaly_seasonal,Roll6_Humidity__anomaly,0.472234058292417,69
River_Thames_Farmoor,absolute_anomaly_seasonal,Roll6_Rain__anomaly,0.930770945653176,69
River_Thames_Farmoor,absolute_anomaly_seasonal,Roll6_Rain_wetdays__anomaly,2.5807975194181,69
River_Thames_Farmoor,absolute_anomaly_seasonal,Roll6_Rain_exceed_10mm__anomaly,0.2813865584232013,69
River_Thames_Farmoor,absolute_anomaly_seasonal,Roll6_Rain_rx1day__anomaly,0.09006167164743493,69
River_Thames_Farmoor,absolute_anomaly_seasonal,Roll6_Rain_rx3day__anomaly,1.3135111469469973,69
River_Thames_Farmoor,absolute_anomaly_seasonal,Roll6_Sunlight__anomaly,0.6083854145979366,69
River_Thames_Farmoor,absolute_anomaly_seasonal,Roll6_Solar_MJm2__anomaly,0.0,69
River_Thames_Farmoor,absolute_anomaly_seasonal,Previous_AirTemp__anomaly,0.8245890469446728,69
River_Thames_Farmoor,absolute_anomaly_seasonal,Previous_Humidity__anomaly,1.0535340825809743,69
River_Thames_Farmoor,absolute_anomaly_seasonal,Previous_Rain__anomaly,0.7816402588184518,69
River_Thames_Farmoor,absolute_anomaly_seasonal,Previous_Rain_wetdays__anomaly,0.30370702057693394,69
River_Thames_Farmoor,absolute_anomaly_seasonal,Previous_Rain_exceed_10mm__anomaly,0.7002521525354772,69
River_Thames_Farmoor,absolute_anomaly_seasonal,Previous_Rain_rx1day__anomaly,0.7336425875852858,69
River_Thames_Farmoor,absolute_anomaly_seasonal,Previous_Rain_rx3day__anomaly,2.007186621125502,69
River_Thames_Farmoor,absolute_anomaly_seasonal,Previous_Sunlight__anomaly,0.9090041666136663,69
River_Thames_Farmoor,absolute_anomaly_seasonal,Previous_Solar_MJm2__anomaly,0.0,69
River_Thames_Farmoor,absolute_anomaly_seasonal,Current_AirTemp__anomaly,0.659217792513967,69
River_Thames_Farmoor,absolute_anomaly_seasonal,Current_Humidity__anomaly,0.8384862356205104,69
River_Thames_Farmoor,absolute_anomaly_seasonal,Current_Rain__anomaly,0.8253247432146317,69
River_Thames_Farmoor,absolute_anomaly_seasonal,Current_Rain_wetdays__anomaly,0.1421844724583199,69
River_Thames_Farmoor,absolute_anomaly_seasonal,Current_Rain_exceed_10mm__anomaly,0.5200649284662019,69
River_Thames_Farmoor,absolute_anomaly_seasonal,Current_Rain_rx1day__anomaly,0.40925948468655887,69
River_Thames_Farmoor,absolute_anomaly_seasonal,Current_Rain_rx3day__anomaly,0.43097137107087036,69
River_Thames_Farmoor,absolute_anomaly_seasonal,Current_Sunlight__anomaly,0.0,69
River_Thames_Farmoor,absolute_anomaly_seasonal,Current_Solar_MJm2__anomaly,0.417747596645806,69
River_Thames_Farmoor,absolute_anomaly_seasonal,Forecast_AirTemp__anomaly,2.7678239258913035,69
River_Thames_Farmoor,absolute_anomaly_seasonal,Forecast_Humidity__anomaly,0.3867637403823019,69
River_Thames_Farmoor,absolute_anomaly_seasonal,Forecast_Rain__anomaly,0.2882027314202214,69
River_Thames_Farmoor,absolute_anomaly_seasonal,Forecast_Rain_wetdays__anomaly,0.32997256942234476,69
River_Thames_Farmoor,absolute_anomaly_seasonal,Forecast_Rain_exceed_10mm__anomaly,0.44922121202733284,69
River_Thames_Farmoor,absolute_anomaly_seasonal,Forecast_Rain_rx1day__anomaly,0.1496456442069062,69
River_Thames_Farmoor,absolute_anomaly_seasonal,Forecast_Rain_rx3day__anomaly,0.3096673353372382,69
River_Thames_Farmoor,absolute_anomaly_seasonal,Forecast_Sunlight__anomaly,0.0,69
River_Thames_Farmoor,absolute_anomaly_seasonal,Forecast_Solar_MJm2__anomaly,0.994374794559365,69
River_Thames_Farmoor,absolute_anomaly_seasonal,Month_Sin,0.19912515286091118,69
River_Thames_Farmoor,absolute_anomaly_seasonal,Month_Cos,0.04004118894190215,69
River_Thames_Farmoor,absolute_anomaly_seasonal,CSO_Individual_CSO_008011,0.6410120576318395,69
River_Thames_Farmoor,absolute_anomaly_seasonal,CSO_Individual_CSO_008111,0.059567957910505606,69
River_Thames_Farmoor,absolute_anomaly_seasonal,CSO_Individual_CSO_008113,0.10941971953531011,69
River_Thames_Farmoor,absolute_anomaly_seasonal,CSO_Individual_CSO_008158,0.3840867966263087,69
River_Thames_Farmoor,absolute_anomaly_seasonal,CSO_Individual_CSO_008194,0.2753948891302822,69
River_Thames_Farmoor,absolute_anomaly_seasonal,CSO_Individual_CSO_008443,0.49569521512716397,69
River_Thames_Farmoor,absolute_anomaly_seasonal,CSO_Network_0_10km_count,0.0,69
River_Thames_Farmoor,absolute_anomaly_seasonal,CSO_Network_0_10km_max,0.018961455150867165,69
River_Thames_Farmoor,absolute_anomaly_seasonal,CSO_Network_0_10km_mean,0.00022758645830246672,69
River_Thames_Farmoor,absolute_anomaly_seasonal,CSO_Network_10_20km_count,0.0,69
River_Thames_Farmoor,absolute_anomaly_seasonal,CSO_Network_10_20km_max,0.3420559797138137,69
River_Thames_Farmoor,absolute_anomaly_seasonal,CSO_Network_10_20km_mean,0.0,69
River_Thames_Farmoor,absolute_anomaly_seasonal,CSO_Network_20_30km_count,0.0,69
River_Thames_Farmoor,absolute_anomaly_seasonal,CSO_Network_20_30km_max,0.007165557129131481,69
River_Thames_Farmoor,absolute_anomaly_seasonal,CSO_Network_20_30km_mean,0.008849437959546042,69
River_Thames_Farmoor,absolute_anomaly_seasonal,CSO_Network_30_40km_count,0.0,69
River_Thames_Farmoor,absolute_anomaly_seasonal,CSO_Network_30_40km_max,7.1500683769124205,69
River_Thames_Farmoor,absolute_anomaly_seasonal,CSO_Network_30_40km_mean,2.712734206521068,69
River_Thames_Farmoor,absolute_anomaly_seasonal,CSO_Network_40_50km_count,0.0,69
River_Thames_Farmoor,absolute_anomaly_seasonal,CSO_Network_40_50km_max,0.0,69
River_Thames_Farmoor,absolute_anomaly_seasonal,CSO_Network_40_50km_mean,0.013766373954767576,69
River_Thames_Farmoor,absolute_anomaly_seasonal,CSO_Network_50_60km_count,0.0,69
River_Thames_Farmoor,absolute_anomaly_seasonal,CSO_Network_50_60km_max,0.08799535217079633,69
River_Thames_Farmoor,absolute_anomaly_seasonal,CSO_Network_50_60km_mean,0.0005215525710107559,69
River_Thames_Farmoor,absolute_anomaly_seasonal,CSO_Network_60_70km_count,0.0,69
River_Thames_Farmoor,absolute_anomaly_seasonal,CSO_Network_60_70km_max,0.003332462790748013,69
River_Thames_Farmoor,absolute_anomaly_seasonal,CSO_Network_60_70km_mean,0.00046999364481703813,69
River_Thames_Farmoor,absolute_anomaly_seasonal,CSO_Network_70_80km_count,0.0,69
River_Thames_Farmoor,absolute_anomaly_seasonal,CSO_Network_70_80km_max,0.0,69
River_Thames_Farmoor,absolute_anomaly_seasonal,CSO_Network_70_80km_mean,0.0,69
River_Thames_Farmoor,absolute_anomaly_seasonal,CSO_Network_80_90km_count,0.0,69
River_Thames_Farmoor,absolute_anomaly_seasonal,CSO_Network_80_90km_max,0.0,69
River_Thames_Farmoor,absolute_anomaly_seasonal,CSO_Network_80_90km_mean,0.0,69
River_Thames_Laleham,absolute_anomaly_seasonal,Roll3_AirTemp,0.1150139710722039,69
River_Thames_Laleham,absolute_anomaly_seasonal,Roll3_Humidity,0.18428453820650356,69
River_Thames_Laleham,absolute_anomaly_seasonal,Roll3_Rain,0.20026548150725404,69
River_Thames_Laleham,absolute_anomaly_seasonal,Roll3_Rain_wetdays,0.1317344267244774,69
River_Thames_Laleham,absolute_anomaly_seasonal,Roll3_Rain_exceed_10mm,0.1889026249928111,69
River_Thames_Laleham,absolute_anomaly_seasonal,Roll3_Rain_rx1day,0.4968163518234777,69
River_Thames_Laleham,absolute_anomaly_seasonal,Roll3_Rain_rx3day,0.15626952540489258,69
River_Thames_Laleham,absolute_anomaly_seasonal,Roll3_Sunlight,0.7239279954218728,69
River_Thames_Laleham,absolute_anomaly_seasonal,Roll3_Solar_MJm2,0.0,69
River_Thames_Laleham,absolute_anomaly_seasonal,Roll6_AirTemp,2.3791854191544584,69
River_Thames_Laleham,absolute_anomaly_seasonal,Roll6_Humidity,1.043917657029855,69
River_Thames_Laleham,absolute_anomaly_seasonal,Roll6_Rain,0.5543711849660979,69
River_Thames_Laleham,absolute_anomaly_seasonal,Roll6_Rain_wetdays,0.9464236632149494,69
River_Thames_Laleham,absolute_anomaly_seasonal,Roll6_Rain_exceed_10mm,0.2975937315858996,69
River_Thames_Laleham,absolute_anomaly_seasonal,Roll6_Rain_rx1day,0.24032840423190396,69
River_Thames_Laleham,absolute_anomaly_seasonal,Roll6_Rain_rx3day,0.7178615248590648,69
River_Thames_Laleham,absolute_anomaly_seasonal,Roll6_Sunlight,2.8020199610160894,69
River_Thames_Laleham,absolute_anomaly_seasonal,Roll6_Solar_MJm2,0.0,69
River_Thames_Laleham,absolute_anomaly_seasonal,Previous_AirTemp,1.0308504232798115,69
River_Thames_Laleham,absolute_anomaly_seasonal,Previous_Humidity,0.1367058991457529,69
River_Thames_Laleham,absolute_anomaly_seasonal,Previous_Rain,0.19930287958726156,69
River_Thames_Laleham,absolute_anomaly_seasonal,Previous_Rain_wetdays,0.4070631898630418,69
River_Thames_Laleham,absolute_anomaly_seasonal,Previous_Rain_exceed_10mm,1.8799811162151459,69
River_Thames_Laleham,absolute_anomaly_seasonal,Previous_Rain_rx1day,0.11830514561481124,69
River_Thames_Laleham,absolute_anomaly_seasonal,Previous_Rain_rx3day,0.5971198896625219,69
River_Thames_Laleham,absolute_anomaly_seasonal,Previous_Sunlight,0.4606934288843875,69
River_Thames_Laleham,absolute_anomaly_seasonal,Previous_Solar_MJm2,0.0,69
River_Thames_Laleham,absolute_anomaly_seasonal,Current_AirTemp,0.9432623306247686,69
River_Thames_Laleham,absolute_anomaly_seasonal,Current_Humidity,2.401812746359678,69
River_Thames_Laleham,absolute_anomaly_seasonal,Current_Rain,0.39378682326073805,69
River_Thames_Laleham,absolute_anomaly_seasonal,Current_Rain_wetdays,0.8809165835927637,69
River_Thames_Laleham,absolute_anomaly_seasonal,Current_Rain_exceed_10mm,0.26489845366276477,69
River_Thames_Laleham,absolute_anomaly_seasonal,Current_Rain_rx1day,0.4231178008079623,69
River_Thames_Laleham,absolute_anomaly_seasonal,Current_Rain_rx3day,0.4906732901294898,69
River_Thames_Laleham,absolute_anomaly_seasonal,Current_Sunlight,0.0,69
River_Thames_Laleham,absolute_anomaly_seasonal,Current_Solar_MJm2,0.14517792186301393,69
River_Thames_Laleham,absolute_anomaly_seasonal,Forecast_AirTemp,1.252463783381718,69
River_Thames_Laleham,absolute_anomaly_seasonal,Forecast_Humidity,27.501198133771496,69
River_Thames_Laleham,absolute_anomaly_seasonal,Forecast_Rain,1.2380309086188603,69
River_Thames_Laleham,absolute_anomaly_seasonal,Forecast_Rain_wetdays,0.8513511652513347,69
River_Thames_Laleham,absolute_anomaly_seasonal,Forecast_Rain_exceed_10mm,0.4048320148332972,69
River_Thames_Laleham,absolute_anomaly_seasonal,Forecast_Rain_rx1day,0.18871642343819892,69
River_Thames_Laleham,absolute_anomaly_seasonal,Forecast_Rain_rx3day,0.563599071273096,69
River_Thames_Laleham,absolute_anomaly_seasonal,Forecast_Sunlight,0.0,69
River_Thames_Laleham,absolute_anomaly_seasonal,Forecast_Solar_MJm2,0.45262170907982785,69
River_Thames_Laleham,absolute_anomaly_seasonal,Roll3_AirTemp__anomaly,0.36168888235296814,69
River_Thames_Laleham,absolute_anomaly_seasonal,Roll3_Humidity__anomaly,0.1946751821598909,69
River_Thames_Laleham,absolute_anomaly_seasonal,Roll3_Rain__anomaly,0.27505091252040004,69
River_Thames_Laleham,absolute_anomaly_seasonal,Roll3_Rain_wetdays__anomaly,0.13200560949727078,69
River_Thames_Laleham,absolute_anomaly_seasonal,Roll3_Rain_exceed_10mm__anomaly,1.2000889762564966,69
River_Thames_Laleham,absolute_anomaly_seasonal,Roll3_Rain_rx1day__anomaly,1.0698019047875456,69
River_Thames_Laleham,absolute_anomaly_seasonal,Roll3_Rain_rx3day__anomaly,0.23323291777406988,69
River_Thames_Laleham,absolute_anomaly_seasonal,Roll3_Sunlight__anomaly,0.7772270922117631,69
River_Thames_Laleham,absolute_anomaly_seasonal,Roll3_Solar_MJm2__anomaly,0.0,69
River_Thames_Laleham,absolute_anomaly_seasonal,Roll6_AirTemp__anomaly,1.0535945460027598,69
River_Thames_Laleham,absolute_anomaly_seasonal,Roll6_Humidity__anomaly,0.256079156145258,69
River_Thames_Laleham,absolute_anomaly_seasonal,Roll6_Rain__anomaly,0.25422963150793854,69
River_Thames_Laleham,absolute_anomaly_seasonal,Roll6_Rain_wetdays__anomaly,0.3506217129536952,69
River_Thames_Laleham,absolute_anomaly_seasonal,Roll6_Rain_exceed_10mm__anomaly,2.0824767134222695,69
River_Thames_Laleham,absolute_anomaly_seasonal,Roll6_Rain_rx1day__anomaly,1.78895875936295,69
River_Thames_Laleham,absolute_anomaly_seasonal,Roll6_Rain_rx3day__anomaly,0.3286399230800682,69
River_Thames_Laleham,absolute_anomaly_seasonal,Roll6_Sunlight__anomaly,0.3807484399599744,69
River_Thames_Laleham,absolute_anomaly_seasonal,Roll6_Solar_MJm2__anomaly,0.0,69
River_Thames_Laleham,absolute_anomaly_seasonal,Previous_AirTemp__anomaly,0.41610109741431783,69
River_Thames_Laleham,absolute_anomaly_seasonal,Previous_Humidity__anomaly,1.702583524244708,69
River_Thames_Laleham,absolute_anomaly_seasonal,Previous_Rain__anomaly,0.36960957498965,69
River_Thames_Laleham,absolute_anomaly_seasonal,Previous_Rain_wetdays__anomaly,1.2776071223942613,69
River_Thames_Laleham,absolute_anomaly_seasonal,Previous_Rain_exceed_10mm__anomaly,1.4908965272869874,69
River_Thames_Laleham,absolute_anomaly_seasonal,Previous_Rain_rx1day__anomaly,1.5784088713989106,69
River_Thames_Laleham,absolute_anomaly_seasonal,Previous_Rain_rx3day__anomaly,0.15038294856626935,69
River_Thames_Laleham,absolute_anomaly_seasonal,Previous_Sunlight__anomaly,0.21525856234342397,69
River_Thames_Laleham,absolute_anomaly_seasonal,Previous_Solar_MJm2__anomaly,0.0,69
River_Thames_Laleham,absolute_anomaly_seasonal,Current_AirTemp__anomaly,0.38350443832182285,69
River_Thames_Laleham,absolute_anomaly_seasonal,Current_Humidity__anomaly,0.14939881660201632,69
River_Thames_Laleham,absolute_anomaly_seasonal,Current_Rain__anomaly,1.863154706796062,69
River_Thames_Laleham,absolute_anomaly_seasonal,Current_Rain_wetdays__anomaly,0.19594501500379907,69
River_Thames_Laleham,absolute_anomaly_seasonal,Current_Rain_exceed_10mm__anomaly,1.5573705790430823,69
River_Thames_Laleham,absolute_anomaly_seasonal,Current_Rain_rx1day__anomaly,0.24519825005908122,69
River_Thames_Laleham,absolute_anomaly_seasonal,Current_Rain_rx3day__anomaly,0.9295747650469813,69
River_Thames_Laleham,absolute_anomaly_seasonal,Current_Sunlight__anomaly,0.0,69
River_Thames_Laleham,absolute_anomaly_seasonal,Current_Solar_MJm2__anomaly,0.692389578650724,69
River_Thames_Laleham,absolute_anomaly_seasonal,Forecast_AirTemp__anomaly,0.3006349001944607,69
River_Thames_Laleham,absolute_anomaly_seasonal,Forecast_Humidity__anomaly,0.6861198074194937,69
River_Thames_Laleham,absolute_anomaly_seasonal,Forecast_Rain__anomaly,1.821335319243483,69
River_Thames_Laleham,absolute_anomaly_seasonal,Forecast_Rain_wetdays__anomaly,0.2566543428337672,69
River_Thames_Laleham,absolute_anomaly_seasonal,Forecast_Rain_exceed_10mm__anomaly,1.7849265886819554,69
River_Thames_Laleham,absolute_anomaly_seasonal,Forecast_Rain_rx1day__anomaly,0.8736325970292333,69
River_Thames_Laleham,absolute_anomaly_seasonal,Forecast_Rain_rx3day__anomaly,1.3275886785363678,69
River_Thames_Laleham,absolute_anomaly_seasonal,Forecast_Sunlight__anomaly,0.0,69
River_Thames_Laleham,absolute_anomaly_seasonal,Forecast_Solar_MJm2__anomaly,1.2943178480231343,69
River_Thames_Laleham,absolute_anomaly_seasonal,Month_Sin,0.7247981061356152,69
River_Thames_Laleham,absolute_anomaly_seasonal,Month_Cos,0.00020082810315946457,69
River_Thames_Laleham,absolute_anomaly_seasonal,CSO_Individual_CSO_007945,0.5182143244744498,69
River_Thames_Laleham,absolute_anomaly_seasonal,CSO_Individual_CSO_007946,0.8939723419200338,69
River_Thames_Laleham,absolute_anomaly_seasonal,CSO_Individual_CSO_007962,4.501061282729286,69
River_Thames_Laleham,absolute_anomaly_seasonal,CSO_Individual_CSO_008015,0.05355982928238986,69
River_Thames_Laleham,absolute_anomaly_seasonal,CSO_Individual_CSO_008111,0.0415933441906894,69
River_Thames_Laleham,absolute_anomaly_seasonal,CSO_Individual_CSO_008231,0.7723861710742528,69
River_Thames_Laleham,absolute_anomaly_seasonal,CSO_Individual_CSO_008239,0.005584390892260273,69
River_Thames_Laleham,absolute_anomaly_seasonal,CSO_Individual_CSO_008270,0.18579456448481113,69
River_Thames_Laleham,absolute_anomaly_seasonal,CSO_Individual_CSO_008330,1.8749851595399951,69
River_Thames_Laleham,absolute_anomaly_seasonal,CSO_Individual_CSO_008367,0.040233902414214276,69
River_Thames_Laleham,absolute_anomaly_seasonal,CSO_Network_100_125km_count,0.0,69
River_Thames_Laleham,absolute_anomaly_seasonal,CSO_Network_100_125km_max,0.47485547456305854,69
River_Thames_Laleham,absolute_anomaly_seasonal,CSO_Network_100_125km_mean,0.6403747347036982,69
River_Thames_Laleham,absolute_anomaly_seasonal,CSO_Network_10_20km_count,0.0,69
River_Thames_Laleham,absolute_anomaly_seasonal,CSO_Network_10_20km_max,0.0003052478079902151,69
River_Thames_Laleham,absolute_anomaly_seasonal,CSO_Network_10_20km_mean,0.025784010275777494,69
River_Thames_Laleham,absolute_anomaly_seasonal,CSO_Network_125_150km_count,0.0,69
River_Thames_Laleham,absolute_anomaly_seasonal,CSO_Network_125_150km_max,3.7269474724490915e-06,69
River_Thames_Laleham,absolute_anomaly_seasonal,CSO_Network_125_150km_mean,2.8860199691922103e-07,69
River_Thames_Laleham,absolute_anomaly_seasonal,CSO_Network_150_175km_count,0.0,69
River_Thames_Laleham,absolute_anomaly_seasonal,CSO_Network_150_175km_max,3.307371641028761e-05,69
River_Thames_Laleham,absolute_anomaly_seasonal,CSO_Network_150_175km_mean,0.031855493689972106,69
River_Thames_Laleham,absolute_anomaly_seasonal,CSO_Network_175_200km_count,0.0,69
River_Thames_Laleham,absolute_anomaly_seasonal,CSO_Network_175_200km_max,0.12098963878145425,69
River_Thames_Laleham,absolute_anomaly_seasonal,CSO_Network_175_200km_mean,0.004431257842514795,69
River_Thames_Laleham,absolute_anomaly_seasonal,CSO_Network_200_225km_count,0.0,69
River_Thames_Laleham,absolute_anomaly_seasonal,CSO_Network_200_225km_max,0.0043145403855925175,69
River_Thames_Laleham,absolute_anomaly_seasonal,CSO_Network_200_225km_mean,0.0,69
River_Thames_Laleham,absolute_anomaly_seasonal,CSO_Network_20_30km_count,0.0,69
River_Thames_Laleham,absolute_anomaly_seasonal,CSO_Network_20_30km_max,2.227230368251527,69
River_Thames_Laleham,absolute_anomaly_seasonal,CSO_Network_20_30km_mean,0.0,69
River_Thames_Laleham,absolute_anomaly_seasonal,CSO_Network_225_250km_count,0.0,69
River_Thames_Laleham,absolute_anomaly_seasonal,CSO_Network_225_250km_max,0.0025045129609355646,69
River_Thames_Laleham,absolute_anomaly_seasonal,CSO_Network_225_250km_mean,0.006444745701582962,69
River_Thames_Laleham,absolute_anomaly_seasonal,CSO_Network_30_40km_count,0.0,69
River_Thames_Laleham,absolute_anomaly_seasonal,CSO_Network_30_40km_max,0.0,69
River_Thames_Laleham,absolute_anomaly_seasonal,CSO_Network_30_40km_mean,0.03893106922068514,69
River_Thames_Laleham,absolute_anomaly_seasonal,CSO_Network_40_50km_count,0.0,69
River_Thames_Laleham,absolute_anomaly_seasonal,CSO_Network_40_50km_max,0.036649079416921235,69
River_Thames_Laleham,absolute_anomaly_seasonal,CSO_Network_40_50km_mean,0.0,69
River_Thames_Laleham,absolute_anomaly_seasonal,CSO_Network_50_60km_count,0.0,69
River_Thames_Laleham,absolute_anomaly_seasonal,CSO_Network_50_60km_max,0.0017424589934600006,69
River_Thames_Laleham,absolute_anomaly_seasonal,CSO_Network_50_60km_mean,0.007685487196732972,69
River_Thames_Laleham,absolute_anomaly_seasonal,CSO_Network_60_70km_count,0.0,69
River_Thames_Laleham,absolute_anomaly_seasonal,CSO_Network_60_70km_max,0.0,69
River_Thames_Laleham,absolute_anomaly_seasonal,CSO_Network_60_70km_mean,0.0,69
River_Thames_Laleham,absolute_anomaly_seasonal,CSO_Network_70_80km_count,0.0,69
River_Thames_Laleham,absolute_anomaly_seasonal,CSO_Network_70_80km_max,0.0,69
River_Thames_Laleham,absolute_anomaly_seasonal,CSO_Network_70_80km_mean,0.0,69
River_Thames_Laleham,absolute_anomaly_seasonal,CSO_Network_80_90km_count,0.0,69
River_Thames_Laleham,absolute_anomaly_seasonal,CSO_Network_80_90km_max,0.0,69
River_Thames_Laleham,absolute_anomaly_seasonal,CSO_Network_80_90km_mean,0.0,69
River_Thames_Laleham,absolute_anomaly_seasonal,CSO_Network_90_100km_count,0.0,69
River_Thames_Laleham,absolute_anomaly_seasonal,CSO_Network_90_100km_max,0.05636813216817973,69
River_Thames_Laleham,absolute_anomaly_seasonal,CSO_Network_90_100km_mean,0.0,69
River_Thames_Walton,absolute_anomaly_seasonal,Roll3_AirTemp,0.6296503195065686,69
River_Thames_Walton,absolute_anomaly_seasonal,Roll3_Humidity,0.25974101964961577,69
River_Thames_Walton,absolute_anomaly_seasonal,Roll3_Rain,0.4284617485803633,69
River_Thames_Walton,absolute_anomaly_seasonal,Roll3_Rain_wetdays,0.7691738232191322,69
River_Thames_Walton,absolute_anomaly_seasonal,Roll3_Rain_exceed_10mm,0.12582556188451707,69
River_Thames_Walton,absolute_anomaly_seasonal,Roll3_Rain_rx1day,0.8754474790999122,69
River_Thames_Walton,absolute_anomaly_seasonal,Roll3_Rain_rx3day,0.12291778735468932,69
River_Thames_Walton,absolute_anomaly_seasonal,Roll3_Sunlight,0.9075764460048611,69
River_Thames_Walton,absolute_anomaly_seasonal,Roll3_Solar_MJm2,0.0,69
River_Thames_Walton,absolute_anomaly_seasonal,Roll6_AirTemp,2.2104032846185744,69
River_Thames_Walton,absolute_anomaly_seasonal,Roll6_Humidity,0.2012590433531498,69
River_Thames_Walton,absolute_anomaly_seasonal,Roll6_Rain,0.3576256255939947,69
River_Thames_Walton,absolute_anomaly_seasonal,Roll6_Rain_wetdays,1.9673829892015018,69
River_Thames_Walton,absolute_anomaly_seasonal,Roll6_Rain_exceed_10mm,0.42962774109025575,69
River_Thames_Walton,absolute_anomaly_seasonal,Roll6_Rain_rx1day,0.42947922439883335,69
River_Thames_Walton,absolute_anomaly_seasonal,Roll6_Rain_rx3day,0.4589102776479894,69
River_Thames_Walton,absolute_anomaly_seasonal,Roll6_Sunlight,13.08441155394137,69
River_Thames_Walton,absolute_anomaly_seasonal,Roll6_Solar_MJm2,0.0,69
River_Thames_Walton,absolute_anomaly_seasonal,Previous_AirTemp,0.6854508384821664,69
River_Thames_Walton,absolute_anomaly_seasonal,Previous_Humidity,1.078106519317649,69
River_Thames_Walton,absolute_anomaly_seasonal,Previous_Rain,0.2352783152011592,69
River_Thames_Walton,absolute_anomaly_seasonal,Previous_Rain_wetdays,0.217100099155612,69
River_Thames_Walton,absolute_anomaly_seasonal,Previous_Rain_exceed_10mm,0.17417782234188248,69
River_Thames_Walton,absolute_anomaly_seasonal,Previous_Rain_rx1day,0.4571263808120464,69
River_Thames_Walton,absolute_anomaly_seasonal,Previous_Rain_rx3day,0.24454459929432157,69
River_Thames_Walton,absolute_anomaly_seasonal,Previous_Sunlight,0.6565656721152908,69
River_Thames_Walton,absolute_anomaly_seasonal,Previous_Solar_MJm2,0.0,69
River_Thames_Walton,absolute_anomaly_seasonal,Current_AirTemp,1.3222423262388885,69
River_Thames_Walton,absolute_anomaly_seasonal,Current_Humidity,2.29729217396863,69
River_Thames_Walton,absolute_anomaly_seasonal,Current_Rain,0.22492560159000854,69
River_Thames_Walton,absolute_anomaly_seasonal,Current_Rain_wetdays,0.15570070723120127,69
River_Thames_Walton,absolute_anomaly_seasonal,Current_Rain_exceed_10mm,0.23221870519590962,69
River_Thames_Walton,absolute_anomaly_seasonal,Current_Rain_rx1day,0.09945518276932638,69
River_Thames_Walton,absolute_anomaly_seasonal,Current_Rain_rx3day,0.19308034367274274,69
River_Thames_Walton,absolute_anomaly_seasonal,Current_Sunlight,0.0,69
River_Thames_Walton,absolute_anomaly_seasonal,Current_Solar_MJm2,7.209127919687958,69
River_Thames_Walton,absolute_anomaly_seasonal,Forecast_AirTemp,2.1450021033503175,69
River_Thames_Walton,absolute_anomaly_seasonal,Forecast_Humidity,27.45026608370487,69
River_Thames_Walton,absolute_anomaly_seasonal,Forecast_Rain,0.5678777627565059,69
River_Thames_Walton,absolute_anomaly_seasonal,Forecast_Rain_wetdays,1.169456236715965,69
River_Thames_Walton,absolute_anomaly_seasonal,Forecast_Rain_exceed_10mm,0.3883740115921439,69
River_Thames_Walton,absolute_anomaly_seasonal,Forecast_Rain_rx1day,0.1494308231588385,69
River_Thames_Walton,absolute_anomaly_seasonal,Forecast_Rain_rx3day,0.1929807401618334,69
River_Thames_Walton,absolute_anomaly_seasonal,Forecast_Sunlight,0.0,69
River_Thames_Walton,absolute_anomaly_seasonal,Forecast_Solar_MJm2,7.216677861033265,69
River_Thames_Walton,absolute_anomaly_seasonal,Roll3_AirTemp__anomaly,0.5199383840367485,69
River_Thames_Walton,absolute_anomaly_seasonal,Roll3_Humidity__anomaly,0.5486160651218607,69
River_Thames_Walton,absolute_anomaly_seasonal,Roll3_Rain__anomaly,0.6972242428724662,69
River_Thames_Walton,absolute_anomaly_seasonal,Roll3_Rain_wetdays__anomaly,0.09957362609116538,69
River_Thames_Walton,absolute_anomaly_seasonal,Roll3_Rain_exceed_10mm__anomaly,0.4345821112568944,69
River_Thames_Walton,absolute_anomaly_seasonal,Roll3_Rain_rx1day__anomaly,0.20186301285698247,69
River_Thames_Walton,absolute_anomaly_seasonal,Roll3_Rain_rx3day__anomaly,0.09819407339114847,69
River_Thames_Walton,absolute_anomaly_seasonal,Roll3_Sunlight__anomaly,0.224020767247281,69
River_Thames_Walton,absolute_anomaly_seasonal,Roll3_Solar_MJm2__anomaly,0.0,69
River_Thames_Walton,absolute_anomaly_seasonal,Roll6_AirTemp__anomaly,0.4028809229564734,69
River_Thames_Walton,absolute_anomaly_seasonal,Roll6_Humidity__anomaly,1.0718605155273406,69
River_Thames_Walton,absolute_anomaly_seasonal,Roll6_Rain__anomaly,0.3708684491293839,69
River_Thames_Walton,absolute_anomaly_seasonal,Roll6_Rain_wetdays__anomaly,0.5007889122278514,69
River_Thames_Walton,absolute_anomaly_seasonal,Roll6_Rain_exceed_10mm__anomaly,0.2932606445552614,69
River_Thames_Walton,absolute_anomaly_seasonal,Roll6_Rain_rx1day__anomaly,1.6958803431570064,69
River_Thames_Walton,absolute_anomaly_seasonal,Roll6_Rain_rx3day__anomaly,0.26807057434572146,69
River_Thames_Walton,absolute_anomaly_seasonal,Roll6_Sunlight__anomaly,0.28347990162981285,69
River_Thames_Walton,absolute_anomaly_seasonal,Roll6_Solar_MJm2__anomaly,0.0,69
River_Thames_Walton,absolute_anomaly_seasonal,Previous_AirTemp__anomaly,0.1319697248967412,69
River_Thames_Walton,absolute_anomaly_seasonal,Previous_Humidity__anomaly,0.4532534529679824,69
River_Thames_Walton,absolute_anomaly_seasonal,Previous_Rain__anomaly,0.25254628695672987,69
River_Thames_Walton,absolute_anomaly_seasonal,Previous_Rain_wetdays__anomaly,0.6070317303661438,69
River_Thames_Walton,absolute_anomaly_seasonal,Previous_Rain_exceed_10mm__anomaly,0.9914714231847259,69
River_Thames_Walton,absolute_anomaly_seasonal,Previous_Rain_rx1day__anomaly,0.273252012924499,69
River_Thames_Walton,absolute_anomaly_seasonal,Previous_Rain_rx3day__anomaly,0.11004473908410099,69
River_Thames_Walton,absolute_anomaly_seasonal,Previous_Sunlight__anomaly,0.44411992702607794,69
River_Thames_Walton,absolute_anomaly_seasonal,Previous_Solar_MJm2__anomaly,0.0,69
River_Thames_Walton,absolute_anomaly_seasonal,Current_AirTemp__anomaly,0.4502646254744147,69
River_Thames_Walton,absolute_anomaly_seasonal,Current_Humidity__anomaly,0.7141753949628559,69
River_Thames_Walton,absolute_anomaly_seasonal,Current_Rain__anomaly,0.24967106044553997,69
River_Thames_Walton,absolute_anomaly_seasonal,Current_Rain_wetdays__anomaly,0.2680174749650906,69
River_Thames_Walton,absolute_anomaly_seasonal,Current_Rain_exceed_10mm__anomaly,0.1814066479712285,69
River_Thames_Walton,absolute_anomaly_seasonal,Current_Rain_rx1day__anomaly,0.12576282208412362,69
River_Thames_Walton,absolute_anomaly_seasonal,Current_Rain_rx3day__anomaly,0.7065246198457747,69
River_Thames_Walton,absolute_anomaly_seasonal,Current_Sunlight__anomaly,0.0,69
River_Thames_Walton,absolute_anomaly_seasonal,Current_Solar_MJm2__anomaly,0.5427738338106133,69
River_Thames_Walton,absolute_anomaly_seasonal,Forecast_AirTemp__anomaly,0.25256799742937086,69
River_Thames_Walton,absolute_anomaly_seasonal,Forecast_Humidity__anomaly,0.35059467048195936,69
River_Thames_Walton,absolute_anomaly_seasonal,Forecast_Rain__anomaly,0.4972346551545499,69
River_Thames_Walton,absolute_anomaly_seasonal,Forecast_Rain_wetdays__anomaly,0.09636348504207695,69
River_Thames_Walton,absolute_anomaly_seasonal,Forecast_Rain_exceed_10mm__anomaly,0.1751563077613646,69
River_Thames_Walton,absolute_anomaly_seasonal,Forecast_Rain_rx1day__anomaly,0.1088224442430876,69
River_Thames_Walton,absolute_anomaly_seasonal,Forecast_Rain_rx3day__anomaly,0.12670793701173758,69
River_Thames_Walton,absolute_anomaly_seasonal,Forecast_Sunlight__anomaly,0.0,69
River_Thames_Walton,absolute_anomaly_seasonal,Forecast_Solar_MJm2__anomaly,1.293436153233889,69
River_Thames_Walton,absolute_anomaly_seasonal,Month_Sin,0.757300834280006,69
River_Thames_Walton,absolute_anomaly_seasonal,Month_Cos,1.2031209836895411,69
River_Thames_Walton,absolute_anomaly_seasonal,CSO_Individual_CSO_007943,0.039288226557692464,69
River_Thames_Walton,absolute_anomaly_seasonal,CSO_Individual_CSO_007953,0.13325645237793093,69
River_Thames_Walton,absolute_anomaly_seasonal,CSO_Individual_CSO_007973,0.923719389309866,69
River_Thames_Walton,absolute_anomaly_seasonal,CSO_Individual_CSO_007985,0.16237494078413128,69
River_Thames_Walton,absolute_anomaly_seasonal,CSO_Individual_CSO_008016,0.04433129586940169,69
River_Thames_Walton,absolute_anomaly_seasonal,CSO_Individual_CSO_008033,0.1570854168028772,69
River_Thames_Walton,absolute_anomaly_seasonal,CSO_Individual_CSO_008089,0.06506851081828972,69
River_Thames_Walton,absolute_anomaly_seasonal,CSO_Individual_CSO_008139,0.005680112957510545,69
River_Thames_Walton,absolute_anomaly_seasonal,CSO_Individual_CSO_008148,1.3488047555966344e-05,69
River_Thames_Walton,absolute_anomaly_seasonal,CSO_Individual_CSO_008358,0.0006967738464770396,69
River_Thames_Walton,absolute_anomaly_seasonal,CSO_Network_100_125km_count,0.0,69
River_Thames_Walton,absolute_anomaly_seasonal,CSO_Network_100_125km_max,0.04804833706351597,69
River_Thames_Walton,absolute_anomaly_seasonal,CSO_Network_100_125km_mean,0.0,69
River_Thames_Walton,absolute_anomaly_seasonal,CSO_Network_10_20km_count,0.0,69
River_Thames_Walton,absolute_anomaly_seasonal,CSO_Network_10_20km_max,0.0,69
River_Thames_Walton,absolute_anomaly_seasonal,CSO_Network_10_20km_mean,0.005441735236987326,69
River_Thames_Walton,absolute_anomaly_seasonal,CSO_Network_125_150km_count,0.0,69
River_Thames_Walton,absolute_anomaly_seasonal,CSO_Network_125_150km_max,0.967651821206086,69
River_Thames_Walton,absolute_anomaly_seasonal,CSO_Network_125_150km_mean,0.0,69
River_Thames_Walton,absolute_anomaly_seasonal,CSO_Network_150_175km_count,0.0,69
River_Thames_Walton,absolute_anomaly_seasonal,CSO_Network_150_175km_max,0.02003249734327859,69
River_Thames_Walton,absolute_anomaly_seasonal,CSO_Network_150_175km_mean,0.043929270363924904,69
River_Thames_Walton,absolute_anomaly_seasonal,CSO_Network_175_200km_count,0.0,69
River_Thames_Walton,absolute_anomaly_seasonal,CSO_Network_175_200km_max,4.157909903659802e-06,69
River_Thames_Walton,absolute_anomaly_seasonal,CSO_Network_175_200km_mean,0.0,69
River_Thames_Walton,absolute_anomaly_seasonal,CSO_Network_200_225km_count,0.0,69
River_Thames_Walton,absolute_anomaly_seasonal,CSO_Network_200_225km_max,0.00017268779725413338,69
River_Thames_Walton,absolute_anomaly_seasonal,CSO_Network_200_225km_mean,2.006164923076626e-07,69
River_Thames_Walton,absolute_anomaly_seasonal,CSO_Network_20_30km_count,0.0,69
River_Thames_Walton,absolute_anomaly_seasonal,CSO_Network_20_30km_max,0.09229539834704872,69
River_Thames_Walton,absolute_anomaly_seasonal,CSO_Network_20_30km_mean,0.1368387285206194,69
River_Thames_Walton,absolute_anomaly_seasonal,CSO_Network_225_250km_count,0.0,69
River_Thames_Walton,absolute_anomaly_seasonal,CSO_Network_225_250km_max,1.786274838875228e-07,69
River_Thames_Walton,absolute_anomaly_seasonal,CSO_Network_225_250km_mean,0.004660136042377998,69
River_Thames_Walton,absolute_anomaly_seasonal,CSO_Network_30_40km_count,0.0,69
River_Thames_Walton,absolute_anomaly_seasonal,CSO_Network_30_40km_max,0.03705537921309266,69
River_Thames_Walton,absolute_anomaly_seasonal,CSO_Network_30_40km_mean,0.004383129657562851,69
River_Thames_Walton,absolute_anomaly_seasonal,CSO_Network_40_50km_count,0.0,69
River_Thames_Walton,absolute_anomaly_seasonal,CSO_Network_40_50km_max,0.0030053352612483463,69
River_Thames_Walton,absolute_anomaly_seasonal,CSO_Network_40_50km_mean,0.0027679847863329382,69
River_Thames_Walton,absolute_anomaly_seasonal,CSO_Network_50_60km_count,0.0,69
River_Thames_Walton,absolute_anomaly_seasonal,CSO_Network_50_60km_max,0.0,69
River_Thames_Walton,absolute_anomaly_seasonal,CSO_Network_50_60km_mean,0.0,69
River_Thames_Walton,absolute_anomaly_seasonal,CSO_Network_60_70km_count,0.0,69
River_Thames_Walton,absolute_anomaly_seasonal,CSO_Network_60_70km_max,0.000677901708834735,69
River_Thames_Walton,absolute_anomaly_seasonal,CSO_Network_60_70km_mean,0.0,69
River_Thames_Walton,absolute_anomaly_seasonal,CSO_Network_70_80km_count,0.0,69
River_Thames_Walton,absolute_anomaly_seasonal,CSO_Network_70_80km_max,1.8148419560602213e-05,69
River_Thames_Walton,absolute_anomaly_seasonal,CSO_Network_70_80km_mean,0.00544642871862372,69
River_Thames_Walton,absolute_anomaly_seasonal,CSO_Network_80_90km_count,0.0,69
River_Thames_Walton,absolute_anomaly_seasonal,CSO_Network_80_90km_max,0.0003813296495917161,69
River_Thames_Walton,absolute_anomaly_seasonal,CSO_Network_80_90km_mean,0.0,69
River_Thames_Walton,absolute_anomaly_seasonal,CSO_Network_90_100km_count,0.0,69
River_Thames_Walton,absolute_anomaly_seasonal,CSO_Network_90_100km_max,0.0006280597469382612,69
River_Thames_Walton,absolute_anomaly_seasonal,CSO_Network_90_100km_mean,0.0,69
River_Tillingbourne_Shalford,absolute_anomaly_seasonal,Roll3_AirTemp,1.1441332377271738,69
River_Tillingbourne_Shalford,absolute_anomaly_seasonal,Roll3_Humidity,0.37276195524948336,69
River_Tillingbourne_Shalford,absolute_anomaly_seasonal,Roll3_Rain,0.385272717245139,69
River_Tillingbourne_Shalford,absolute_anomaly_seasonal,Roll3_Rain_wetdays,1.620150847407069,69
River_Tillingbourne_Shalford,absolute_anomaly_seasonal,Roll3_Rain_exceed_10mm,0.1636405049966791,69
River_Tillingbourne_Shalford,absolute_anomaly_seasonal,Roll3_Rain_rx1day,1.3914765533235285,69
River_Tillingbourne_Shalford,absolute_anomaly_seasonal,Roll3_Rain_rx3day,0.5073339853674352,69
River_Tillingbourne_Shalford,absolute_anomaly_seasonal,Roll3_Sunlight,0.5042556495777484,69
River_Tillingbourne_Shalford,absolute_anomaly_seasonal,Roll3_Solar_MJm2,0.0,69
River_Tillingbourne_Shalford,absolute_anomaly_seasonal,Roll6_AirTemp,0.71188418405127,69
River_Tillingbourne_Shalford,absolute_anomaly_seasonal,Roll6_Humidity,4.615140672171236,69
River_Tillingbourne_Shalford,absolute_anomaly_seasonal,Roll6_Rain,0.20435653242769347,69
River_Tillingbourne_Shalford,absolute_anomaly_seasonal,Roll6_Rain_wetdays,0.19615826458956506,69
River_Tillingbourne_Shalford,absolute_anomaly_seasonal,Roll6_Rain_exceed_10mm,0.9698402473585079,69
River_Tillingbourne_Shalford,absolute_anomaly_seasonal,Roll6_Rain_rx1day,2.4974206970963087,69
River_Tillingbourne_Shalford,absolute_anomaly_seasonal,Roll6_Rain_rx3day,0.7720053604961923,69
River_Tillingbourne_Shalford,absolute_anomaly_seasonal,Roll6_Sunlight,5.945663899772303,69
River_Tillingbourne_Shalford,absolute_anomaly_seasonal,Roll6_Solar_MJm2,0.0,69
River_Tillingbourne_Shalford,absolute_anomaly_seasonal,Previous_AirTemp,0.6497876884400154,69
River_Tillingbourne_Shalford,absolute_anomaly_seasonal,Previous_Humidity,0.3849261911571766,69
River_Tillingbourne_Shalford,absolute_anomaly_seasonal,Previous_Rain,0.5782560834588744,69
River_Tillingbourne_Shalford,absolute_anomaly_seasonal,Previous_Rain_wetdays,0.29434118177479063,69
River_Tillingbourne_Shalford,absolute_anomaly_seasonal,Previous_Rain_exceed_10mm,0.45709794637295154,69
River_Tillingbourne_Shalford,absolute_anomaly_seasonal,Previous_Rain_rx1day,0.6711956124064448,69
River_Tillingbourne_Shalford,absolute_anomaly_seasonal,Previous_Rain_rx3day,0.39498626147333377,69
River_Tillingbourne_Shalford,absolute_anomaly_seasonal,Previous_Sunlight,0.2788255770858236,69
River_Tillingbourne_Shalford,absolute_anomaly_seasonal,Previous_Solar_MJm2,0.0,69
River_Tillingbourne_Shalford,absolute_anomaly_seasonal,Current_AirTemp,1.354529343857743,69
River_Tillingbourne_Shalford,absolute_anomaly_seasonal,Current_Humidity,3.1018027583736685,69
River_Tillingbourne_Shalford,absolute_anomaly_seasonal,Current_Rain,1.146302079884492,69
River_Tillingbourne_Shalford,absolute_anomaly_seasonal,Current_Rain_wetdays,0.50209466875885,69
River_Tillingbourne_Shalford,absolute_anomaly_seasonal,Current_Rain_exceed_10mm,1.0827060251269152,69
River_Tillingbourne_Shalford,absolute_anomaly_seasonal,Current_Rain_rx1day,0.8364315819718456,69
River_Tillingbourne_Shalford,absolute_anomaly_seasonal,Current_Rain_rx3day,0.8615022619883617,69
River_Tillingbourne_Shalford,absolute_anomaly_seasonal,Current_Sunlight,0.0,69
River_Tillingbourne_Shalford,absolute_anomaly_seasonal,Current_Solar_MJm2,0.8976024053565322,69
River_Tillingbourne_Shalford,absolute_anomaly_seasonal,Forecast_AirTemp,0.13257338828184664,69
River_Tillingbourne_Shalford,absolute_anomaly_seasonal,Forecast_Humidity,4.1363275373036545,69
River_Tillingbourne_Shalford,absolute_anomaly_seasonal,Forecast_Rain,0.5712260175876652,69
River_Tillingbourne_Shalford,absolute_anomaly_seasonal,Forecast_Rain_wetdays,1.1074018822738607,69
River_Tillingbourne_Shalford,absolute_anomaly_seasonal,Forecast_Rain_exceed_10mm,0.9050657713484527,69
River_Tillingbourne_Shalford,absolute_anomaly_seasonal,Forecast_Rain_rx1day,0.6054612247180362,69
River_Tillingbourne_Shalford,absolute_anomaly_seasonal,Forecast_Rain_rx3day,1.0295024781127453,69
River_Tillingbourne_Shalford,absolute_anomaly_seasonal,Forecast_Sunlight,0.0,69
River_Tillingbourne_Shalford,absolute_anomaly_seasonal,Forecast_Solar_MJm2,0.8073992194865004,69
River_Tillingbourne_Shalford,absolute_anomaly_seasonal,Roll3_AirTemp__anomaly,0.5105410023860921,69
River_Tillingbourne_Shalford,absolute_anomaly_seasonal,Roll3_Humidity__anomaly,1.0044185640698065,69
River_Tillingbourne_Shalford,absolute_anomaly_seasonal,Roll3_Rain__anomaly,0.4558334304699078,69
River_Tillingbourne_Shalford,absolute_anomaly_seasonal,Roll3_Rain_wetdays__anomaly,0.3831748871184441,69
River_Tillingbourne_Shalford,absolute_anomaly_seasonal,Roll3_Rain_exceed_10mm__anomaly,0.3592402154427712,69
River_Tillingbourne_Shalford,absolute_anomaly_seasonal,Roll3_Rain_rx1day__anomaly,0.3857726798446882,69
River_Tillingbourne_Shalford,absolute_anomaly_seasonal,Roll3_Rain_rx3day__anomaly,0.1054416827621286,69
River_Tillingbourne_Shalford,absolute_anomaly_seasonal,Roll3_Sunlight__anomaly,0.6528615757135069,69
River_Tillingbourne_Shalford,absolute_anomaly_seasonal,Roll3_Solar_MJm2__anomaly,0.0,69
River_Tillingbourne_Shalford,absolute_anomaly_seasonal,Roll6_AirTemp__anomaly,0.8134689482655464,69
River_Tillingbourne_Shalford,absolute_anomaly_seasonal,Roll6_Humidity__anomaly,0.8637538036948904,69
River_Tillingbourne_Shalford,absolute_anomaly_seasonal,Roll6_Rain__anomaly,0.24226368646855043,69
River_Tillingbourne_Shalford,absolute_anomaly_seasonal,Roll6_Rain_wetdays__anomaly,0.4357627650997677,69
River_Tillingbourne_Shalford,absolute_anomaly_seasonal,Roll6_Rain_exceed_10mm__anomaly,1.2277605777065153,69
River_Tillingbourne_Shalford,absolute_anomaly_seasonal,Roll6_Rain_rx1day__anomaly,0.5755366296651433,69
River_Tillingbourne_Shalford,absolute_anomaly_seasonal,Roll6_Rain_rx3day__anomaly,2.236459878382284,69
River_Tillingbourne_Shalford,absolute_anomaly_seasonal,Roll6_Sunlight__anomaly,0.7492766195390471,69
River_Tillingbourne_Shalford,absolute_anomaly_seasonal,Roll6_Solar_MJm2__anomaly,0.0,69
River_Tillingbourne_Shalford,absolute_anomaly_seasonal,Previous_AirTemp__anomaly,1.0175836784937573,69
River_Tillingbourne_Shalford,absolute_anomaly_seasonal,Previous_Humidity__anomaly,1.2684113179013687,69
River_Tillingbourne_Shalford,absolute_anomaly_seasonal,Previous_Rain__anomaly,8.042399790188751,69
River_Tillingbourne_Shalford,absolute_anomaly_seasonal,Previous_Rain_wetdays__anomaly,0.8920827845876493,69
River_Tillingbourne_Shalford,absolute_anomaly_seasonal,Previous_Rain_exceed_10mm__anomaly,0.24033823673657892,69
River_Tillingbourne_Shalford,absolute_anomaly_seasonal,Previous_Rain_rx1day__anomaly,0.4347826791911277,69
River_Tillingbourne_Shalford,absolute_anomaly_seasonal,Previous_Rain_rx3day__anomaly,2.0806821909073694,69
River_Tillingbourne_Shalford,absolute_anomaly_seasonal,Previous_Sunlight__anomaly,1.8588389402456207,69
River_Tillingbourne_Shalford,absolute_anomaly_seasonal,Previous_Solar_MJm2__anomaly,0.0,69
River_Tillingbourne_Shalford,absolute_anomaly_seasonal,Current_AirTemp__anomaly,3.8302149982368916,69
River_Tillingbourne_Shalford,absolute_anomaly_seasonal,Current_Humidity__anomaly,1.1421994330185012,69
River_Tillingbourne_Shalford,absolute_anomaly_seasonal,Current_Rain__anomaly,3.106457608493991,69
River_Tillingbourne_Shalford,absolute_anomaly_seasonal,Current_Rain_wetdays__anomaly,2.201183694105052,69
River_Tillingbourne_Shalford,absolute_anomaly_seasonal,Current_Rain_exceed_10mm__anomaly,0.5967196386131489,69
River_Tillingbourne_Shalford,absolute_anomaly_seasonal,Current_Rain_rx1day__anomaly,1.4085150932714467,69
River_Tillingbourne_Shalford,absolute_anomaly_seasonal,Current_Rain_rx3day__anomaly,2.992752826132693,69
River_Tillingbourne_Shalford,absolute_anomaly_seasonal,Current_Sunlight__anomaly,0.0,69
River_Tillingbourne_Shalford,absolute_anomaly_seasonal,Current_Solar_MJm2__anomaly,1.479941450576058,69
River_Tillingbourne_Shalford,absolute_anomaly_seasonal,Forecast_AirTemp__anomaly,0.4389802032977548,69
River_Tillingbourne_Shalford,absolute_anomaly_seasonal,Forecast_Humidity__anomaly,1.9318191687046429,69
River_Tillingbourne_Shalford,absolute_anomaly_seasonal,Forecast_Rain__anomaly,0.5193549423834826,69
River_Tillingbourne_Shalford,absolute_anomaly_seasonal,Forecast_Rain_wetdays__anomaly,2.416214761108357,69
River_Tillingbourne_Shalford,absolute_anomaly_seasonal,Forecast_Rain_exceed_10mm__anomaly,1.3209228743693733,69
River_Tillingbourne_Shalford,absolute_anomaly_seasonal,Forecast_Rain_rx1day__anomaly,1.2364424654517059,69
River_Tillingbourne_Shalford,absolute_anomaly_seasonal,Forecast_Rain_rx3day__anomaly,0.13786603862938562,69
River_Tillingbourne_Shalford,absolute_anomaly_seasonal,Forecast_Sunlight__anomaly,0.0,69
River_Tillingbourne_Shalford,absolute_anomaly_seasonal,Forecast_Solar_MJm2__anomaly,0.45678489928612687,69
River_Tillingbourne_Shalford,absolute_anomaly_seasonal,Month_Sin,3.148924050293304,69
River_Tillingbourne_Shalford,absolute_anomaly_seasonal,Month_Cos,0.009178793688856697,69
River_Ugie_Forehill,absolute_anomaly_seasonal,Roll3_AirTemp,0.1742106356285286,69
River_Ugie_Forehill,absolute_anomaly_seasonal,Roll3_Humidity,0.39229134184466136,69
River_Ugie_Forehill,absolute_anomaly_seasonal,Roll3_Rain,0.2395606745670696,69
River_Ugie_Forehill,absolute_anomaly_seasonal,Roll3_Rain_wetdays,0.1933270300609658,69
River_Ugie_Forehill,absolute_anomaly_seasonal,Roll3_Rain_exceed_10mm,0.31172222759891377,69
River_Ugie_Forehill,absolute_anomaly_seasonal,Roll3_Rain_rx1day,0.5890295033440812,69
River_Ugie_Forehill,absolute_anomaly_seasonal,Roll3_Rain_rx3day,0.5068763786294679,69
River_Ugie_Forehill,absolute_anomaly_seasonal,Roll3_Sunlight,2.02749854905095,69
River_Ugie_Forehill,absolute_anomaly_seasonal,Roll3_Solar_MJm2,0.0,69
River_Ugie_Forehill,absolute_anomaly_seasonal,Roll6_AirTemp,1.4149756892616845,69
River_Ugie_Forehill,absolute_anomaly_seasonal,Roll6_Humidity,0.32628886157219567,69
River_Ugie_Forehill,absolute_anomaly_seasonal,Roll6_Rain,0.321324642687648,69
River_Ugie_Forehill,absolute_anomaly_seasonal,Roll6_Rain_wetdays,0.46889928509270734,69
River_Ugie_Forehill,absolute_anomaly_seasonal,Roll6_Rain_exceed_10mm,0.43336599393790093,69
River_Ugie_Forehill,absolute_anomaly_seasonal,Roll6_Rain_rx1day,0.3608954234704643,69
River_Ugie_Forehill,absolute_anomaly_seasonal,Roll6_Rain_rx3day,0.7611275469448773,69
River_Ugie_Forehill,absolute_anomaly_seasonal,Roll6_Sunlight,0.8170737683663842,69
River_Ugie_Forehill,absolute_anomaly_seasonal,Roll6_Solar_MJm2,0.0,69
River_Ugie_Forehill,absolute_anomaly_seasonal,Previous_AirTemp,0.44191524545363803,69
River_Ugie_Forehill,absolute_anomaly_seasonal,Previous_Humidity,0.5407904480411487,69
River_Ugie_Forehill,absolute_anomaly_seasonal,Previous_Rain,1.1834672397125503,69
River_Ugie_Forehill,absolute_anomaly_seasonal,Previous_Rain_wetdays,1.975812697400352,69
River_Ugie_Forehill,absolute_anomaly_seasonal,Previous_Rain_exceed_10mm,0.6255269305365779,69
River_Ugie_Forehill,absolute_anomaly_seasonal,Previous_Rain_rx1day,0.6658782536157716,69
River_Ugie_Forehill,absolute_anomaly_seasonal,Previous_Rain_rx3day,1.9244442651882785,69
River_Ugie_Forehill,absolute_anomaly_seasonal,Previous_Sunlight,2.4422247820249954,69
River_Ugie_Forehill,absolute_anomaly_seasonal,Previous_Solar_MJm2,0.0,69
River_Ugie_Forehill,absolute_anomaly_seasonal,Current_AirTemp,0.6875256771003329,69
River_Ugie_Forehill,absolute_anomaly_seasonal,Current_Humidity,0.6196867474794372,69
River_Ugie_Forehill,absolute_anomaly_seasonal,Current_Rain,0.27250006339867994,69
River_Ugie_Forehill,absolute_anomaly_seasonal,Current_Rain_wetdays,0.374740886858831,69
River_Ugie_Forehill,absolute_anomaly_seasonal,Current_Rain_exceed_10mm,1.1509308791175061,69
River_Ugie_Forehill,absolute_anomaly_seasonal,Current_Rain_rx1day,1.3906257517476561,69
River_Ugie_Forehill,absolute_anomaly_seasonal,Current_Rain_rx3day,0.546828973699558,69
River_Ugie_Forehill,absolute_anomaly_seasonal,Current_Sunlight,0.0,69
River_Ugie_Forehill,absolute_anomaly_seasonal,Current_Solar_MJm2,4.111163582208625,69
River_Ugie_Forehill,absolute_anomaly_seasonal,Forecast_AirTemp,0.7069530183695739,69
River_Ugie_Forehill,absolute_anomaly_seasonal,Forecast_Humidity,0.9967527043891796,69
River_Ugie_Forehill,absolute_anomaly_seasonal,Forecast_Rain,0.993834629582526,69
River_Ugie_Forehill,absolute_anomaly_seasonal,Forecast_Rain_wetdays,2.8854477372601965,69
River_Ugie_Forehill,absolute_anomaly_seasonal,Forecast_Rain_exceed_10mm,5.504179239088865,69
River_Ugie_Forehill,absolute_anomaly_seasonal,Forecast_Rain_rx1day,1.4791673904498612,69
River_Ugie_Forehill,absolute_anomaly_seasonal,Forecast_Rain_rx3day,0.6635430539818719,69
River_Ugie_Forehill,absolute_anomaly_seasonal,Forecast_Sunlight,0.0,69
River_Ugie_Forehill,absolute_anomaly_seasonal,Forecast_Solar_MJm2,2.2142315826057404,69
River_Ugie_Forehill,absolute_anomaly_seasonal,Roll3_AirTemp__anomaly,2.7417345898427126,69
River_Ugie_Forehill,absolute_anomaly_seasonal,Roll3_Humidity__anomaly,1.8022156068650101,69
River_Ugie_Forehill,absolute_anomaly_seasonal,Roll3_Rain__anomaly,3.2541368599741447,69
River_Ugie_Forehill,absolute_anomaly_seasonal,Roll3_Rain_wetdays__anomaly,2.1192439436747184,69
River_Ugie_Forehill,absolute_anomaly_seasonal,Roll3_Rain_exceed_10mm__anomaly,0.7639524404116371,69
River_Ugie_Forehill,absolute_anomaly_seasonal,Roll3_Rain_rx1day__anomaly,0.7478937541182789,69
River_Ugie_Forehill,absolute_anomaly_seasonal,Roll3_Rain_rx3day__anomaly,0.8893933674957638,69
River_Ugie_Forehill,absolute_anomaly_seasonal,Roll3_Sunlight__anomaly,2.06021345649029,69
River_Ugie_Forehill,absolute_anomaly_seasonal,Roll3_Solar_MJm2__anomaly,0.0,69
River_Ugie_Forehill,absolute_anomaly_seasonal,Roll6_AirTemp__anomaly,0.8684920812857259,69
River_Ugie_Forehill,absolute_anomaly_seasonal,Roll6_Humidity__anomaly,1.0211878382057933,69
River_Ugie_Forehill,absolute_anomaly_seasonal,Roll6_Rain__anomaly,0.291980120658751,69
River_Ugie_Forehill,absolute_anomaly_seasonal,Roll6_Rain_wetdays__anomaly,0.3586460070667891,69
River_Ugie_Forehill,absolute_anomaly_seasonal,Roll6_Rain_exceed_10mm__anomaly,0.7569848429585915,69
River_Ugie_Forehill,absolute_anomaly_seasonal,Roll6_Rain_rx1day__anomaly,0.7168267992429735,69
River_Ugie_Forehill,absolute_anomaly_seasonal,Roll6_Rain_rx3day__anomaly,0.2724757961447621,69
River_Ugie_Forehill,absolute_anomaly_seasonal,Roll6_Sunlight__anomaly,4.472406107776759,69
River_Ugie_Forehill,absolute_anomaly_seasonal,Roll6_Solar_MJm2__anomaly,0.0,69
River_Ugie_Forehill,absolute_anomaly_seasonal,Previous_AirTemp__anomaly,1.0928350646895482,69
River_Ugie_Forehill,absolute_anomaly_seasonal,Previous_Humidity__anomaly,0.8501592314953867,69
River_Ugie_Forehill,absolute_anomaly_seasonal,Previous_Rain__anomaly,4.273059711690316,69
River_Ugie_Forehill,absolute_anomaly_seasonal,Previous_Rain_wetdays__anomaly,2.0207792184749933,69
River_Ugie_Forehill,absolute_anomaly_seasonal,Previous_Rain_exceed_10mm__anomaly,0.568936693315628,69
River_Ugie_Forehill,absolute_anomaly_seasonal,Previous_Rain_rx1day__anomaly,0.3691537504213666,69
River_Ugie_Forehill,absolute_anomaly_seasonal,Previous_Rain_rx3day__anomaly,3.26315524701346,69
River_Ugie_Forehill,absolute_anomaly_seasonal,Previous_Sunlight__anomaly,0.39625710122857605,69
River_Ugie_Forehill,absolute_anomaly_seasonal,Previous_Solar_MJm2__anomaly,0.0,69
River_Ugie_Forehill,absolute_anomaly_seasonal,Current_AirTemp__anomaly,1.0021386704293607,69
River_Ugie_Forehill,absolute_anomaly_seasonal,Current_Humidity__anomaly,1.1472941724975985,69
River_Ugie_Forehill,absolute_anomaly_seasonal,Current_Rain__anomaly,1.9676217210062883,69
River_Ugie_Forehill,absolute_anomaly_seasonal,Current_Rain_wetdays__anomaly,0.3804135335450273,69
River_Ugie_Forehill,absolute_anomaly_seasonal,Current_Rain_exceed_10mm__anomaly,0.4514227974639599,69
River_Ugie_Forehill,absolute_anomaly_seasonal,Current_Rain_rx1day__anomaly,2.002883133953234,69
River_Ugie_Forehill,absolute_anomaly_seasonal,Current_Rain_rx3day__anomaly,0.3609318070323351,69
River_Ugie_Forehill,absolute_anomaly_seasonal,Current_Sunlight__anomaly,0.0,69
River_Ugie_Forehill,absolute_anomaly_seasonal,Current_Solar_MJm2__anomaly,0.8907704919149223,69
River_Ugie_Forehill,absolute_anomaly_seasonal,Forecast_AirTemp__anomaly,0.642794255274986,69
River_Ugie_Forehill,absolute_anomaly_seasonal,Forecast_Humidity__anomaly,0.3878675204007291,69
River_Ugie_Forehill,absolute_anomaly_seasonal,Forecast_Rain__anomaly,1.6327162070805965,69
River_Ugie_Forehill,absolute_anomaly_seasonal,Forecast_Rain_wetdays__anomaly,1.7922146268122747,69
River_Ugie_Forehill,absolute_anomaly_seasonal,Forecast_Rain_exceed_10mm__anomaly,1.1602706338906428,69
River_Ugie_Forehill,absolute_anomaly_seasonal,Forecast_Rain_rx1day__anomaly,2.0223523279002737,69
River_Ugie_Forehill,absolute_anomaly_seasonal,Forecast_Rain_rx3day__anomaly,0.9618137604574467,69
River_Ugie_Forehill,absolute_anomaly_seasonal,Forecast_Sunlight__anomaly,0.0,69
River_Ugie_Forehill,absolute_anomaly_seasonal,Forecast_Solar_MJm2__anomaly,0.8559715806485537,69
River_Ugie_Forehill,absolute_anomaly_seasonal,Month_Sin,2.6226298903627283,69
River_Ugie_Forehill,absolute_anomaly_seasonal,Month_Cos,0.009133907416799378,69
River_Waveney,absolute_anomaly_seasonal,Roll3_AirTemp,0.7005256422880439,69
River_Waveney,absolute_anomaly_seasonal,Roll3_Humidity,0.2188632642800765,69
River_Waveney,absolute_anomaly_seasonal,Roll3_Rain,0.3564364523861154,69
River_Waveney,absolute_anomaly_seasonal,Roll3_Rain_wetdays,0.5611297184475663,69
River_Waveney,absolute_anomaly_seasonal,Roll3_Rain_exceed_10mm,0.5218962731174618,69
River_Waveney,absolute_anomaly_seasonal,Roll3_Rain_rx1day,0.2768768563907045,69
River_Waveney,absolute_anomaly_seasonal,Roll3_Rain_rx3day,0.4517073211471933,69
River_Waveney,absolute_anomaly_seasonal,Roll3_Sunlight,0.42946609198308167,69
River_Waveney,absolute_anomaly_seasonal,Roll3_Solar_MJm2,0.0,69
River_Waveney,absolute_anomaly_seasonal,Roll6_AirTemp,2.526204834460456,69
River_Waveney,absolute_anomaly_seasonal,Roll6_Humidity,0.7370537265770631,69
River_Waveney,absolute_anomaly_seasonal,Roll6_Rain,0.3059416477410905,69
River_Waveney,absolute_anomaly_seasonal,Roll6_Rain_wetdays,0.493177927802925,69
River_Waveney,absolute_anomaly_seasonal,Roll6_Rain_exceed_10mm,0.3707268788363386,69
River_Waveney,absolute_anomaly_seasonal,Roll6_Rain_rx1day,0.11052268105636663,69
River_Waveney,absolute_anomaly_seasonal,Roll6_Rain_rx3day,0.7808572941938817,69
River_Waveney,absolute_anomaly_seasonal,Roll6_Sunlight,0.5737423864685642,69
River_Waveney,absolute_anomaly_seasonal,Roll6_Solar_MJm2,0.0,69
River_Waveney,absolute_anomaly_seasonal,Previous_AirTemp,0.4700908392582896,69
River_Waveney,absolute_anomaly_seasonal,Previous_Humidity,0.5078738510704498,69
River_Waveney,absolute_anomaly_seasonal,Previous_Rain,0.6629447505962925,69
River_Waveney,absolute_anomaly_seasonal,Previous_Rain_wetdays,0.17447455666232675,69
River_Waveney,absolute_anomaly_seasonal,Previous_Rain_exceed_10mm,1.3464715844894077,69
River_Waveney,absolute_anomaly_seasonal,Previous_Rain_rx1day,1.1209007104283244,69
River_Waveney,absolute_anomaly_seasonal,Previous_Rain_rx3day,0.9382222591178611,69
River_Waveney,absolute_anomaly_seasonal,Previous_Sunlight,1.3355486413867288,69
River_Waveney,absolute_anomaly_seasonal,Previous_Solar_MJm2,0.0,69
River_Waveney,absolute_anomaly_seasonal,Current_AirTemp,3.884929923765847,69
River_Waveney,absolute_anomaly_seasonal,Current_Humidity,1.9840261256937042,69
River_Waveney,absolute_anomaly_seasonal,Current_Rain,1.2648978293252713,69
River_Waveney,absolute_anomaly_seasonal,Current_Rain_wetdays,1.6805137464828632,69
River_Waveney,absolute_anomaly_seasonal,Current_Rain_exceed_10mm,1.0953492878292916,69
River_Waveney,absolute_anomaly_seasonal,Current_Rain_rx1day,0.577079477156196,69
River_Waveney,absolute_anomaly_seasonal,Current_Rain_rx3day,0.7880115567792508,69
River_Waveney,absolute_anomaly_seasonal,Current_Sunlight,0.0,69
River_Waveney,absolute_anomaly_seasonal,Current_Solar_MJm2,8.398954776356945,69
River_Waveney,absolute_anomaly_seasonal,Forecast_AirTemp,6.73864687096242,69
River_Waveney,absolute_anomaly_seasonal,Forecast_Humidity,1.7088896779227352,69
River_Waveney,absolute_anomaly_seasonal,Forecast_Rain,1.37158175797804,69
River_Waveney,absolute_anomaly_seasonal,Forecast_Rain_wetdays,7.857363742803821,69
River_Waveney,absolute_anomaly_seasonal,Forecast_Rain_exceed_10mm,0.8413481103374861,69
River_Waveney,absolute_anomaly_seasonal,Forecast_Rain_rx1day,0.4401917631449342,69
River_Waveney,absolute_anomaly_seasonal,Forecast_Rain_rx3day,0.7039294775338923,69
River_Waveney,absolute_anomaly_seasonal,Forecast_Sunlight,0.0,69
River_Waveney,absolute_anomaly_seasonal,Forecast_Solar_MJm2,1.0208189230499525,69
River_Waveney,absolute_anomaly_seasonal,Roll3_AirTemp__anomaly,0.5924847142143604,69
River_Waveney,absolute_anomaly_seasonal,Roll3_Humidity__anomaly,3.3395796568677265,69
River_Waveney,absolute_anomaly_seasonal,Roll3_Rain__anomaly,0.17019935900003072,69
River_Waveney,absolute_anomaly_seasonal,Roll3_Rain_wetdays__anomaly,0.8778643038461381,69
River_Waveney,absolute_anomaly_seasonal,Roll3_Rain_exceed_10mm__anomaly,0.9733190538780961,69
River_Waveney,absolute_anomaly_seasonal,Roll3_Rain_rx1day__anomaly,0.4869615025415116,69
River_Waveney,absolute_anomaly_seasonal,Roll3_Rain_rx3day__anomaly,0.29956793746118676,69
River_Waveney,absolute_anomaly_seasonal,Roll3_Sunlight__anomaly,0.2778487669673519,69
River_Waveney,absolute_anomaly_seasonal,Roll3_Solar_MJm2__anomaly,0.0,69
River_Waveney,absolute_anomaly_seasonal,Roll6_AirTemp__anomaly,0.512444102335478,69
River_Waveney,absolute_anomaly_seasonal,Roll6_Humidity__anomaly,3.2704704179680237,69
River_Waveney,absolute_anomaly_seasonal,Roll6_Rain__anomaly,0.1952452910815013,69
River_Waveney,absolute_anomaly_seasonal,Roll6_Rain_wetdays__anomaly,1.6003891812513669,69
River_Waveney,absolute_anomaly_seasonal,Roll6_Rain_exceed_10mm__anomaly,0.9413915799056772,69
River_Waveney,absolute_anomaly_seasonal,Roll6_Rain_rx1day__anomaly,0.7178629253621428,69
River_Waveney,absolute_anomaly_seasonal,Roll6_Rain_rx3day__anomaly,1.0276413623794995,69
River_Waveney,absolute_anomaly_seasonal,Roll6_Sunlight__anomaly,0.9590069599570235,69
River_Waveney,absolute_anomaly_seasonal,Roll6_Solar_MJm2__anomaly,0.0,69
River_Waveney,absolute_anomaly_seasonal,Previous_AirTemp__anomaly,2.034449020742756,69
River_Waveney,absolute_anomaly_seasonal,Previous_Humidity__anomaly,0.8723224776575418,69
River_Waveney,absolute_anomaly_seasonal,Previous_Rain__anomaly,0.7953906309199525,69
River_Waveney,absolute_anomaly_seasonal,Previous_Rain_wetdays__anomaly,0.4275941180043943,69
River_Waveney,absolute_anomaly_seasonal,Previous_Rain_exceed_10mm__anomaly,0.7005346548966112,69
River_Waveney,absolute_anomaly_seasonal,Previous_Rain_rx1day__anomaly,0.3717293463691058,69
River_Waveney,absolute_anomaly_seasonal,Previous_Rain_rx3day__anomaly,0.5070723987984764,69
River_Waveney,absolute_anomaly_seasonal,Previous_Sunlight__anomaly,1.3642712098726646,69
River_Waveney,absolute_anomaly_seasonal,Previous_Solar_MJm2__anomaly,0.0,69
River_Waveney,absolute_anomaly_seasonal,Current_AirTemp__anomaly,0.7340891886987204,69
River_Waveney,absolute_anomaly_seasonal,Current_Humidity__anomaly,2.4501310788201964,69
River_Waveney,absolute_anomaly_seasonal,Current_Rain__anomaly,0.6514466894494791,69
River_Waveney,absolute_anomaly_seasonal,Current_Rain_wetdays__anomaly,1.543240649657147,69
River_Waveney,absolute_anomaly_seasonal,Current_Rain_exceed_10mm__anomaly,2.0646406455997743,69
River_Waveney,absolute_anomaly_seasonal,Current_Rain_rx1day__anomaly,0.46860552596261174,69
River_Waveney,absolute_anomaly_seasonal,Current_Rain_rx3day__anomaly,0.7097466545661631,69
River_Waveney,absolute_anomaly_seasonal,Current_Sunlight__anomaly,0.0,69
River_Waveney,absolute_anomaly_seasonal,Current_Solar_MJm2__anomaly,0.3859569239487442,69
River_Waveney,absolute_anomaly_seasonal,Forecast_AirTemp__anomaly,0.32055267009029187,69
River_Waveney,absolute_anomaly_seasonal,Forecast_Humidity__anomaly,0.6562820735333623,69
River_Waveney,absolute_anomaly_seasonal,Forecast_Rain__anomaly,0.6190262589349835,69
River_Waveney,absolute_anomaly_seasonal,Forecast_Rain_wetdays__anomaly,1.0361765581785713,69
River_Waveney,absolute_anomaly_seasonal,Forecast_Rain_exceed_10mm__anomaly,2.016914109976485,69
River_Waveney,absolute_anomaly_seasonal,Forecast_Rain_rx1day__anomaly,2.1102621114201146,69
River_Waveney,absolute_anomaly_seasonal,Forecast_Rain_rx3day__anomaly,0.14171542099954806,69
River_Waveney,absolute_anomaly_seasonal,Forecast_Sunlight__anomaly,0.0,69
River_Waveney,absolute_anomaly_seasonal,Forecast_Solar_MJm2__anomaly,0.27210841730704133,69
River_Waveney,absolute_anomaly_seasonal,Month_Sin,0.31366791334202765,69
River_Waveney,absolute_anomaly_seasonal,Month_Cos,0.07757381632881541,69
River_Waveney,absolute_anomaly_seasonal,CSO_Individual_CSO_000065,0.8971124255927374,69
River_Waveney,absolute_anomaly_seasonal,CSO_Individual_CSO_000314,0.545256373091695,69
River_Waveney,absolute_anomaly_seasonal,CSO_Individual_CSO_000939,0.12484434909523671,69
River_Waveney,absolute_anomaly_seasonal,CSO_Individual_CSO_001208,0.05910764854315913,69
River_Waveney,absolute_anomaly_seasonal,CSO_Network_0_10km_count,0.0,69
River_Waveney,absolute_anomaly_seasonal,CSO_Network_0_10km_max,1.1092053348984134,69
River_Waveney,absolute_anomaly_seasonal,CSO_Network_0_10km_mean,0.03739124494782829,69
River_Waveney,absolute_anomaly_seasonal,CSO_Network_10_20km_count,0.0,69
River_Waveney,absolute_anomaly_seasonal,CSO_Network_10_20km_max,0.1753435642837852,69
River_Waveney,absolute_anomaly_seasonal,CSO_Network_10_20km_mean,0.012768411824548243,69
River_Waveney,absolute_anomaly_seasonal,CSO_Network_20_30km_count,0.0,69
River_Waveney,absolute_anomaly_seasonal,CSO_Network_20_30km_max,0.06405749291158651,69
River_Waveney,absolute_anomaly_seasonal,CSO_Network_20_30km_mean,0.11263355635677305,69
River_Waveney,absolute_anomaly_seasonal,CSO_Network_40_50km_count,0.0,69
River_Waveney,absolute_anomaly_seasonal,CSO_Network_40_50km_max,0.178239778964009,69
River_Waveney,absolute_anomaly_seasonal,CSO_Network_40_50km_mean,0.4606836911290977,69
River_Waveney,absolute_anomaly_seasonal,CSO_Network_50_60km_count,0.0,69
River_Waveney,absolute_anomaly_seasonal,CSO_Network_50_60km_max,0.007368808099259491,69
River_Waveney,absolute_anomaly_seasonal,CSO_Network_50_60km_mean,2.040385992119881e-05,69
River_Wear_Lumley,absolute_anomaly_seasonal,Roll3_AirTemp,0.2490581177355064,64
River_Wear_Lumley,absolute_anomaly_seasonal,Roll3_Humidity,0.6403623046232216,64
River_Wear_Lumley,absolute_anomaly_seasonal,Roll3_Rain,0.3397272971999858,64
River_Wear_Lumley,absolute_anomaly_seasonal,Roll3_Rain_wetdays,0.277435421231967,64
River_Wear_Lumley,absolute_anomaly_seasonal,Roll3_Rain_exceed_10mm,0.5677079851155986,64
River_Wear_Lumley,absolute_anomaly_seasonal,Roll3_Rain_rx1day,0.7182421830382782,64
River_Wear_Lumley,absolute_anomaly_seasonal,Roll3_Rain_rx3day,4.556687653769286,64
River_Wear_Lumley,absolute_anomaly_seasonal,Roll3_Sunlight,3.3205020424989984,64
River_Wear_Lumley,absolute_anomaly_seasonal,Roll3_Solar_MJm2,0.0,64
River_Wear_Lumley,absolute_anomaly_seasonal,Roll6_AirTemp,0.2209682477871695,64
River_Wear_Lumley,absolute_anomaly_seasonal,Roll6_Humidity,0.43163627227331874,64
River_Wear_Lumley,absolute_anomaly_seasonal,Roll6_Rain,0.34040362617172953,64
River_Wear_Lumley,absolute_anomaly_seasonal,Roll6_Rain_wetdays,2.368285644362079,64
River_Wear_Lumley,absolute_anomaly_seasonal,Roll6_Rain_exceed_10mm,0.5541474051937751,64
River_Wear_Lumley,absolute_anomaly_seasonal,Roll6_Rain_rx1day,0.3693619027628487,64
River_Wear_Lumley,absolute_anomaly_seasonal,Roll6_Rain_rx3day,1.9230418537353624,64
River_Wear_Lumley,absolute_anomaly_seasonal,Roll6_Sunlight,2.0978004402315187,64
River_Wear_Lumley,absolute_anomaly_seasonal,Roll6_Solar_MJm2,0.0,64
River_Wear_Lumley,absolute_anomaly_seasonal,Previous_AirTemp,2.3813831007057265,64
River_Wear_Lumley,absolute_anomaly_seasonal,Previous_Humidity,0.2454459779629512,64
River_Wear_Lumley,absolute_anomaly_seasonal,Previous_Rain,0.16709207906580328,64
River_Wear_Lumley,absolute_anomaly_seasonal,Previous_Rain_wetdays,0.6838077495549036,64
River_Wear_Lumley,absolute_anomaly_seasonal,Previous_Rain_exceed_10mm,0.8078155351910014,64
River_Wear_Lumley,absolute_anomaly_seasonal,Previous_Rain_rx1day,0.5141700242609654,64
River_Wear_Lumley,absolute_anomaly_seasonal,Previous_Rain_rx3day,0.24308701012088466,64
River_Wear_Lumley,absolute_anomaly_seasonal,Previous_Sunlight,0.1253818713524824,64
River_Wear_Lumley,absolute_anomaly_seasonal,Previous_Solar_MJm2,0.0,64
River_Wear_Lumley,absolute_anomaly_seasonal,Current_AirTemp,0.36639533221107645,64
River_Wear_Lumley,absolute_anomaly_seasonal,Current_Humidity,1.734523205154926,64
River_Wear_Lumley,absolute_anomaly_seasonal,Current_Rain,0.7755637063277607,64
River_Wear_Lumley,absolute_anomaly_seasonal,Current_Rain_wetdays,1.4427160929203802,64
River_Wear_Lumley,absolute_anomaly_seasonal,Current_Rain_exceed_10mm,0.6993601531344531,64
River_Wear_Lumley,absolute_anomaly_seasonal,Current_Rain_rx1day,0.41038487072772356,64
River_Wear_Lumley,absolute_anomaly_seasonal,Current_Rain_rx3day,0.6255801732855601,64
River_Wear_Lumley,absolute_anomaly_seasonal,Current_Sunlight,0.0,64
River_Wear_Lumley,absolute_anomaly_seasonal,Current_Solar_MJm2,0.809266530558403,64
River_Wear_Lumley,absolute_anomaly_seasonal,Forecast_AirTemp,1.1456337822468312,64
River_Wear_Lumley,absolute_anomaly_seasonal,Forecast_Humidity,0.516704630073138,64
River_Wear_Lumley,absolute_anomaly_seasonal,Forecast_Rain,1.3468489629977498,64
River_Wear_Lumley,absolute_anomaly_seasonal,Forecast_Rain_wetdays,2.6088905113367433,64
River_Wear_Lumley,absolute_anomaly_seasonal,Forecast_Rain_exceed_10mm,0.2618006753462684,64
River_Wear_Lumley,absolute_anomaly_seasonal,Forecast_Rain_rx1day,0.20395696581584105,64
River_Wear_Lumley,absolute_anomaly_seasonal,Forecast_Rain_rx3day,1.284724207751723,64
River_Wear_Lumley,absolute_anomaly_seasonal,Forecast_Sunlight,0.0,64
River_Wear_Lumley,absolute_anomaly_seasonal,Forecast_Solar_MJm2,0.3048958926212461,64
River_Wear_Lumley,absolute_anomaly_seasonal,Roll3_AirTemp__anomaly,2.12542568203969,64
River_Wear_Lumley,absolute_anomaly_seasonal,Roll3_Humidity__anomaly,2.694893617311217,64
River_Wear_Lumley,absolute_anomaly_seasonal,Roll3_Rain__anomaly,5.808866409983166,64
River_Wear_Lumley,absolute_anomaly_seasonal,Roll3_Rain_wetdays__anomaly,2.4448970329074897,64
River_Wear_Lumley,absolute_anomaly_seasonal,Roll3_Rain_exceed_10mm__anomaly,1.8315865736190446,64
River_Wear_Lumley,absolute_anomaly_seasonal,Roll3_Rain_rx1day__anomaly,0.36684939606710565,64
River_Wear_Lumley,absolute_anomaly_seasonal,Roll3_Rain_rx3day__anomaly,2.167908327980268,64
River_Wear_Lumley,absolute_anomaly_seasonal,Roll3_Sunlight__anomaly,2.2313275101946357,64
River_Wear_Lumley,absolute_anomaly_seasonal,Roll3_Solar_MJm2__anomaly,0.0,64
River_Wear_Lumley,absolute_anomaly_seasonal,Roll6_AirTemp__anomaly,0.9274061858471715,64
River_Wear_Lumley,absolute_anomaly_seasonal,Roll6_Humidity__anomaly,0.5317638919018431,64
River_Wear_Lumley,absolute_anomaly_seasonal,Roll6_Rain__anomaly,0.3413725696335021,64
River_Wear_Lumley,absolute_anomaly_seasonal,Roll6_Rain_wetdays__anomaly,0.8162083708932135,64
River_Wear_Lumley,absolute_anomaly_seasonal,Roll6_Rain_exceed_10mm__anomaly,0.4159130990403747,64
River_Wear_Lumley,absolute_anomaly_seasonal,Roll6_Rain_rx1day__anomaly,0.30362926689932196,64
River_Wear_Lumley,absolute_anomaly_seasonal,Roll6_Rain_rx3day__anomaly,0.1738202298704182,64
River_Wear_Lumley,absolute_anomaly_seasonal,Roll6_Sunlight__anomaly,0.31720992582750895,64
River_Wear_Lumley,absolute_anomaly_seasonal,Roll6_Solar_MJm2__anomaly,0.0,64
River_Wear_Lumley,absolute_anomaly_seasonal,Previous_AirTemp__anomaly,1.2581557167611421,64
River_Wear_Lumley,absolute_anomaly_seasonal,Previous_Humidity__anomaly,0.6627277782096553,64
River_Wear_Lumley,absolute_anomaly_seasonal,Previous_Rain__anomaly,1.0146948123791137,64
River_Wear_Lumley,absolute_anomaly_seasonal,Previous_Rain_wetdays__anomaly,0.8467644877832396,64
River_Wear_Lumley,absolute_anomaly_seasonal,Previous_Rain_exceed_10mm__anomaly,1.7239989340398405,64
River_Wear_Lumley,absolute_anomaly_seasonal,Previous_Rain_rx1day__anomaly,1.5294185545097159,64
River_Wear_Lumley,absolute_anomaly_seasonal,Previous_Rain_rx3day__anomaly,1.102010138892195,64
River_Wear_Lumley,absolute_anomaly_seasonal,Previous_Sunlight__anomaly,0.6618034729692157,64
River_Wear_Lumley,absolute_anomaly_seasonal,Previous_Solar_MJm2__anomaly,0.0,64
River_Wear_Lumley,absolute_anomaly_seasonal,Current_AirTemp__anomaly,0.5927210517044746,64
River_Wear_Lumley,absolute_anomaly_seasonal,Current_Humidity__anomaly,1.9365553763049728,64
River_Wear_Lumley,absolute_anomaly_seasonal,Current_Rain__anomaly,8.179485536619161,64
River_Wear_Lumley,absolute_anomaly_seasonal,Current_Rain_wetdays__anomaly,1.9659893216259172,64
River_Wear_Lumley,absolute_anomaly_seasonal,Current_Rain_exceed_10mm__anomaly,0.5521209832514289,64
River_Wear_Lumley,absolute_anomaly_seasonal,Current_Rain_rx1day__anomaly,0.7976938978849857,64
River_Wear_Lumley,absolute_anomaly_seasonal,Current_Rain_rx3day__anomaly,5.029343921157633,64
River_Wear_Lumley,absolute_anomaly_seasonal,Current_Sunlight__anomaly,0.0,64
River_Wear_Lumley,absolute_anomaly_seasonal,Current_Solar_MJm2__anomaly,1.4032392574441888,64
River_Wear_Lumley,absolute_anomaly_seasonal,Forecast_AirTemp__anomaly,2.2097373711836448,64
River_Wear_Lumley,absolute_anomaly_seasonal,Forecast_Humidity__anomaly,1.326068577194875,64
River_Wear_Lumley,absolute_anomaly_seasonal,Forecast_Rain__anomaly,0.5271622709279791,64
River_Wear_Lumley,absolute_anomaly_seasonal,Forecast_Rain_wetdays__anomaly,0.7554685731773516,64
River_Wear_Lumley,absolute_anomaly_seasonal,Forecast_Rain_exceed_10mm__anomaly,0.5168478187642713,64
River_Wear_Lumley,absolute_anomaly_seasonal,Forecast_Rain_rx1day__anomaly,0.29387892774519947,64
River_Wear_Lumley,absolute_anomaly_seasonal,Forecast_Rain_rx3day__anomaly,0.1261587329637196,64
River_Wear_Lumley,absolute_anomaly_seasonal,Forecast_Sunlight__anomaly,0.0,64
River_Wear_Lumley,absolute_anomaly_seasonal,Forecast_Solar_MJm2__anomaly,0.5832056096359765,64
River_Wear_Lumley,absolute_anomaly_seasonal,Month_Sin,0.017506385731704863,64
River_Wear_Lumley,absolute_anomaly_seasonal,Month_Cos,0.033242819316813076,64
River_Wear_Lumley,absolute_anomaly_seasonal,CSO_Network_0_10km_count,0.07244604807408465,64
River_Wear_Lumley,absolute_anomaly_seasonal,CSO_Network_0_10km_max,0.3661362403548792,64
River_Wear_Lumley,absolute_anomaly_seasonal,CSO_Network_0_10km_mean,0.32620150827402317,64
River_Wear_Lumley,absolute_anomaly_seasonal,CSO_Network_10_20km_count,0.0,64
River_Wear_Lumley,absolute_anomaly_seasonal,CSO_Network_10_20km_max,0.0016180005075501786,64
River_Wear_Lumley,absolute_anomaly_seasonal,CSO_Network_10_20km_mean,0.18924056301270864,64
River_Wear_Lumley,absolute_anomaly_seasonal,CSO_Network_20_30km_count,0.0,64
River_Wear_Lumley,absolute_anomaly_seasonal,CSO_Network_20_30km_max,0.9906241657923449,64
River_Wear_Lumley,absolute_anomaly_seasonal,CSO_Network_20_30km_mean,0.015031346085112137,64
River_Wear_Lumley,absolute_anomaly_seasonal,CSO_Network_30_40km_count,0.0,64
River_Wear_Lumley,absolute_anomaly_seasonal,CSO_Network_30_40km_max,0.1881807567407908,64
River_Wear_Lumley,absolute_anomaly_seasonal,CSO_Network_30_40km_mean,0.001814064698846351,64
River_Wear_Lumley,absolute_anomaly_seasonal,CSO_Network_40_50km_count,0.0,64
River_Wear_Lumley,absolute_anomaly_seasonal,CSO_Network_40_50km_max,0.004186526371823308,64
River_Wear_Lumley,absolute_anomaly_seasonal,CSO_Network_40_50km_mean,1.0305320802319639e-05,64
River_Wear_Lumley,absolute_anomaly_seasonal,CSO_Network_50_60km_count,0.0,64
River_Wear_Lumley,absolute_anomaly_seasonal,CSO_Network_50_60km_max,0.00016176865897561015,64
River_Wear_Lumley,absolute_anomaly_seasonal,CSO_Network_50_60km_mean,0.015746029153268584,64
River_Wear_Lumley,absolute_anomaly_seasonal,CSO_Network_60_70km_count,0.0,64
River_Wear_Lumley,absolute_anomaly_seasonal,CSO_Network_60_70km_max,0.0,64
River_Wear_Lumley,absolute_anomaly_seasonal,CSO_Network_60_70km_mean,0.0024202898032600058,64
River_Wear_Lumley,absolute_anomaly_seasonal,CSO_Network_70_80km_count,0.0,64
River_Wear_Lumley,absolute_anomaly_seasonal,CSO_Network_70_80km_max,1.33293003922812e-05,64
River_Wear_Lumley,absolute_anomaly_seasonal,CSO_Network_70_80km_mean,0.0002932012015587331,64
River_Wear_Lumley,absolute_anomaly_seasonal,CSO_Network_80_90km_count,0.0,64
River_Wear_Lumley,absolute_anomaly_seasonal,CSO_Network_80_90km_max,0.0,64
River_Wear_Lumley,absolute_anomaly_seasonal,CSO_Network_80_90km_mean,0.0,64
River_Wensum_Costessey,absolute_anomaly_seasonal,Roll3_AirTemp,1.5373546190995395,69
River_Wensum_Costessey,absolute_anomaly_seasonal,Roll3_Humidity,0.6460428924855831,69
River_Wensum_Costessey,absolute_anomaly_seasonal,Roll3_Rain,0.2977761992871792,69
River_Wensum_Costessey,absolute_anomaly_seasonal,Roll3_Rain_wetdays,0.22706489408715969,69
River_Wensum_Costessey,absolute_anomaly_seasonal,Roll3_Rain_exceed_10mm,0.20456535187628103,69
River_Wensum_Costessey,absolute_anomaly_seasonal,Roll3_Rain_rx1day,0.42110769830842415,69
River_Wensum_Costessey,absolute_anomaly_seasonal,Roll3_Rain_rx3day,0.627204675524079,69
River_Wensum_Costessey,absolute_anomaly_seasonal,Roll3_Sunlight,0.4073194196476397,69
River_Wensum_Costessey,absolute_anomaly_seasonal,Roll3_Solar_MJm2,0.0,69
River_Wensum_Costessey,absolute_anomaly_seasonal,Roll6_AirTemp,1.409163446730313,69
River_Wensum_Costessey,absolute_anomaly_seasonal,Roll6_Humidity,2.0229609069627417,69
River_Wensum_Costessey,absolute_anomaly_seasonal,Roll6_Rain,2.085739891877485,69
River_Wensum_Costessey,absolute_anomaly_seasonal,Roll6_Rain_wetdays,0.656748473343631,69
River_Wensum_Costessey,absolute_anomaly_seasonal,Roll6_Rain_exceed_10mm,0.8085897518471603,69
River_Wensum_Costessey,absolute_anomaly_seasonal,Roll6_Rain_rx1day,1.0427979942373682,69
River_Wensum_Costessey,absolute_anomaly_seasonal,Roll6_Rain_rx3day,0.4257892527232349,69
River_Wensum_Costessey,absolute_anomaly_seasonal,Roll6_Sunlight,2.8569164069513158,69
River_Wensum_Costessey,absolute_anomaly_seasonal,Roll6_Solar_MJm2,0.0,69
River_Wensum_Costessey,absolute_anomaly_seasonal,Previous_AirTemp,0.5951917737400161,69
River_Wensum_Costessey,absolute_anomaly_seasonal,Previous_Humidity,0.346690076887739,69
River_Wensum_Costessey,absolute_anomaly_seasonal,Previous_Rain,3.3822447623950325,69
River_Wensum_Costessey,absolute_anomaly_seasonal,Previous_Rain_wetdays,0.41977897963884603,69
River_Wensum_Costessey,absolute_anomaly_seasonal,Previous_Rain_exceed_10mm,0.2162143214197324,69
River_Wensum_Costessey,absolute_anomaly_seasonal,Previous_Rain_rx1day,1.2247588989695235,69
River_Wensum_Costessey,absolute_anomaly_seasonal,Previous_Rain_rx3day,0.8172438734367683,69
River_Wensum_Costessey,absolute_anomaly_seasonal,Previous_Sunlight,0.3760515397596126,69
River_Wensum_Costessey,absolute_anomaly_seasonal,Previous_Solar_MJm2,0.0,69
River_Wensum_Costessey,absolute_anomaly_seasonal,Current_AirTemp,0.43494332870240904,69
River_Wensum_Costessey,absolute_anomaly_seasonal,Current_Humidity,0.14514713899852474,69
River_Wensum_Costessey,absolute_anomaly_seasonal,Current_Rain,0.44306815560279633,69
River_Wensum_Costessey,absolute_anomaly_seasonal,Current_Rain_wetdays,1.1695252153980238,69
River_Wensum_Costessey,absolute_anomaly_seasonal,Current_Rain_exceed_10mm,0.35083685243329316,69
River_Wensum_Costessey,absolute_anomaly_seasonal,Current_Rain_rx1day,0.19231878014066997,69
River_Wensum_Costessey,absolute_anomaly_seasonal,Current_Rain_rx3day,0.8009826784830585,69
River_Wensum_Costessey,absolute_anomaly_seasonal,Current_Sunlight,0.0,69
River_Wensum_Costessey,absolute_anomaly_seasonal,Current_Solar_MJm2,0.23957776290357305,69
River_Wensum_Costessey,absolute_anomaly_seasonal,Forecast_AirTemp,4.1316134407221785,69
River_Wensum_Costessey,absolute_anomaly_seasonal,Forecast_Humidity,1.901163817717949,69
River_Wensum_Costessey,absolute_anomaly_seasonal,Forecast_Rain,0.5943892780330214,69
River_Wensum_Costessey,absolute_anomaly_seasonal,Forecast_Rain_wetdays,2.6700413590611514,69
River_Wensum_Costessey,absolute_anomaly_seasonal,Forecast_Rain_exceed_10mm,0.2503029252760674,69
River_Wensum_Costessey,absolute_anomaly_seasonal,Forecast_Rain_rx1day,0.21178308850923397,69
River_Wensum_Costessey,absolute_anomaly_seasonal,Forecast_Rain_rx3day,0.21820638460850486,69
River_Wensum_Costessey,absolute_anomaly_seasonal,Forecast_Sunlight,0.0,69
River_Wensum_Costessey,absolute_anomaly_seasonal,Forecast_Solar_MJm2,3.0868415514560335,69
River_Wensum_Costessey,absolute_anomaly_seasonal,Roll3_AirTemp__anomaly,0.2355958088146113,69
River_Wensum_Costessey,absolute_anomaly_seasonal,Roll3_Humidity__anomaly,4.975709103855485,69
River_Wensum_Costessey,absolute_anomaly_seasonal,Roll3_Rain__anomaly,0.4237730677158715,69
River_Wensum_Costessey,absolute_anomaly_seasonal,Roll3_Rain_wetdays__anomaly,0.12269937938840968,69
River_Wensum_Costessey,absolute_anomaly_seasonal,Roll3_Rain_exceed_10mm__anomaly,1.477218346350547,69
River_Wensum_Costessey,absolute_anomaly_seasonal,Roll3_Rain_rx1day__anomaly,1.3264016167000987,69
River_Wensum_Costessey,absolute_anomaly_seasonal,Roll3_Rain_rx3day__anomaly,2.4841084242648748,69
River_Wensum_Costessey,absolute_anomaly_seasonal,Roll3_Sunlight__anomaly,0.29982626787668487,69
River_Wensum_Costessey,absolute_anomaly_seasonal,Roll3_Solar_MJm2__anomaly,0.0,69
River_Wensum_Costessey,absolute_anomaly_seasonal,Roll6_AirTemp__anomaly,1.6437612092323337,69
River_Wensum_Costessey,absolute_anomaly_seasonal,Roll6_Humidity__anomaly,1.0064384319612858,69
River_Wensum_Costessey,absolute_anomaly_seasonal,Roll6_Rain__anomaly,1.1242679776029405,69
River_Wensum_Costessey,absolute_anomaly_seasonal,Roll6_Rain_wetdays__anomaly,4.832797380560993,69
River_Wensum_Costessey,absolute_anomaly_seasonal,Roll6_Rain_exceed_10mm__anomaly,0.40562435323861873,69
River_Wensum_Costessey,absolute_anomaly_seasonal,Roll6_Rain_rx1day__anomaly,0.7328177851056226,69
River_Wensum_Costessey,absolute_anomaly_seasonal,Roll6_Rain_rx3day__anomaly,3.3380462872973924,69
River_Wensum_Costessey,absolute_anomaly_seasonal,Roll6_Sunlight__anomaly,0.9161829947827864,69
River_Wensum_Costessey,absolute_anomaly_seasonal,Roll6_Solar_MJm2__anomaly,0.0,69
River_Wensum_Costessey,absolute_anomaly_seasonal,Previous_AirTemp__anomaly,3.527426279135586,69
River_Wensum_Costessey,absolute_anomaly_seasonal,Previous_Humidity__anomaly,1.4667293438753946,69
River_Wensum_Costessey,absolute_anomaly_seasonal,Previous_Rain__anomaly,1.8508669799175705,69
River_Wensum_Costessey,absolute_anomaly_seasonal,Previous_Rain_wetdays__anomaly,0.18288326043376843,69
River_Wensum_Costessey,absolute_anomaly_seasonal,Previous_Rain_exceed_10mm__anomaly,0.7878361759144721,69
River_Wensum_Costessey,absolute_anomaly_seasonal,Previous_Rain_rx1day__anomaly,0.4749962167933429,69
River_Wensum_Costessey,absolute_anomaly_seasonal,Previous_Rain_rx3day__anomaly,4.293484293239311,69
River_Wensum_Costessey,absolute_anomaly_seasonal,Previous_Sunlight__anomaly,1.0061685679447785,69
River_Wensum_Costessey,absolute_anomaly_seasonal,Previous_Solar_MJm2__anomaly,0.0,69
River_Wensum_Costessey,absolute_anomaly_seasonal,Current_AirTemp__anomaly,0.2694260209771657,69
River_Wensum_Costessey,absolute_anomaly_seasonal,Current_Humidity__anomaly,1.8014681001953248,69
River_Wensum_Costessey,absolute_anomaly_seasonal,Current_Rain__anomaly,2.9030401252429834,69
River_Wensum_Costessey,absolute_anomaly_seasonal,Current_Rain_wetdays__anomaly,0.6281694338258985,69
River_Wensum_Costessey,absolute_anomaly_seasonal,Current_Rain_exceed_10mm__anomaly,2.9264242445344792,69
River_Wensum_Costessey,absolute_anomaly_seasonal,Current_Rain_rx1day__anomaly,0.24988870268121957,69
River_Wensum_Costessey,absolute_anomaly_seasonal,Current_Rain_rx3day__anomaly,0.230906335663445,69
River_Wensum_Costessey,absolute_anomaly_seasonal,Current_Sunlight__anomaly,0.0,69
River_Wensum_Costessey,absolute_anomaly_seasonal,Current_Solar_MJm2__anomaly,1.4996340027260409,69
River_Wensum_Costessey,absolute_anomaly_seasonal,Forecast_AirTemp__anomaly,1.3970421193400653,69
River_Wensum_Costessey,absolute_anomaly_seasonal,Forecast_Humidity__anomaly,0.3853434211714235,69
River_Wensum_Costessey,absolute_anomaly_seasonal,Forecast_Rain__anomaly,0.6340945044967216,69
River_Wensum_Costessey,absolute_anomaly_seasonal,Forecast_Rain_wetdays__anomaly,0.24238004628374987,69
River_Wensum_Costessey,absolute_anomaly_seasonal,Forecast_Rain_exceed_10mm__anomaly,0.36278202972914064,69
River_Wensum_Costessey,absolute_anomaly_seasonal,Forecast_Rain_rx1day__anomaly,0.23444477987300594,69
River_Wensum_Costessey,absolute_anomaly_seasonal,Forecast_Rain_rx3day__anomaly,0.45664997112893674,69
River_Wensum_Costessey,absolute_anomaly_seasonal,Forecast_Sunlight__anomaly,0.0,69
River_Wensum_Costessey,absolute_anomaly_seasonal,Forecast_Solar_MJm2__anomaly,0.2665923538402071,69
River_Wensum_Costessey,absolute_anomaly_seasonal,Month_Sin,2.3289502875015393,69
River_Wensum_Costessey,absolute_anomaly_seasonal,Month_Cos,0.0008802825075783407,69
River_Wensum_Costessey,absolute_anomaly_seasonal,CSO_Individual_CSO_000394,2.1153942833272437,69
River_Wensum_Costessey,absolute_anomaly_seasonal,CSO_Network_10_20km_count,0.00011494605219508078,69
River_Wensum_Costessey,absolute_anomaly_seasonal,CSO_Network_10_20km_max,0.7306406692475612,69
River_Wensum_Costessey,absolute_anomaly_seasonal,CSO_Network_10_20km_mean,0.02392863075438448,69
River_Wensum_Costessey,absolute_anomaly_seasonal,CSO_Network_20_30km_count,0.0,69
River_Wensum_Costessey,absolute_anomaly_seasonal,CSO_Network_20_30km_max,0.6009714314432127,69
River_Wensum_Costessey,absolute_anomaly_seasonal,CSO_Network_20_30km_mean,2.847340925160411e-05,69
River_Wensum_Costessey,absolute_anomaly_seasonal,CSO_Network_30_40km_count,0.0,69
River_Wensum_Costessey,absolute_anomaly_seasonal,CSO_Network_30_40km_max,0.15533447571886655,69
River_Wensum_Costessey,absolute_anomaly_seasonal,CSO_Network_30_40km_mean,3.0940484604321615e-05,69
River_Wensum_Costessey,absolute_anomaly_seasonal,CSO_Network_40_50km_count,0.0,69
River_Wensum_Costessey,absolute_anomaly_seasonal,CSO_Network_40_50km_max,0.6490650694789192,69
River_Wensum_Costessey,absolute_anomaly_seasonal,CSO_Network_40_50km_mean,0.0011897276425867358,69
River_Wensum_Costessey,absolute_anomaly_seasonal,CSO_Network_60_70km_count,0.0,69
River_Wensum_Costessey,absolute_anomaly_seasonal,CSO_Network_60_70km_max,0.07150498384514843,69
River_Wensum_Costessey,absolute_anomaly_seasonal,CSO_Network_60_70km_mean,0.0019621955914163004,69
River_Wensum_Heigham,absolute_anomaly_seasonal,Roll3_AirTemp,0.39047054968668904,69
River_Wensum_Heigham,absolute_anomaly_seasonal,Roll3_Humidity,0.2991569512984937,69
River_Wensum_Heigham,absolute_anomaly_seasonal,Roll3_Rain,0.30912568150126213,69
River_Wensum_Heigham,absolute_anomaly_seasonal,Roll3_Rain_wetdays,0.3791657760053314,69
River_Wensum_Heigham,absolute_anomaly_seasonal,Roll3_Rain_exceed_10mm,0.8640924252981111,69
River_Wensum_Heigham,absolute_anomaly_seasonal,Roll3_Rain_rx1day,0.551220140998063,69
River_Wensum_Heigham,absolute_anomaly_seasonal,Roll3_Rain_rx3day,1.3204555855792655,69
River_Wensum_Heigham,absolute_anomaly_seasonal,Roll3_Sunlight,1.3886030414248103,69
River_Wensum_Heigham,absolute_anomaly_seasonal,Roll3_Solar_MJm2,0.0,69
River_Wensum_Heigham,absolute_anomaly_seasonal,Roll6_AirTemp,0.32453338713093455,69
River_Wensum_Heigham,absolute_anomaly_seasonal,Roll6_Humidity,4.256306756428696,69
River_Wensum_Heigham,absolute_anomaly_seasonal,Roll6_Rain,1.6860494446060141,69
River_Wensum_Heigham,absolute_anomaly_seasonal,Roll6_Rain_wetdays,0.6854577777861109,69
River_Wensum_Heigham,absolute_anomaly_seasonal,Roll6_Rain_exceed_10mm,0.28507175259792666,69
River_Wensum_Heigham,absolute_anomaly_seasonal,Roll6_Rain_rx1day,0.16933171406371525,69
River_Wensum_Heigham,absolute_anomaly_seasonal,Roll6_Rain_rx3day,1.0323038186868603,69
River_Wensum_Heigham,absolute_anomaly_seasonal,Roll6_Sunlight,0.6570016902812068,69
River_Wensum_Heigham,absolute_anomaly_seasonal,Roll6_Solar_MJm2,0.0,69
River_Wensum_Heigham,absolute_anomaly_seasonal,Previous_AirTemp,1.0210226243044347,69
River_Wensum_Heigham,absolute_anomaly_seasonal,Previous_Humidity,0.4015373183586769,69
River_Wensum_Heigham,absolute_anomaly_seasonal,Previous_Rain,0.3909211018555968,69
River_Wensum_Heigham,absolute_anomaly_seasonal,Previous_Rain_wetdays,0.5886361050635689,69
River_Wensum_Heigham,absolute_anomaly_seasonal,Previous_Rain_exceed_10mm,0.7360635853972796,69
River_Wensum_Heigham,absolute_anomaly_seasonal,Previous_Rain_rx1day,0.42006263859702436,69
River_Wensum_Heigham,absolute_anomaly_seasonal,Previous_Rain_rx3day,0.9675718084580982,69
River_Wensum_Heigham,absolute_anomaly_seasonal,Previous_Sunlight,0.26175097158924077,69
River_Wensum_Heigham,absolute_anomaly_seasonal,Previous_Solar_MJm2,0.0,69
River_Wensum_Heigham,absolute_anomaly_seasonal,Current_AirTemp,0.7878791646057283,69
River_Wensum_Heigham,absolute_anomaly_seasonal,Current_Humidity,1.4729346975458597,69
River_Wensum_Heigham,absolute_anomaly_seasonal,Current_Rain,0.5399665340345724,69
River_Wensum_Heigham,absolute_anomaly_seasonal,Current_Rain_wetdays,0.3050584173043966,69
River_Wensum_Heigham,absolute_anomaly_seasonal,Current_Rain_exceed_10mm,2.3390029239242516,69
River_Wensum_Heigham,absolute_anomaly_seasonal,Current_Rain_rx1day,0.7959031089289482,69
River_Wensum_Heigham,absolute_anomaly_seasonal,Current_Rain_rx3day,0.4601667324224412,69
River_Wensum_Heigham,absolute_anomaly_seasonal,Current_Sunlight,0.0,69
River_Wensum_Heigham,absolute_anomaly_seasonal,Current_Solar_MJm2,0.6131142633385579,69
River_Wensum_Heigham,absolute_anomaly_seasonal,Forecast_AirTemp,7.727903432603385,69
River_Wensum_Heigham,absolute_anomaly_seasonal,Forecast_Humidity,3.697695792569559,69
River_Wensum_Heigham,absolute_anomaly_seasonal,Forecast_Rain,0.4286966816153231,69
River_Wensum_Heigham,absolute_anomaly_seasonal,Forecast_Rain_wetdays,0.6713319594779754,69
River_Wensum_Heigham,absolute_anomaly_seasonal,Forecast_Rain_exceed_10mm,0.48666436778841393,69
River_Wensum_Heigham,absolute_anomaly_seasonal,Forecast_Rain_rx1day,0.2449908549473522,69
River_Wensum_Heigham,absolute_anomaly_seasonal,Forecast_Rain_rx3day,1.8689756943491458,69
River_Wensum_Heigham,absolute_anomaly_seasonal,Forecast_Sunlight,0.0,69
River_Wensum_Heigham,absolute_anomaly_seasonal,Forecast_Solar_MJm2,0.7604710012395708,69
River_Wensum_Heigham,absolute_anomaly_seasonal,Roll3_AirTemp__anomaly,0.8357626021846529,69
River_Wensum_Heigham,absolute_anomaly_seasonal,Roll3_Humidity__anomaly,0.34497757281936325,69
River_Wensum_Heigham,absolute_anomaly_seasonal,Roll3_Rain__anomaly,0.5235895374443174,69
River_Wensum_Heigham,absolute_anomaly_seasonal,Roll3_Rain_wetdays__anomaly,0.20675378067504946,69
River_Wensum_Heigham,absolute_anomaly_seasonal,Roll3_Rain_exceed_10mm__anomaly,0.32315358117889403,69
River_Wensum_Heigham,absolute_anomaly_seasonal,Roll3_Rain_rx1day__anomaly,0.2347325152658212,69
River_Wensum_Heigham,absolute_anomaly_seasonal,Roll3_Rain_rx3day__anomaly,8.202036889299055,69
River_Wensum_Heigham,absolute_anomaly_seasonal,Roll3_Sunlight__anomaly,1.1986489885243399,69
River_Wensum_Heigham,absolute_anomaly_seasonal,Roll3_Solar_MJm2__anomaly,0.0,69
River_Wensum_Heigham,absolute_anomaly_seasonal,Roll6_AirTemp__anomaly,0.7791420319533475,69
River_Wensum_Heigham,absolute_anomaly_seasonal,Roll6_Humidity__anomaly,6.697459537440105,69
River_Wensum_Heigham,absolute_anomaly_seasonal,Roll6_Rain__anomaly,0.5734530932708062,69
River_Wensum_Heigham,absolute_anomaly_seasonal,Roll6_Rain_wetdays__anomaly,0.40073366593032356,69
River_Wensum_Heigham,absolute_anomaly_seasonal,Roll6_Rain_exceed_10mm__anomaly,0.6600874936490868,69
River_Wensum_Heigham,absolute_anomaly_seasonal,Roll6_Rain_rx1day__anomaly,0.7332936022389958,69
River_Wensum_Heigham,absolute_anomaly_seasonal,Roll6_Rain_rx3day__anomaly,1.0514748646971013,69
River_Wensum_Heigham,absolute_anomaly_seasonal,Roll6_Sunlight__anomaly,0.5068842199369595,69
River_Wensum_Heigham,absolute_anomaly_seasonal,Roll6_Solar_MJm2__anomaly,0.0,69
River_Wensum_Heigham,absolute_anomaly_seasonal,Previous_AirTemp__anomaly,0.5017601875785054,69
River_Wensum_Heigham,absolute_anomaly_seasonal,Previous_Humidity__anomaly,0.21007605891538825,69
River_Wensum_Heigham,absolute_anomaly_seasonal,Previous_Rain__anomaly,1.322365393427502,69
River_Wensum_Heigham,absolute_anomaly_seasonal,Previous_Rain_wetdays__anomaly,0.8841278624639278,69
River_Wensum_Heigham,absolute_anomaly_seasonal,Previous_Rain_exceed_10mm__anomaly,2.396619194638421,69
River_Wensum_Heigham,absolute_anomaly_seasonal,Previous_Rain_rx1day__anomaly,0.2849379671647863,69
River_Wensum_Heigham,absolute_anomaly_seasonal,Previous_Rain_rx3day__anomaly,3.3741247370165968,69
River_Wensum_Heigham,absolute_anomaly_seasonal,Previous_Sunlight__anomaly,0.4840207243759511,69
River_Wensum_Heigham,absolute_anomaly_seasonal,Previous_Solar_MJm2__anomaly,0.0,69
River_Wensum_Heigham,absolute_anomaly_seasonal,Current_AirTemp__anomaly,0.44623651505459144,69
River_Wensum_Heigham,absolute_anomaly_seasonal,Current_Humidity__anomaly,1.137302587959437,69
River_Wensum_Heigham,absolute_anomaly_seasonal,Current_Rain__anomaly,0.6835016072600469,69
River_Wensum_Heigham,absolute_anomaly_seasonal,Current_Rain_wetdays__anomaly,0.7853831518679538,69
River_Wensum_Heigham,absolute_anomaly_seasonal,Current_Rain_exceed_10mm__anomaly,8.542675083481328,69
River_Wensum_Heigham,absolute_anomaly_seasonal,Current_Rain_rx1day__anomaly,2.3804332090935016,69
River_Wensum_Heigham,absolute_anomaly_seasonal,Current_Rain_rx3day__anomaly,0.43864989375379304,69
River_Wensum_Heigham,absolute_anomaly_seasonal,Current_Sunlight__anomaly,0.0,69
River_Wensum_Heigham,absolute_anomaly_seasonal,Current_Solar_MJm2__anomaly,0.666646826649891,69
River_Wensum_Heigham,absolute_anomaly_seasonal,Forecast_AirTemp__anomaly,2.5272279543370204,69
River_Wensum_Heigham,absolute_anomaly_seasonal,Forecast_Humidity__anomaly,0.904420405866404,69
River_Wensum_Heigham,absolute_anomaly_seasonal,Forecast_Rain__anomaly,1.6909212405465137,69
River_Wensum_Heigham,absolute_anomaly_seasonal,Forecast_Rain_wetdays__anomaly,0.24123867910668495,69
River_Wensum_Heigham,absolute_anomaly_seasonal,Forecast_Rain_exceed_10mm__anomaly,0.40526550719428417,69
River_Wensum_Heigham,absolute_anomaly_seasonal,Forecast_Rain_rx1day__anomaly,0.40274474842366387,69
River_Wensum_Heigham,absolute_anomaly_seasonal,Forecast_Rain_rx3day__anomaly,0.5367107016205345,69
River_Wensum_Heigham,absolute_anomaly_seasonal,Forecast_Sunlight__anomaly,0.0,69
River_Wensum_Heigham,absolute_anomaly_seasonal,Forecast_Solar_MJm2__anomaly,0.27048415049346913,69
River_Wensum_Heigham,absolute_anomaly_seasonal,Month_Sin,0.22190233233802595,69
River_Wensum_Heigham,absolute_anomaly_seasonal,Month_Cos,0.02655327660934355,69
River_Wensum_Heigham,absolute_anomaly_seasonal,CSO_Individual_CSO_000393,0.22113832938151495,69
River_Wensum_Heigham,absolute_anomaly_seasonal,CSO_Individual_CSO_000766,0.2292288517854868,69
River_Wensum_Heigham,absolute_anomaly_seasonal,CSO_Individual_CSO_000963,0.5566019130024981,69
River_Wensum_Heigham,absolute_anomaly_seasonal,CSO_Network_20_30km_count,0.0,69
River_Wensum_Heigham,absolute_anomaly_seasonal,CSO_Network_20_30km_max,0.14635971381992322,69
River_Wensum_Heigham,absolute_anomaly_seasonal,CSO_Network_20_30km_mean,0.0011581062577344446,69
River_Wensum_Heigham,absolute_anomaly_seasonal,CSO_Network_30_40km_count,0.0,69
River_Wensum_Heigham,absolute_anomaly_seasonal,CSO_Network_30_40km_max,0.34403367879059854,69
River_Wensum_Heigham,absolute_anomaly_seasonal,CSO_Network_30_40km_mean,1.647262783387207e-05,69
River_Wensum_Heigham,absolute_anomaly_seasonal,CSO_Network_40_50km_count,0.0,69
River_Wensum_Heigham,absolute_anomaly_seasonal,CSO_Network_40_50km_max,0.6039298259237257,69
River_Wensum_Heigham,absolute_anomaly_seasonal,CSO_Network_40_50km_mean,0.0017603438644169043,69
River_Wensum_Heigham,absolute_anomaly_seasonal,CSO_Network_50_60km_count,0.0,69
River_Wensum_Heigham,absolute_anomaly_seasonal,CSO_Network_50_60km_max,0.09835659063075841,69
River_Wensum_Heigham,absolute_anomaly_seasonal,CSO_Network_50_60km_mean,0.0003034387820372468,69
River_Wensum_Heigham,absolute_anomaly_seasonal,CSO_Network_70_80km_count,0.0,69
River_Wensum_Heigham,absolute_anomaly_seasonal,CSO_Network_70_80km_max,0.17192802645743926,69
River_Wensum_Heigham,absolute_anomaly_seasonal,CSO_Network_70_80km_mean,2.4612373530465755e-06,69
River_Wey_Shalford,absolute_anomaly_seasonal,Roll3_AirTemp,0.21931439660604735,69
River_Wey_Shalford,absolute_anomaly_seasonal,Roll3_Humidity,0.3195852311347278,69
River_Wey_Shalford,absolute_anomaly_seasonal,Roll3_Rain,0.11644887708605071,69
River_Wey_Shalford,absolute_anomaly_seasonal,Roll3_Rain_wetdays,0.5127961215359875,69
River_Wey_Shalford,absolute_anomaly_seasonal,Roll3_Rain_exceed_10mm,0.19347049541130482,69
River_Wey_Shalford,absolute_anomaly_seasonal,Roll3_Rain_rx1day,0.43079075985698334,69
River_Wey_Shalford,absolute_anomaly_seasonal,Roll3_Rain_rx3day,0.6035446297604905,69
River_Wey_Shalford,absolute_anomaly_seasonal,Roll3_Sunlight,0.9398528533677646,69
River_Wey_Shalford,absolute_anomaly_seasonal,Roll3_Solar_MJm2,0.0,69
River_Wey_Shalford,absolute_anomaly_seasonal,Roll6_AirTemp,0.5903935249700727,69
River_Wey_Shalford,absolute_anomaly_seasonal,Roll6_Humidity,1.3863692256964126,69
River_Wey_Shalford,absolute_anomaly_seasonal,Roll6_Rain,1.7832067184928617,69
River_Wey_Shalford,absolute_anomaly_seasonal,Roll6_Rain_wetdays,0.6631609098090262,69
River_Wey_Shalford,absolute_anomaly_seasonal,Roll6_Rain_exceed_10mm,1.6114271878329551,69
River_Wey_Shalford,absolute_anomaly_seasonal,Roll6_Rain_rx1day,0.8381079910333984,69
River_Wey_Shalford,absolute_anomaly_seasonal,Roll6_Rain_rx3day,13.897874753050349,69
River_Wey_Shalford,absolute_anomaly_seasonal,Roll6_Sunlight,0.5218313340812706,69
River_Wey_Shalford,absolute_anomaly_seasonal,Roll6_Solar_MJm2,0.0,69
River_Wey_Shalford,absolute_anomaly_seasonal,Previous_AirTemp,0.6948761139929361,69
River_Wey_Shalford,absolute_anomaly_seasonal,Previous_Humidity,0.18761567186942774,69
River_Wey_Shalford,absolute_anomaly_seasonal,Previous_Rain,0.18308469587151052,69
River_Wey_Shalford,absolute_anomaly_seasonal,Previous_Rain_wetdays,0.16542944987805625,69
River_Wey_Shalford,absolute_anomaly_seasonal,Previous_Rain_exceed_10mm,1.5396707466090247,69
River_Wey_Shalford,absolute_anomaly_seasonal,Previous_Rain_rx1day,0.6342058747735532,69
River_Wey_Shalford,absolute_anomaly_seasonal,Previous_Rain_rx3day,0.39229709630599413,69
River_Wey_Shalford,absolute_anomaly_seasonal,Previous_Sunlight,0.19099551620694302,69
River_Wey_Shalford,absolute_anomaly_seasonal,Previous_Solar_MJm2,0.0,69
River_Wey_Shalford,absolute_anomaly_seasonal,Current_AirTemp,1.6282925558569734,69
River_Wey_Shalford,absolute_anomaly_seasonal,Current_Humidity,5.355999465986123,69
River_Wey_Shalford,absolute_anomaly_seasonal,Current_Rain,0.9419838833968208,69
River_Wey_Shalford,absolute_anomaly_seasonal,Current_Rain_wetdays,0.521754234303282,69
River_Wey_Shalford,absolute_anomaly_seasonal,Current_Rain_exceed_10mm,0.8295046761719597,69
River_Wey_Shalford,absolute_anomaly_seasonal,Current_Rain_rx1day,0.8349590490857909,69
River_Wey_Shalford,absolute_anomaly_seasonal,Current_Rain_rx3day,0.636167213385017,69
River_Wey_Shalford,absolute_anomaly_seasonal,Current_Sunlight,0.0,69
River_Wey_Shalford,absolute_anomaly_seasonal,Current_Solar_MJm2,0.18927945959898607,69
River_Wey_Shalford,absolute_anomaly_seasonal,Forecast_AirTemp,0.24020061130447887,69
River_Wey_Shalford,absolute_anomaly_seasonal,Forecast_Humidity,1.2396025957064711,69
River_Wey_Shalford,absolute_anomaly_seasonal,Forecast_Rain,0.2696012070861782,69
River_Wey_Shalford,absolute_anomaly_seasonal,Forecast_Rain_wetdays,0.5044702030655102,69
River_Wey_Shalford,absolute_anomaly_seasonal,Forecast_Rain_exceed_10mm,0.4739661506732215,69
River_Wey_Shalford,absolute_anomaly_seasonal,Forecast_Rain_rx1day,1.856608186962059,69
River_Wey_Shalford,absolute_anomaly_seasonal,Forecast_Rain_rx3day,2.2160116343940857,69
River_Wey_Shalford,absolute_anomaly_seasonal,Forecast_Sunlight,0.0,69
River_Wey_Shalford,absolute_anomaly_seasonal,Forecast_Solar_MJm2,10.397438864123702,69
River_Wey_Shalford,absolute_anomaly_seasonal,Roll3_AirTemp__anomaly,0.5877834983537739,69
River_Wey_Shalford,absolute_anomaly_seasonal,Roll3_Humidity__anomaly,1.917218789594753,69
River_Wey_Shalford,absolute_anomaly_seasonal,Roll3_Rain__anomaly,0.8085448956801017,69
River_Wey_Shalford,absolute_anomaly_seasonal,Roll3_Rain_wetdays__anomaly,0.5087076221889575,69
River_Wey_Shalford,absolute_anomaly_seasonal,Roll3_Rain_exceed_10mm__anomaly,0.07859133116515805,69
River_Wey_Shalford,absolute_anomaly_seasonal,Roll3_Rain_rx1day__anomaly,0.2112245517697325,69
River_Wey_Shalford,absolute_anomaly_seasonal,Roll3_Rain_rx3day__anomaly,0.5534372756552557,69
River_Wey_Shalford,absolute_anomaly_seasonal,Roll3_Sunlight__anomaly,0.5652546363188934,69
River_Wey_Shalford,absolute_anomaly_seasonal,Roll3_Solar_MJm2__anomaly,0.0,69
River_Wey_Shalford,absolute_anomaly_seasonal,Roll6_AirTemp__anomaly,0.7051047224616639,69
River_Wey_Shalford,absolute_anomaly_seasonal,Roll6_Humidity__anomaly,2.663012254993902,69
River_Wey_Shalford,absolute_anomaly_seasonal,Roll6_Rain__anomaly,12.431353843781267,69
River_Wey_Shalford,absolute_anomaly_seasonal,Roll6_Rain_wetdays__anomaly,0.34670026789426794,69
River_Wey_Shalford,absolute_anomaly_seasonal,Roll6_Rain_exceed_10mm__anomaly,0.7768865462560234,69
River_Wey_Shalford,absolute_anomaly_seasonal,Roll6_Rain_rx1day__anomaly,0.5171800810190396,69
River_Wey_Shalford,absolute_anomaly_seasonal,Roll6_Rain_rx3day__anomaly,0.8814107665225319,69
River_Wey_Shalford,absolute_anomaly_seasonal,Roll6_Sunlight__anomaly,0.7579320960143159,69
River_Wey_Shalford,absolute_anomaly_seasonal,Roll6_Solar_MJm2__anomaly,0.0,69
River_Wey_Shalford,absolute_anomaly_seasonal,Previous_AirTemp__anomaly,0.4122464613607091,69
River_Wey_Shalford,absolute_anomaly_seasonal,Previous_Humidity__anomaly,0.3884589234462532,69
River_Wey_Shalford,absolute_anomaly_seasonal,Previous_Rain__anomaly,0.270297597519353,69
River_Wey_Shalford,absolute_anomaly_seasonal,Previous_Rain_wetdays__anomaly,0.20067964296691468,69
River_Wey_Shalford,absolute_anomaly_seasonal,Previous_Rain_exceed_10mm__anomaly,0.35344220603860693,69
River_Wey_Shalford,absolute_anomaly_seasonal,Previous_Rain_rx1day__anomaly,0.4718194485925043,69
River_Wey_Shalford,absolute_anomaly_seasonal,Previous_Rain_rx3day__anomaly,0.22764092101999175,69
River_Wey_Shalford,absolute_anomaly_seasonal,Previous_Sunlight__anomaly,0.2421438134784258,69
River_Wey_Shalford,absolute_anomaly_seasonal,Previous_Solar_MJm2__anomaly,0.0,69
River_Wey_Shalford,absolute_anomaly_seasonal,Current_AirTemp__anomaly,0.28781393360207935,69
River_Wey_Shalford,absolute_anomaly_seasonal,Current_Humidity__anomaly,0.2929878468832809,69
River_Wey_Shalford,absolute_anomaly_seasonal,Current_Rain__anomaly,1.5065206056022704,69
River_Wey_Shalford,absolute_anomaly_seasonal,Current_Rain_wetdays__anomaly,0.7094351210104299,69
River_Wey_Shalford,absolute_anomaly_seasonal,Current_Rain_exceed_10mm__anomaly,0.3561078425462423,69
River_Wey_Shalford,absolute_anomaly_seasonal,Current_Rain_rx1day__anomaly,0.41606115024657847,69
River_Wey_Shalford,absolute_anomaly_seasonal,Current_Rain_rx3day__anomaly,0.4817594100856066,69
River_Wey_Shalford,absolute_anomaly_seasonal,Current_Sunlight__anomaly,0.0,69
River_Wey_Shalford,absolute_anomaly_seasonal,Current_Solar_MJm2__anomaly,0.593729759809903,69
River_Wey_Shalford,absolute_anomaly_seasonal,Forecast_AirTemp__anomaly,0.6918452623428206,69
River_Wey_Shalford,absolute_anomaly_seasonal,Forecast_Humidity__anomaly,0.2602352565010157,69
River_Wey_Shalford,absolute_anomaly_seasonal,Forecast_Rain__anomaly,0.5456278505600662,69
River_Wey_Shalford,absolute_anomaly_seasonal,Forecast_Rain_wetdays__anomaly,0.5276762569473166,69
River_Wey_Shalford,absolute_anomaly_seasonal,Forecast_Rain_exceed_10mm__anomaly,0.8192943652950614,69
River_Wey_Shalford,absolute_anomaly_seasonal,Forecast_Rain_rx1day__anomaly,0.14886754956470452,69
River_Wey_Shalford,absolute_anomaly_seasonal,Forecast_Rain_rx3day__anomaly,0.3794259749287821,69
River_Wey_Shalford,absolute_anomaly_seasonal,Forecast_Sunlight__anomaly,0.0,69
River_Wey_Shalford,absolute_anomaly_seasonal,Forecast_Solar_MJm2__anomaly,0.4040556510924877,69
River_Wey_Shalford,absolute_anomaly_seasonal,Month_Sin,0.0674047963677854,69
River_Wey_Shalford,absolute_anomaly_seasonal,Month_Cos,1.3518549358338472e-07,69
River_Wey_Shalford,absolute_anomaly_seasonal,CSO_Individual_CSO_007973,0.1604922616553563,69
River_Wey_Shalford,absolute_anomaly_seasonal,CSO_Individual_CSO_007985,0.11886544767245219,69
River_Wey_Shalford,absolute_anomaly_seasonal,CSO_Individual_CSO_007989,0.032781526933348806,69
River_Wey_Shalford,absolute_anomaly_seasonal,CSO_Individual_CSO_008037,0.07292027519751991,69
River_Wey_Shalford,absolute_anomaly_seasonal,CSO_Individual_CSO_008164,0.013586317858249153,69
River_Wey_Shalford,absolute_anomaly_seasonal,CSO_Individual_CSO_008240,0.5506880765842972,69
River_Wey_Shalford,absolute_anomaly_seasonal,CSO_Network_0_10km_count,0.0,69
River_Wey_Shalford,absolute_anomaly_seasonal,CSO_Network_0_10km_max,5.941327705658213,69
River_Wey_Shalford,absolute_anomaly_seasonal,CSO_Network_0_10km_mean,0.3878231161218576,69
River_Wey_Shalford,absolute_anomaly_seasonal,CSO_Network_10_20km_count,0.0,69
River_Wey_Shalford,absolute_anomaly_seasonal,CSO_Network_10_20km_max,0.000754241913304298,69
River_Wey_Shalford,absolute_anomaly_seasonal,CSO_Network_10_20km_mean,0.0,69
River_Wey_Shalford,absolute_anomaly_seasonal,CSO_Network_20_30km_count,0.0,69
River_Wey_Shalford,absolute_anomaly_seasonal,CSO_Network_20_30km_max,0.12451776170097806,69
River_Wey_Shalford,absolute_anomaly_seasonal,CSO_Network_20_30km_mean,0.0,69
River_Wey_Shalford,absolute_anomaly_seasonal,CSO_Network_40_50km_count,0.0,69
River_Wey_Shalford,absolute_anomaly_seasonal,CSO_Network_40_50km_max,0.468301239713299,69
River_Wey_Shalford,absolute_anomaly_seasonal,CSO_Network_40_50km_mean,0.009830899992973896,69
River_Wey_Shalford,absolute_anomaly_seasonal,CSO_Network_50_60km_count,0.0,69
River_Wey_Shalford,absolute_anomaly_seasonal,CSO_Network_50_60km_max,0.0,69
River_Wey_Shalford,absolute_anomaly_seasonal,CSO_Network_50_60km_mean,0.0,69
River_Wissey_StokeFerry,absolute_anomaly_seasonal,Roll3_AirTemp,0.30733397077514324,69
River_Wissey_StokeFerry,absolute_anomaly_seasonal,Roll3_Humidity,0.40653532961412403,69
River_Wissey_StokeFerry,absolute_anomaly_seasonal,Roll3_Rain,0.4467238203055685,69
River_Wissey_StokeFerry,absolute_anomaly_seasonal,Roll3_Rain_wetdays,0.45953331782043516,69
River_Wissey_StokeFerry,absolute_anomaly_seasonal,Roll3_Rain_exceed_10mm,0.16445518095676137,69
River_Wissey_StokeFerry,absolute_anomaly_seasonal,Roll3_Rain_rx1day,0.32730859463022444,69
River_Wissey_StokeFerry,absolute_anomaly_seasonal,Roll3_Rain_rx3day,0.1612951612191356,69
River_Wissey_StokeFerry,absolute_anomaly_seasonal,Roll3_Sunlight,0.7596415339407899,69
River_Wissey_StokeFerry,absolute_anomaly_seasonal,Roll3_Solar_MJm2,0.0,69
River_Wissey_StokeFerry,absolute_anomaly_seasonal,Roll6_AirTemp,2.7180920753502624,69
River_Wissey_StokeFerry,absolute_anomaly_seasonal,Roll6_Humidity,0.7850061763106813,69
River_Wissey_StokeFerry,absolute_anomaly_seasonal,Roll6_Rain,0.23811740351512473,69
River_Wissey_StokeFerry,absolute_anomaly_seasonal,Roll6_Rain_wetdays,6.143487456968847,69
River_Wissey_StokeFerry,absolute_anomaly_seasonal,Roll6_Rain_exceed_10mm,0.2981056906231026,69
River_Wissey_StokeFerry,absolute_anomaly_seasonal,Roll6_Rain_rx1day,0.2821274196448605,69
River_Wissey_StokeFerry,absolute_anomaly_seasonal,Roll6_Rain_rx3day,3.4805752035561897,69
River_Wissey_StokeFerry,absolute_anomaly_seasonal,Roll6_Sunlight,0.720314926881479,69
River_Wissey_StokeFerry,absolute_anomaly_seasonal,Roll6_Solar_MJm2,0.0,69
River_Wissey_StokeFerry,absolute_anomaly_seasonal,Previous_AirTemp,0.48722033015637484,69
River_Wissey_StokeFerry,absolute_anomaly_seasonal,Previous_Humidity,0.6382979155276618,69
River_Wissey_StokeFerry,absolute_anomaly_seasonal,Previous_Rain,0.4784822422577818,69
River_Wissey_StokeFerry,absolute_anomaly_seasonal,Previous_Rain_wetdays,0.36696028334227654,69
River_Wissey_StokeFerry,absolute_anomaly_seasonal,Previous_Rain_exceed_10mm,0.58173402442915,69
River_Wissey_StokeFerry,absolute_anomaly_seasonal,Previous_Rain_rx1day,2.6820196018407074,69
River_Wissey_StokeFerry,absolute_anomaly_seasonal,Previous_Rain_rx3day,0.9722820025370942,69
River_Wissey_StokeFerry,absolute_anomaly_seasonal,Previous_Sunlight,0.34343498913892284,69
River_Wissey_StokeFerry,absolute_anomaly_seasonal,Previous_Solar_MJm2,0.0,69
River_Wissey_StokeFerry,absolute_anomaly_seasonal,Current_AirTemp,1.5604026394007533,69
River_Wissey_StokeFerry,absolute_anomaly_seasonal,Current_Humidity,1.771641933181213,69
River_Wissey_StokeFerry,absolute_anomaly_seasonal,Current_Rain,0.6556369266311147,69
River_Wissey_StokeFerry,absolute_anomaly_seasonal,Current_Rain_wetdays,0.531974444422371,69
River_Wissey_StokeFerry,absolute_anomaly_seasonal,Current_Rain_exceed_10mm,0.9736283302758726,69
River_Wissey_StokeFerry,absolute_anomaly_seasonal,Current_Rain_rx1day,0.3664081758456844,69
River_Wissey_StokeFerry,absolute_anomaly_seasonal,Current_Rain_rx3day,0.3621422578970038,69
River_Wissey_StokeFerry,absolute_anomaly_seasonal,Current_Sunlight,0.0,69
River_Wissey_StokeFerry,absolute_anomaly_seasonal,Current_Solar_MJm2,8.9134618328831,69
River_Wissey_StokeFerry,absolute_anomaly_seasonal,Forecast_AirTemp,0.15323250444599104,69
River_Wissey_StokeFerry,absolute_anomaly_seasonal,Forecast_Humidity,1.1771351363866145,69
River_Wissey_StokeFerry,absolute_anomaly_seasonal,Forecast_Rain,0.5807152709760183,69
River_Wissey_StokeFerry,absolute_anomaly_seasonal,Forecast_Rain_wetdays,1.5117101805441462,69
River_Wissey_StokeFerry,absolute_anomaly_seasonal,Forecast_Rain_exceed_10mm,0.5068646525752171,69
River_Wissey_StokeFerry,absolute_anomaly_seasonal,Forecast_Rain_rx1day,0.6386883566959883,69
River_Wissey_StokeFerry,absolute_anomaly_seasonal,Forecast_Rain_rx3day,2.3110211260489084,69
River_Wissey_StokeFerry,absolute_anomaly_seasonal,Forecast_Sunlight,0.0,69
River_Wissey_StokeFerry,absolute_anomaly_seasonal,Forecast_Solar_MJm2,5.3154407209553645,69
River_Wissey_StokeFerry,absolute_anomaly_seasonal,Roll3_AirTemp__anomaly,0.4709055191880622,69
River_Wissey_StokeFerry,absolute_anomaly_seasonal,Roll3_Humidity__anomaly,0.9126159916778777,69
River_Wissey_StokeFerry,absolute_anomaly_seasonal,Roll3_Rain__anomaly,3.485122885610237,69
River_Wissey_StokeFerry,absolute_anomaly_seasonal,Roll3_Rain_wetdays__anomaly,0.19251607953795197,69
River_Wissey_StokeFerry,absolute_anomaly_seasonal,Roll3_Rain_exceed_10mm__anomaly,1.0659233293023318,69
River_Wissey_StokeFerry,absolute_anomaly_seasonal,Roll3_Rain_rx1day__anomaly,0.43955801525659355,69
River_Wissey_StokeFerry,absolute_anomaly_seasonal,Roll3_Rain_rx3day__anomaly,0.25619639353231,69
River_Wissey_StokeFerry,absolute_anomaly_seasonal,Roll3_Sunlight__anomaly,0.35977204240770616,69
River_Wissey_StokeFerry,absolute_anomaly_seasonal,Roll3_Solar_MJm2__anomaly,0.0,69
River_Wissey_StokeFerry,absolute_anomaly_seasonal,Roll6_AirTemp__anomaly,0.7826052093974296,69
River_Wissey_StokeFerry,absolute_anomaly_seasonal,Roll6_Humidity__anomaly,4.12629980607024,69
River_Wissey_StokeFerry,absolute_anomaly_seasonal,Roll6_Rain__anomaly,0.3504390890203203,69
River_Wissey_StokeFerry,absolute_anomaly_seasonal,Roll6_Rain_wetdays__anomaly,0.2701530883236536,69
River_Wissey_StokeFerry,absolute_anomaly_seasonal,Roll6_Rain_exceed_10mm__anomaly,2.9493868144794027,69
River_Wissey_StokeFerry,absolute_anomaly_seasonal,Roll6_Rain_rx1day__anomaly,0.6747513381800879,69
River_Wissey_StokeFerry,absolute_anomaly_seasonal,Roll6_Rain_rx3day__anomaly,0.9213306240654426,69
River_Wissey_StokeFerry,absolute_anomaly_seasonal,Roll6_Sunlight__anomaly,6.7492918354200055,69
River_Wissey_StokeFerry,absolute_anomaly_seasonal,Roll6_Solar_MJm2__anomaly,0.0,69
River_Wissey_StokeFerry,absolute_anomaly_seasonal,Previous_AirTemp__anomaly,0.4978956740794743,69
River_Wissey_StokeFerry,absolute_anomaly_seasonal,Previous_Humidity__anomaly,1.7024852304109916,69
River_Wissey_StokeFerry,absolute_anomaly_seasonal,Previous_Rain__anomaly,0.7360190575222592,69
River_Wissey_StokeFerry,absolute_anomaly_seasonal,Previous_Rain_wetdays__anomaly,0.3933336515086402,69
River_Wissey_StokeFerry,absolute_anomaly_seasonal,Previous_Rain_exceed_10mm__anomaly,1.1343075720891802,69
River_Wissey_StokeFerry,absolute_anomaly_seasonal,Previous_Rain_rx1day__anomaly,0.1951651372839184,69
River_Wissey_StokeFerry,absolute_anomaly_seasonal,Previous_Rain_rx3day__anomaly,2.041441269049699,69
River_Wissey_StokeFerry,absolute_anomaly_seasonal,Previous_Sunlight__anomaly,0.7034102968395114,69
River_Wissey_StokeFerry,absolute_anomaly_seasonal,Previous_Solar_MJm2__anomaly,0.0,69
River_Wissey_StokeFerry,absolute_anomaly_seasonal,Current_AirTemp__anomaly,1.3823496032980773,69
River_Wissey_StokeFerry,absolute_anomaly_seasonal,Current_Humidity__anomaly,0.6091262299760591,69
River_Wissey_StokeFerry,absolute_anomaly_seasonal,Current_Rain__anomaly,0.7965491290526694,69
River_Wissey_StokeFerry,absolute_anomaly_seasonal,Current_Rain_wetdays__anomaly,0.19781968977801773,69
River_Wissey_StokeFerry,absolute_anomaly_seasonal,Current_Rain_exceed_10mm__anomaly,1.0704295063653313,69
River_Wissey_StokeFerry,absolute_anomaly_seasonal,Current_Rain_rx1day__anomaly,1.1006624489644148,69
River_Wissey_StokeFerry,absolute_anomaly_seasonal,Current_Rain_rx3day__anomaly,0.699659094777072,69
River_Wissey_StokeFerry,absolute_anomaly_seasonal,Current_Sunlight__anomaly,0.0,69
River_Wissey_StokeFerry,absolute_anomaly_seasonal,Current_Solar_MJm2__anomaly,0.20046891636019495,69
River_Wissey_StokeFerry,absolute_anomaly_seasonal,Forecast_AirTemp__anomaly,0.5161774024272661,69
River_Wissey_StokeFerry,absolute_anomaly_seasonal,Forecast_Humidity__anomaly,1.5007885412377275,69
River_Wissey_StokeFerry,absolute_anomaly_seasonal,Forecast_Rain__anomaly,1.2328887662184278,69
River_Wissey_StokeFerry,absolute_anomaly_seasonal,Forecast_Rain_wetdays__anomaly,0.8046630397311297,69
River_Wissey_StokeFerry,absolute_anomaly_seasonal,Forecast_Rain_exceed_10mm__anomaly,1.1634298488276318,69
River_Wissey_StokeFerry,absolute_anomaly_seasonal,Forecast_Rain_rx1day__anomaly,0.8541870389913856,69
River_Wissey_StokeFerry,absolute_anomaly_seasonal,Forecast_Rain_rx3day__anomaly,1.3620574203113278,69
River_Wissey_StokeFerry,absolute_anomaly_seasonal,Forecast_Sunlight__anomaly,0.0,69
River_Wissey_StokeFerry,absolute_anomaly_seasonal,Forecast_Solar_MJm2__anomaly,0.7197094086767158,69
River_Wissey_StokeFerry,absolute_anomaly_seasonal,Month_Sin,0.13891711678992924,69
River_Wissey_StokeFerry,absolute_anomaly_seasonal,Month_Cos,0.029624735365185857,69
River_Wissey_StokeFerry,absolute_anomaly_seasonal,CSO_Individual_CSO_001194,0.2546839766110245,69
River_Wissey_StokeFerry,absolute_anomaly_seasonal,CSO_Network_10_20km_count,0.012115330362686342,69
River_Wissey_StokeFerry,absolute_anomaly_seasonal,CSO_Network_10_20km_max,0.12959794345384507,69
River_Wissey_StokeFerry,absolute_anomaly_seasonal,CSO_Network_10_20km_mean,2.5444874278561243e-06,69
River_Wissey_StokeFerry,absolute_anomaly_seasonal,CSO_Network_30_40km_count,0.0,69
River_Wissey_StokeFerry,absolute_anomaly_seasonal,CSO_Network_30_40km_max,0.28656974852119077,69
River_Wissey_StokeFerry,absolute_anomaly_seasonal,CSO_Network_30_40km_mean,1.9474074286538556,69
