Site,YearMonth,Evaluation_Period,Prediction_Row_Type,Target_Available,observed_risk,observed_risk_level,Selected_Model,predicted_risk,predicted_risk_level
Afon_Ddu_BrynCowlyd,2021-01,final_test,unobserved_month,False,,,absolute_anomaly_seasonal,0.0075713954865932,Low
Afon_Ddu_BrynCowlyd,2021-02,final_test,unobserved_month,False,,,absolute_anomaly_seasonal,0.0058077052235603,Low
Afon_Ddu_BrynCowlyd,2021-03,final_test,unobserved_month,False,,,absolute_anomaly_seasonal,0.0299268849194049,Low
Afon_Ddu_BrynCowlyd,2021-04,final_test,unobserved_month,False,,,absolute_anomaly_seasonal,0.0249256677925586,Low
Afon_Ddu_BrynCowlyd,2021-05,final_test,unobserved_month,False,,,absolute_anomaly_seasonal,0.1176480799913406,Low
Afon_Ddu_BrynCowlyd,2021-06,final_test,unobserved_month,False,,,absolute_anomaly_seasonal,0.0678606480360031,Low
Afon_Ddu_BrynCowlyd,2021-07,final_test,unobserved_month,False,,,absolute_anomaly_seasonal,0.0458493195474147,Low
Afon_Ddu_BrynCowlyd,2021-08,final_test,unobserved_month,False,,,absolute_anomaly_seasonal,0.0713259428739547,Low
Afon_Ddu_BrynCowlyd,2021-09,final_test,unobserved_month,False,,,absolute_anomaly_seasonal,0.0119030252099037,Low
Afon_Ddu_BrynCowlyd,2021-10,final_test,unobserved_month,False,,,absolute_anomaly_seasonal,0.0190913416445255,Low
Afon_Ddu_BrynCowlyd,2021-11,final_test,unobserved_month,False,,,absolute_anomaly_seasonal,0.0048842504620552,Low
Afon_Ddu_BrynCowlyd,2021-12,final_test,unobserved_month,False,,,absolute_anomaly_seasonal,0.0099339410662651,Low
Afon_Ddu_BrynCowlyd,2022-01,final_test,unobserved_month,False,,,absolute_anomaly_seasonal,0.0102919861674308,Low
Afon_Ddu_BrynCowlyd,2022-02,final_test,unobserved_month,False,,,absolute_anomaly_seasonal,0.0071998387575149,Low
Afon_Ddu_BrynCowlyd,2022-03,final_test,unobserved_month,False,,,absolute_anomaly_seasonal,0.0104595534503459,Low
Afon_Ddu_BrynCowlyd,2022-04,final_test,unobserved_month,False,,,absolute_anomaly_seasonal,0.0116278678178787,Low
Afon_Ddu_BrynCowlyd,2022-05,final_test,unobserved_month,False,,,absolute_anomaly_seasonal,0.0015206485986709,Low
Afon_Ddu_BrynCowlyd,2022-06,final_test,unobserved_month,False,,,absolute_anomaly_seasonal,0.0146453641355037,Low
Afon_Ddu_BrynCowlyd,2022-07,final_test,unobserved_month,False,,,absolute_anomaly_seasonal,0.0407124496996402,Low
Afon_Ddu_BrynCowlyd,2022-08,final_test,unobserved_month,False,,,absolute_anomaly_seasonal,0.0186299420893192,Low
Afon_Ddu_BrynCowlyd,2022-09,final_test,unobserved_month,False,,,absolute_anomaly_seasonal,0.0100603513419628,Low
Afon_Ddu_BrynCowlyd,2022-10,final_test,unobserved_month,False,,,absolute_anomaly_seasonal,0.0066771209239959,Low
Afon_Ddu_BrynCowlyd,2022-11,final_test,unobserved_month,False,,,absolute_anomaly_seasonal,0.0070301704108715,Low
Afon_Ddu_BrynCowlyd,2022-12,final_test,unobserved_month,False,,,absolute_anomaly_seasonal,0.0094317123293876,Low
Afon_Ddu_BrynCowlyd,2023-01,final_test,unobserved_month,False,,,absolute_anomaly_seasonal,0.0106077045202255,Low
Afon_Ddu_BrynCowlyd,2023-02,final_test,unobserved_month,False,,,absolute_anomaly_seasonal,0.0102020502090454,Low
Afon_Ddu_BrynCowlyd,2023-03,final_test,unobserved_month,False,,,absolute_anomaly_seasonal,0.0015700384974479,Low
Afon_Ddu_BrynCowlyd,2023-04,final_test,unobserved_month,False,,,absolute_anomaly_seasonal,0.0022486858069896,Low
Afon_Ddu_BrynCowlyd,2023-05,final_test,unobserved_month,False,,,absolute_anomaly_seasonal,0.0016246810555458,Low
Afon_Ddu_BrynCowlyd,2023-06,final_test,unobserved_month,False,,,absolute_anomaly_seasonal,0.0035265609622001,Low
Afon_Ddu_BrynCowlyd,2023-07,final_test,unobserved_month,False,,,absolute_anomaly_seasonal,0.066999927163124,Low
Afon_Ddu_BrynCowlyd,2023-08,final_test,observed_target,True,0.0859999995714285,Low,absolute_anomaly_seasonal,0.0115596838295459,Low
Afon_Ddu_BrynCowlyd,2023-09,final_test,unobserved_month,False,,,absolute_anomaly_seasonal,0.0164919681847095,Low
Afon_Ddu_BrynCowlyd,2023-10,final_test,unobserved_month,False,,,absolute_anomaly_seasonal,0.0125506706535816,Low
Afon_Ddu_BrynCowlyd,2023-11,final_test,unobserved_month,False,,,absolute_anomaly_seasonal,0.0097393244504928,Low
Afon_Ddu_BrynCowlyd,2023-12,final_test,unobserved_month,False,,,absolute_anomaly_seasonal,0.0141810216009616,Low
Afon_Ddu_BrynCowlyd,2024-01,final_test,unobserved_month,False,,,absolute_anomaly_seasonal,0.0070064887404441,Low
Afon_Ddu_BrynCowlyd,2024-02,final_test,unobserved_month,False,,,absolute_anomaly_seasonal,0.0013172887265682,Low
Afon_Ddu_BrynCowlyd,2024-03,final_test,unobserved_month,False,,,absolute_anomaly_seasonal,0.0184374116361141,Low
Afon_Ddu_BrynCowlyd,2024-04,final_test,unobserved_month,False,,,absolute_anomaly_seasonal,0.0045828334987163,Low
Afon_Ddu_BrynCowlyd,2024-05,final_test,unobserved_month,False,,,absolute_anomaly_seasonal,0.022188302129507,Low
Afon_Ddu_BrynCowlyd,2024-06,final_test,unobserved_month,False,,,absolute_anomaly_seasonal,0.0486399792134761,Low
Afon_Ddu_BrynCowlyd,2024-07,final_test,unobserved_month,False,,,absolute_anomaly_seasonal,0.0318524204194545,Low
Afon_Ddu_BrynCowlyd,2024-08,final_test,unobserved_month,False,,,absolute_anomaly_seasonal,0.0249608494341373,Low
Afon_Ddu_BrynCowlyd,2024-09,final_test,unobserved_month,False,,,absolute_anomaly_seasonal,0.0301917903125286,Low
Afon_Ddu_BrynCowlyd,2024-10,final_test,unobserved_month,False,,,absolute_anomaly_seasonal,0.0153597258031368,Low
Afon_Ddu_BrynCowlyd,2024-11,final_test,unobserved_month,False,,,absolute_anomaly_seasonal,0.0155497752130031,Low
Afon_Ddu_BrynCowlyd,2024-12,final_test,unobserved_month,False,,,absolute_anomaly_seasonal,0.0053030326962471,Low
Afon_Ddu_BrynCowlyd,2025-01,final_test,unobserved_month,False,,,absolute_anomaly_seasonal,0.0054344236850738,Low
Afon_Ddu_BrynCowlyd,2025-02,final_test,unobserved_month,False,,,absolute_anomaly_seasonal,0.0019334927201271,Low
Afon_Ddu_BrynCowlyd,2025-03,final_test,unobserved_month,False,,,absolute_anomaly_seasonal,0.0,Low
Afon_Ddu_BrynCowlyd,2025-04,final_test,unobserved_month,False,,,absolute_anomaly_seasonal,0.0,Low
Afon_Ddu_BrynCowlyd,2025-05,final_test,unobserved_month,False,,,absolute_anomaly_seasonal,0.0101702958345413,Low
Afon_Ddu_BrynCowlyd,2025-06,final_test,unobserved_month,False,,,absolute_anomaly_seasonal,0.0379349179565906,Low
Afon_Ddu_BrynCowlyd,2025-07,final_test,unobserved_month,False,,,absolute_anomaly_seasonal,0.0495363213121891,Low
Afon_Ddu_BrynCowlyd,2025-08,final_test,unobserved_month,False,,,absolute_anomaly_seasonal,0.0256046019494533,Low
Afon_Ddu_BrynCowlyd,2025-09,final_test,unobserved_month,False,,,absolute_anomaly_seasonal,0.0268965102732181,Low
Afon_Ddu_BrynCowlyd,2025-10,final_test,unobserved_month,False,,,absolute_anomaly_seasonal,0.0293716005980968,Low
Afon_Ddu_BrynCowlyd,2025-11,final_test,unobserved_month,False,,,absolute_anomaly_seasonal,0.0205737315118312,Low
Afon_Ddu_BrynCowlyd,2025-12,final_test,unobserved_month,False,,,absolute_anomaly_seasonal,0.0216663815081119,Low
Afon_Ddu_BrynCowlyd,2026-01,final_test,unobserved_month,False,,,absolute_anomaly_seasonal,0.0140150673687458,Low
Afon_Ddu_BrynCowlyd,2026-02,final_test,unobserved_month,False,,,absolute_anomaly_seasonal,0.0050200819969177,Low
Afon_Ddu_BrynCowlyd,2026-03,final_test,unobserved_month,False,,,absolute_anomaly_seasonal,0.0043576844036579,Low
Afon_Ddu_BrynCowlyd,2026-04,final_test,unobserved_month,False,,,absolute_anomaly_seasonal,0.0006602443754673,Low
Afon_Ddu_BrynCowlyd,2026-05,final_test,unobserved_month,False,,,absolute_anomaly_seasonal,0.0,Low
Afon_Ddu_BrynCowlyd,2026-06,final_test,unobserved_month,False,,,absolute_anomaly_seasonal,0.0225708447396755,Low
Afon_Ddu_BrynCowlyd,2026-07,final_test,unobserved_month,False,,,absolute_anomaly_seasonal,0.0093560777604579,Low
Afon_Ddu_BrynCowlyd,2026-08,final_test,unobserved_month,False,,,absolute_anomaly_seasonal,0.014395248144865,Low
Afon_Ddu_BrynCowlyd,2026-09,final_test,unobserved_month,False,,,absolute_anomaly_seasonal,0.0184454731643199,Low
Allt_a_Choire_Burn_Tomnavoulin,2021-01,final_test,unobserved_month,False,,,absolute_anomaly_seasonal,0.0497150234878063,Low
Allt_a_Choire_Burn_Tomnavoulin,2021-02,final_test,unobserved_month,False,,,absolute_anomaly_seasonal,0.0570753999054431,Low
Allt_a_Choire_Burn_Tomnavoulin,2021-03,final_test,unobserved_month,False,,,absolute_anomaly_seasonal,0.0,Low
Allt_a_Choire_Burn_Tomnavoulin,2021-04,final_test,unobserved_month,False,,,absolute_anomaly_seasonal,0.0,Low
Allt_a_Choire_Burn_Tomnavoulin,2021-05,final_test,unobserved_month,False,,,absolute_anomaly_seasonal,0.043790441006422,Low
Allt_a_Choire_Burn_Tomnavoulin,2021-06,final_test,unobserved_month,False,,,absolute_anomaly_seasonal,0.0197966881096363,Low
Allt_a_Choire_Burn_Tomnavoulin,2021-07,final_test,unobserved_month,False,,,absolute_anomaly_seasonal,0.0654010474681854,Low
Allt_a_Choire_Burn_Tomnavoulin,2021-08,final_test,unobserved_month,False,,,absolute_anomaly_seasonal,0.0472352989017963,Low
Allt_a_Choire_Burn_Tomnavoulin,2021-09,final_test,unobserved_month,False,,,absolute_anomaly_seasonal,0.0388204790651798,Low
Allt_a_Choire_Burn_Tomnavoulin,2021-10,final_test,unobserved_month,False,,,absolute_anomaly_seasonal,0.2493239194154739,Low
Allt_a_Choire_Burn_Tomnavoulin,2021-11,final_test,unobserved_month,False,,,absolute_anomaly_seasonal,0.0828900933265686,Low
Allt_a_Choire_Burn_Tomnavoulin,2021-12,final_test,unobserved_month,False,,,absolute_anomaly_seasonal,0.0687605887651443,Low
Allt_a_Choire_Burn_Tomnavoulin,2022-01,final_test,unobserved_month,False,,,absolute_anomaly_seasonal,0.0291197635233402,Low
Allt_a_Choire_Burn_Tomnavoulin,2022-02,final_test,unobserved_month,False,,,absolute_anomaly_seasonal,0.0728876143693924,Low
Allt_a_Choire_Burn_Tomnavoulin,2022-03,final_test,unobserved_month,False,,,absolute_anomaly_seasonal,0.0245165787637233,Low
Allt_a_Choire_Burn_Tomnavoulin,2022-04,final_test,unobserved_month,False,,,absolute_anomaly_seasonal,0.0936432480812072,Low
Allt_a_Choire_Burn_Tomnavoulin,2022-05,final_test,unobserved_month,False,,,absolute_anomaly_seasonal,0.0337433852255344,Low
Allt_a_Choire_Burn_Tomnavoulin,2022-06,final_test,unobserved_month,False,,,absolute_anomaly_seasonal,0.1109238564968109,Low
Allt_a_Choire_Burn_Tomnavoulin,2022-07,final_test,unobserved_month,False,,,absolute_anomaly_seasonal,0.1662080138921737,Low
Allt_a_Choire_Burn_Tomnavoulin,2022-08,final_test,unobserved_month,False,,,absolute_anomaly_seasonal,0.1395874321460724,Low
Allt_a_Choire_Burn_Tomnavoulin,2022-09,final_test,unobserved_month,False,,,absolute_anomaly_seasonal,0.1492241621017456,Low
Allt_a_Choire_Burn_Tomnavoulin,2022-10,final_test,unobserved_month,False,,,absolute_anomaly_seasonal,0.0481623075902462,Low
Allt_a_Choire_Burn_Tomnavoulin,2022-11,final_test,unobserved_month,False,,,absolute_anomaly_seasonal,0.1194183379411697,Low
Allt_a_Choire_Burn_Tomnavoulin,2022-12,final_test,unobserved_month,False,,,absolute_anomaly_seasonal,0.1175678968429565,Low
Allt_a_Choire_Burn_Tomnavoulin,2023-01,final_test,unobserved_month,False,,,absolute_anomaly_seasonal,0.0347195602953434,Low
Allt_a_Choire_Burn_Tomnavoulin,2023-02,final_test,unobserved_month,False,,,absolute_anomaly_seasonal,0.0983259081840515,Low
Allt_a_Choire_Burn_Tomnavoulin,2023-03,final_test,unobserved_month,False,,,absolute_anomaly_seasonal,0.0139742456376552,Low
Allt_a_Choire_Burn_Tomnavoulin,2023-04,final_test,unobserved_month,False,,,absolute_anomaly_seasonal,0.0488433055579662,Low
Allt_a_Choire_Burn_Tomnavoulin,2023-05,final_test,unobserved_month,False,,,absolute_anomaly_seasonal,0.0407877229154109,Low
Allt_a_Choire_Burn_Tomnavoulin,2023-06,final_test,unobserved_month,False,,,absolute_anomaly_seasonal,0.0241623409092426,Low
Allt_a_Choire_Burn_Tomnavoulin,2023-07,final_test,unobserved_month,False,,,absolute_anomaly_seasonal,0.0843718349933624,Low
Allt_a_Choire_Burn_Tomnavoulin,2023-08,final_test,unobserved_month,False,,,absolute_anomaly_seasonal,0.0740439891815185,Low
Allt_a_Choire_Burn_Tomnavoulin,2023-09,final_test,unobserved_month,False,,,absolute_anomaly_seasonal,0.1528684645891189,Low
Allt_a_Choire_Burn_Tomnavoulin,2023-10,final_test,unobserved_month,False,,,absolute_anomaly_seasonal,0.0345357842743396,Low
Allt_a_Choire_Burn_Tomnavoulin,2023-11,final_test,unobserved_month,False,,,absolute_anomaly_seasonal,0.0891834944486618,Low
Allt_a_Choire_Burn_Tomnavoulin,2023-12,final_test,unobserved_month,False,,,absolute_anomaly_seasonal,0.036074724048376,Low
Allt_a_Choire_Burn_Tomnavoulin,2024-01,final_test,unobserved_month,False,,,absolute_anomaly_seasonal,0.0520839653909206,Low
Allt_a_Choire_Burn_Tomnavoulin,2024-02,final_test,unobserved_month,False,,,absolute_anomaly_seasonal,0.0241447128355503,Low
Allt_a_Choire_Burn_Tomnavoulin,2024-03,final_test,unobserved_month,False,,,absolute_anomaly_seasonal,0.0,Low
Allt_a_Choire_Burn_Tomnavoulin,2024-04,final_test,unobserved_month,False,,,absolute_anomaly_seasonal,0.0534044690430164,Low
Allt_a_Choire_Burn_Tomnavoulin,2024-05,final_test,unobserved_month,False,,,absolute_anomaly_seasonal,0.0159819982945919,Low
Allt_a_Choire_Burn_Tomnavoulin,2024-06,final_test,unobserved_month,False,,,absolute_anomaly_seasonal,0.0646555721759796,Low
Allt_a_Choire_Burn_Tomnavoulin,2024-07,final_test,unobserved_month,False,,,absolute_anomaly_seasonal,0.0277653522789478,Low
Allt_a_Choire_Burn_Tomnavoulin,2024-08,final_test,unobserved_month,False,,,absolute_anomaly_seasonal,0.0681176781654357,Low
Allt_a_Choire_Burn_Tomnavoulin,2024-09,final_test,unobserved_month,False,,,absolute_anomaly_seasonal,0.113081619143486,Low
Allt_a_Choire_Burn_Tomnavoulin,2024-10,final_test,unobserved_month,False,,,absolute_anomaly_seasonal,0.0925281196832656,Low
Allt_a_Choire_Burn_Tomnavoulin,2024-11,final_test,unobserved_month,False,,,absolute_anomaly_seasonal,0.0873925983905792,Low
Allt_a_Choire_Burn_Tomnavoulin,2024-12,final_test,unobserved_month,False,,,absolute_anomaly_seasonal,0.1244641542434692,Low
Allt_a_Choire_Burn_Tomnavoulin,2025-01,final_test,unobserved_month,False,,,absolute_anomaly_seasonal,0.1135942786931991,Low
Allt_a_Choire_Burn_Tomnavoulin,2025-02,final_test,unobserved_month,False,,,absolute_anomaly_seasonal,0.0195965878665447,Low
Allt_a_Choire_Burn_Tomnavoulin,2025-03,final_test,unobserved_month,False,,,absolute_anomaly_seasonal,0.0589615367352962,Low
Allt_a_Choire_Burn_Tomnavoulin,2025-04,final_test,unobserved_month,False,,,absolute_anomaly_seasonal,0.0181951634585857,Low
Allt_a_Choire_Burn_Tomnavoulin,2025-05,final_test,unobserved_month,False,,,absolute_anomaly_seasonal,0.0443678386509418,Low
Allt_a_Choire_Burn_Tomnavoulin,2025-06,final_test,unobserved_month,False,,,absolute_anomaly_seasonal,0.0389228351414203,Low
Allt_a_Choire_Burn_Tomnavoulin,2025-07,final_test,unobserved_month,False,,,absolute_anomaly_seasonal,0.1230345517396926,Low
Allt_a_Choire_Burn_Tomnavoulin,2025-08,final_test,unobserved_month,False,,,absolute_anomaly_seasonal,0.2994499206542969,Medium
Allt_a_Choire_Burn_Tomnavoulin,2025-09,final_test,unobserved_month,False,,,absolute_anomaly_seasonal,0.2638719975948334,Medium
Allt_a_Choire_Burn_Tomnavoulin,2025-10,final_test,unobserved_month,False,,,absolute_anomaly_seasonal,0.4733172059059143,Medium
Allt_a_Choire_Burn_Tomnavoulin,2025-11,final_test,unobserved_month,False,,,absolute_anomaly_seasonal,0.088985651731491,Low
Allt_a_Choire_Burn_Tomnavoulin,2025-12,final_test,unobserved_month,False,,,absolute_anomaly_seasonal,0.1337335407733917,Low
Allt_a_Choire_Burn_Tomnavoulin,2026-01,final_test,unobserved_month,False,,,absolute_anomaly_seasonal,0.1577765345573425,Low
Allt_a_Choire_Burn_Tomnavoulin,2026-02,final_test,unobserved_month,False,,,absolute_anomaly_seasonal,0.0224441401660442,Low
Allt_a_Choire_Burn_Tomnavoulin,2026-03,final_test,unobserved_month,False,,,absolute_anomaly_seasonal,0.0314042009413242,Low
Allt_a_Choire_Burn_Tomnavoulin,2026-04,final_test,unobserved_month,False,,,absolute_anomaly_seasonal,0.056007545441389,Low
Allt_a_Choire_Burn_Tomnavoulin,2026-05,final_test,unobserved_month,False,,,absolute_anomaly_seasonal,0.0587509982287883,Low
Allt_a_Choire_Burn_Tomnavoulin,2026-06,final_test,unobserved_month,False,,,absolute_anomaly_seasonal,0.0106910653412342,Low
Allt_a_Choire_Burn_Tomnavoulin,2026-07,final_test,unobserved_month,False,,,absolute_anomaly_seasonal,0.0555639080703258,Low
Allt_a_Choire_Burn_Tomnavoulin,2026-08,final_test,unobserved_month,False,,,absolute_anomaly_seasonal,0.1966708600521087,Low
Allt_a_Choire_Burn_Tomnavoulin,2026-09,final_test,unobserved_month,False,,,absolute_anomaly_seasonal,0.0704944282770156,Low
RIver_Kennet_Fobney,2021-01,final_test,observed_target,True,0.4833333333333333,Medium,absolute_anomaly_seasonal,0.6654259562492371,High
RIver_Kennet_Fobney,2021-02,final_test,observed_target,True,0.1,Low,absolute_anomaly_seasonal,0.2891834676265716,Medium
RIver_Kennet_Fobney,2021-03,final_test,observed_target,True,0.0714285714285714,Low,absolute_anomaly_seasonal,0.2964372336864471,Medium
RIver_Kennet_Fobney,2021-04,final_test,observed_target,True,0.1428571428571428,Low,absolute_anomaly_seasonal,0.052305843681097,Low
RIver_Kennet_Fobney,2021-05,final_test,observed_target,True,0.42,Medium,absolute_anomaly_seasonal,0.3042605221271515,Medium
RIver_Kennet_Fobney,2021-06,final_test,observed_target,True,0.45125,Medium,absolute_anomaly_seasonal,0.0813689976930618,Low
RIver_Kennet_Fobney,2021-07,final_test,observed_target,True,0.05,Low,absolute_anomaly_seasonal,0.1354785561561584,Low
RIver_Kennet_Fobney,2021-08,final_test,observed_target,True,0.1,Low,absolute_anomaly_seasonal,0.0395504273474216,Low
RIver_Kennet_Fobney,2021-09,final_test,observed_target,True,0.0666666666666666,Low,absolute_anomaly_seasonal,0.0972488969564437,Low
RIver_Kennet_Fobney,2021-10,final_test,observed_target,True,0.435,Medium,absolute_anomaly_seasonal,0.4370898902416229,Medium
RIver_Kennet_Fobney,2021-11,final_test,unobserved_month,False,,,absolute_anomaly_seasonal,0.5165671110153198,High
RIver_Kennet_Fobney,2021-12,final_test,unobserved_month,False,,,absolute_anomaly_seasonal,0.9572452902793884,High
RIver_Kennet_Fobney,2022-01,final_test,observed_target,True,0.075,Low,absolute_anomaly_seasonal,0.5041830539703369,High
RIver_Kennet_Fobney,2022-02,final_test,observed_target,True,0.2,Low,absolute_anomaly_seasonal,0.1719277501106262,Low
RIver_Kennet_Fobney,2022-03,final_test,observed_target,True,0.175,Low,absolute_anomaly_seasonal,0.1976794302463531,Low
RIver_Kennet_Fobney,2022-04,final_test,observed_target,True,0.3025,Medium,absolute_anomaly_seasonal,0.1808922737836837,Low
RIver_Kennet_Fobney,2022-05,final_test,observed_target,True,0.18,Low,absolute_anomaly_seasonal,0.1587627828121185,Low
RIver_Kennet_Fobney,2022-06,final_test,unobserved_month,False,,,absolute_anomaly_seasonal,0.0167090333998203,Low
RIver_Kennet_Fobney,2022-07,final_test,unobserved_month,False,,,absolute_anomaly_seasonal,0.0600959472358226,Low
RIver_Kennet_Fobney,2022-08,final_test,unobserved_month,False,,,absolute_anomaly_seasonal,0.0269850082695484,Low
RIver_Kennet_Fobney,2022-09,final_test,unobserved_month,False,,,absolute_anomaly_seasonal,0.1046126037836074,Low
RIver_Kennet_Fobney,2022-10,final_test,observed_target,True,0.02,Low,absolute_anomaly_seasonal,0.4216043949127197,Medium
RIver_Kennet_Fobney,2022-11,final_test,observed_target,True,0.4675,Medium,absolute_anomaly_seasonal,0.6590682864189148,High
RIver_Kennet_Fobney,2022-12,final_test,unobserved_month,False,,,absolute_anomaly_seasonal,0.6711360216140747,High
RIver_Kennet_Fobney,2023-01,final_test,observed_target,True,2.325,High,absolute_anomaly_seasonal,0.5672276020050049,High
RIver_Kennet_Fobney,2023-02,final_test,unobserved_month,False,,,absolute_anomaly_seasonal,1.0198512077331543,High
RIver_Kennet_Fobney,2023-03,final_test,observed_target,True,0.14,Low,absolute_anomaly_seasonal,0.3125616312026977,Medium
RIver_Kennet_Fobney,2023-04,final_test,unobserved_month,False,,,absolute_anomaly_seasonal,0.2162522226572036,Low
RIver_Kennet_Fobney,2023-05,final_test,observed_target,True,0.325,Medium,absolute_anomaly_seasonal,0.4952370524406433,Medium
RIver_Kennet_Fobney,2023-06,final_test,observed_target,True,0.125,Low,absolute_anomaly_seasonal,0.0970736145973205,Low
RIver_Kennet_Fobney,2023-07,final_test,unobserved_month,False,,,absolute_anomaly_seasonal,0.0759890973567962,Low
RIver_Kennet_Fobney,2023-08,final_test,unobserved_month,False,,,absolute_anomaly_seasonal,0.11521577835083,Low
RIver_Kennet_Fobney,2023-09,final_test,observed_target,True,0.12,Low,absolute_anomaly_seasonal,0.1939612329006195,Low
RIver_Kennet_Fobney,2023-10,final_test,observed_target,True,0.9785714285714286,High,absolute_anomaly_seasonal,0.1397052258253097,Low
RIver_Kennet_Fobney,2023-11,final_test,observed_target,True,0.8428571428571429,High,absolute_anomaly_seasonal,1.4807409048080444,High
RIver_Kennet_Fobney,2023-12,final_test,unobserved_month,False,,,absolute_anomaly_seasonal,0.4068922996520996,Medium
RIver_Kennet_Fobney,2024-01,final_test,observed_target,True,1.2166666666666666,High,absolute_anomaly_seasonal,0.4939625859260559,Medium
RIver_Kennet_Fobney,2024-02,final_test,observed_target,True,0.26,Medium,absolute_anomaly_seasonal,0.5423181653022766,High
RIver_Kennet_Fobney,2024-03,final_test,observed_target,True,0.1,Low,absolute_anomaly_seasonal,0.4405376613140106,Medium
RIver_Kennet_Fobney,2024-04,final_test,unobserved_month,False,,,absolute_anomaly_seasonal,0.2152730971574783,Low
RIver_Kennet_Fobney,2024-05,final_test,unobserved_month,False,,,absolute_anomaly_seasonal,0.3883149027824402,Medium
RIver_Kennet_Fobney,2024-06,final_test,unobserved_month,False,,,absolute_anomaly_seasonal,0.2880085408687591,Medium
RIver_Kennet_Fobney,2024-07,final_test,unobserved_month,False,,,absolute_anomaly_seasonal,0.2482614666223526,Low
RIver_Kennet_Fobney,2024-08,final_test,unobserved_month,False,,,absolute_anomaly_seasonal,0.1438739448785781,Low
RIver_Kennet_Fobney,2024-09,final_test,unobserved_month,False,,,absolute_anomaly_seasonal,0.1132276207208633,Low
RIver_Kennet_Fobney,2024-10,final_test,unobserved_month,False,,,absolute_anomaly_seasonal,0.3807031512260437,Medium
RIver_Kennet_Fobney,2024-11,final_test,unobserved_month,False,,,absolute_anomaly_seasonal,0.673337459564209,High
RIver_Kennet_Fobney,2024-12,final_test,unobserved_month,False,,,absolute_anomaly_seasonal,1.1350566148757937,High
RIver_Kennet_Fobney,2025-01,final_test,unobserved_month,False,,,absolute_anomaly_seasonal,0.307274729013443,Medium
RIver_Kennet_Fobney,2025-02,final_test,unobserved_month,False,,,absolute_anomaly_seasonal,0.2154534012079239,Low
RIver_Kennet_Fobney,2025-03,final_test,unobserved_month,False,,,absolute_anomaly_seasonal,0.2091095298528671,Low
RIver_Kennet_Fobney,2025-04,final_test,unobserved_month,False,,,absolute_anomaly_seasonal,0.1169521659612655,Low
RIver_Kennet_Fobney,2025-05,final_test,unobserved_month,False,,,absolute_anomaly_seasonal,0.0823052078485488,Low
RIver_Kennet_Fobney,2025-06,final_test,unobserved_month,False,,,absolute_anomaly_seasonal,0.0517972745001316,Low
RIver_Kennet_Fobney,2025-07,final_test,unobserved_month,False,,,absolute_anomaly_seasonal,0.0929617583751678,Low
RIver_Kennet_Fobney,2025-08,final_test,unobserved_month,False,,,absolute_anomaly_seasonal,0.0232764221727848,Low
RIver_Kennet_Fobney,2025-09,final_test,unobserved_month,False,,,absolute_anomaly_seasonal,0.0338692851364612,Low
RIver_Kennet_Fobney,2025-10,final_test,unobserved_month,False,,,absolute_anomaly_seasonal,0.0568111799657344,Low
RIver_Kennet_Fobney,2025-11,final_test,unobserved_month,False,,,absolute_anomaly_seasonal,0.2982189357280731,Medium
RIver_Kennet_Fobney,2025-12,final_test,unobserved_month,False,,,absolute_anomaly_seasonal,0.2534677386283874,Medium
RIver_Kennet_Fobney,2026-01,final_test,unobserved_month,False,,,absolute_anomaly_seasonal,1.4061673879623413,High
RIver_Kennet_Fobney,2026-02,final_test,unobserved_month,False,,,absolute_anomaly_seasonal,0.1468970328569412,Low
RIver_Kennet_Fobney,2026-03,final_test,unobserved_month,False,,,absolute_anomaly_seasonal,0.0473332963883876,Low
RIver_Kennet_Fobney,2026-04,final_test,unobserved_month,False,,,absolute_anomaly_seasonal,0.2142020910978317,Low
RIver_Kennet_Fobney,2026-05,final_test,unobserved_month,False,,,absolute_anomaly_seasonal,0.2681481540203094,Medium
RIver_Kennet_Fobney,2026-06,final_test,unobserved_month,False,,,absolute_anomaly_seasonal,0.2951720952987671,Medium
RIver_Kennet_Fobney,2026-07,final_test,unobserved_month,False,,,absolute_anomaly_seasonal,0.4458869695663452,Medium
RIver_Kennet_Fobney,2026-08,final_test,unobserved_month,False,,,absolute_anomaly_seasonal,0.147819846868515,Low
RIver_Kennet_Fobney,2026-09,final_test,unobserved_month,False,,,absolute_anomaly_seasonal,0.2709933519363403,Medium
River_Blackwater_Langford,2021-01,final_test,observed_target,True,0.2947368421052631,Medium,absolute_anomaly_seasonal,0.2229308933019638,Low
River_Blackwater_Langford,2021-02,final_test,unobserved_month,False,,,absolute_anomaly_seasonal,0.2901316285133362,Medium
River_Blackwater_Langford,2021-03,final_test,observed_target,True,0.1565217391304348,Low,absolute_anomaly_seasonal,0.2441487461328506,Low
River_Blackwater_Langford,2021-04,final_test,observed_target,True,0.1928571428571428,Low,absolute_anomaly_seasonal,0.1482470482587814,Low
River_Blackwater_Langford,2021-05,final_test,observed_target,True,0.18,Low,absolute_anomaly_seasonal,0.1903228610754013,Low
River_Blackwater_Langford,2021-06,final_test,observed_target,True,0.1,Low,absolute_anomaly_seasonal,0.0797625929117202,Low
River_Blackwater_Langford,2021-07,final_test,observed_target,True,0.22,Low,absolute_anomaly_seasonal,0.0889018028974533,Low
River_Blackwater_Langford,2021-08,final_test,observed_target,True,0.14375,Low,absolute_anomaly_seasonal,0.0940002053976059,Low
River_Blackwater_Langford,2021-09,final_test,observed_target,True,0.1142857142857143,Low,absolute_anomaly_seasonal,0.1248107701539993,Low
River_Blackwater_Langford,2021-10,final_test,observed_target,True,0.12,Low,absolute_anomaly_seasonal,0.2581201791763305,Medium
River_Blackwater_Langford,2021-11,final_test,observed_target,True,0.18,Low,absolute_anomaly_seasonal,0.1652261316776275,Low
River_Blackwater_Langford,2021-12,final_test,observed_target,True,0.2928571428571428,Medium,absolute_anomaly_seasonal,0.3269127905368805,Medium
River_Blackwater_Langford,2022-01,final_test,observed_target,True,0.1999999999999999,Low,absolute_anomaly_seasonal,0.2283950597047805,Low
River_Blackwater_Langford,2022-02,final_test,observed_target,True,0.025,Low,absolute_anomaly_seasonal,0.2208137065172195,Low
River_Blackwater_Langford,2022-03,final_test,observed_target,True,0.0571428571428571,Low,absolute_anomaly_seasonal,0.0880706310272216,Low
River_Blackwater_Langford,2022-04,final_test,observed_target,True,0.075,Low,absolute_anomaly_seasonal,0.1197756826877594,Low
River_Blackwater_Langford,2022-05,final_test,observed_target,True,0.0142857142857142,Low,absolute_anomaly_seasonal,0.04245251044631,Low
River_Blackwater_Langford,2022-06,final_test,observed_target,True,0.0916666666666666,Low,absolute_anomaly_seasonal,0.0367156378924846,Low
River_Blackwater_Langford,2022-07,final_test,observed_target,True,0.0499999999999999,Low,absolute_anomaly_seasonal,0.0028626061975955,Low
River_Blackwater_Langford,2022-08,final_test,observed_target,True,0.0785714285714285,Low,absolute_anomaly_seasonal,0.0290684215724468,Low
River_Blackwater_Langford,2022-09,final_test,observed_target,True,0.0615384615384615,Low,absolute_anomaly_seasonal,0.0715702325105667,Low
River_Blackwater_Langford,2022-10,final_test,observed_target,True,0.1923076923076923,Low,absolute_anomaly_seasonal,0.1861042231321334,Low
River_Blackwater_Langford,2022-11,final_test,observed_target,True,0.3307692307692307,Medium,absolute_anomaly_seasonal,0.1873896718025207,Low
River_Blackwater_Langford,2022-12,final_test,observed_target,True,0.5,Medium,absolute_anomaly_seasonal,0.2473377436399459,Low
River_Blackwater_Langford,2023-01,final_test,observed_target,True,0.5076923076923078,High,absolute_anomaly_seasonal,0.2134939283132553,Low
River_Blackwater_Langford,2023-02,final_test,observed_target,True,0.1833333333333333,Low,absolute_anomaly_seasonal,0.0666272640228271,Low
River_Blackwater_Langford,2023-03,final_test,observed_target,True,0.1428571428571428,Low,absolute_anomaly_seasonal,0.1104511618614196,Low
River_Blackwater_Langford,2023-04,final_test,observed_target,True,0.125,Low,absolute_anomaly_seasonal,0.1008916497230529,Low
River_Blackwater_Langford,2023-05,final_test,observed_target,True,0.0642857142857143,Low,absolute_anomaly_seasonal,0.2310370653867721,Low
River_Blackwater_Langford,2023-06,final_test,observed_target,True,0.123076923076923,Low,absolute_anomaly_seasonal,0.0750533193349838,Low
River_Blackwater_Langford,2023-07,final_test,observed_target,True,0.1615384615384615,Low,absolute_anomaly_seasonal,0.0710127204656601,Low
River_Blackwater_Langford,2023-08,final_test,observed_target,True,0.1307692307692307,Low,absolute_anomaly_seasonal,0.101077139377594,Low
River_Blackwater_Langford,2023-09,final_test,observed_target,True,0.1923076923076923,Low,absolute_anomaly_seasonal,0.0848840922117233,Low
River_Blackwater_Langford,2023-10,final_test,observed_target,True,0.3538461538461538,Medium,absolute_anomaly_seasonal,0.2416692227125167,Low
River_Blackwater_Langford,2023-11,final_test,observed_target,True,0.6384615384615385,High,absolute_anomaly_seasonal,0.3070185780525207,Medium
River_Blackwater_Langford,2023-12,final_test,observed_target,True,0.3153846153846154,Medium,absolute_anomaly_seasonal,0.4180658757686615,Medium
River_Blackwater_Langford,2024-01,final_test,observed_target,True,0.1714285714285714,Low,absolute_anomaly_seasonal,0.2544939815998077,Medium
River_Blackwater_Langford,2024-02,final_test,observed_target,True,0.0666666666666666,Low,absolute_anomaly_seasonal,0.1948471516370773,Low
River_Blackwater_Langford,2024-03,final_test,observed_target,True,0.0692307692307692,Low,absolute_anomaly_seasonal,0.1022026091814041,Low
River_Blackwater_Langford,2024-04,final_test,observed_target,True,0.0384615384615384,Low,absolute_anomaly_seasonal,0.1212686598300933,Low
River_Blackwater_Langford,2024-05,final_test,observed_target,True,0.0285714285714285,Low,absolute_anomaly_seasonal,0.0470353700220584,Low
River_Blackwater_Langford,2024-06,final_test,observed_target,True,0.125,Low,absolute_anomaly_seasonal,0.1188582628965377,Low
River_Blackwater_Langford,2024-07,final_test,observed_target,True,0.1785714285714285,Low,absolute_anomaly_seasonal,0.069050595164299,Low
River_Blackwater_Langford,2024-08,final_test,observed_target,True,0.0615384615384615,Low,absolute_anomaly_seasonal,0.1271753311157226,Low
River_Blackwater_Langford,2024-09,final_test,observed_target,True,0.1076923076923076,Low,absolute_anomaly_seasonal,0.0860463827848434,Low
River_Blackwater_Langford,2024-10,final_test,observed_target,True,0.0769230769230769,Low,absolute_anomaly_seasonal,0.2857037186622619,Medium
River_Blackwater_Langford,2024-11,final_test,observed_target,True,0.23,Low,absolute_anomaly_seasonal,0.1826446652412414,Low
River_Blackwater_Langford,2024-12,final_test,unobserved_month,False,,,absolute_anomaly_seasonal,0.3155174255371094,Medium
River_Blackwater_Langford,2025-01,final_test,unobserved_month,False,,,absolute_anomaly_seasonal,0.2689600586891174,Medium
River_Blackwater_Langford,2025-02,final_test,unobserved_month,False,,,absolute_anomaly_seasonal,0.11104516685009,Low
River_Blackwater_Langford,2025-03,final_test,unobserved_month,False,,,absolute_anomaly_seasonal,0.1259249895811081,Low
River_Blackwater_Langford,2025-04,final_test,unobserved_month,False,,,absolute_anomaly_seasonal,0.1075432896614074,Low
River_Blackwater_Langford,2025-05,final_test,unobserved_month,False,,,absolute_anomaly_seasonal,0.0557735376060009,Low
River_Blackwater_Langford,2025-06,final_test,unobserved_month,False,,,absolute_anomaly_seasonal,0.04582354798913,Low
River_Blackwater_Langford,2025-07,final_test,unobserved_month,False,,,absolute_anomaly_seasonal,0.0242833755910396,Low
River_Blackwater_Langford,2025-08,final_test,unobserved_month,False,,,absolute_anomaly_seasonal,0.0572953857481479,Low
River_Blackwater_Langford,2025-09,final_test,unobserved_month,False,,,absolute_anomaly_seasonal,0.0598434619605541,Low
River_Blackwater_Langford,2025-10,final_test,unobserved_month,False,,,absolute_anomaly_seasonal,0.3126044273376465,Medium
River_Blackwater_Langford,2025-11,final_test,unobserved_month,False,,,absolute_anomaly_seasonal,0.2741999924182892,Medium
River_Blackwater_Langford,2025-12,final_test,unobserved_month,False,,,absolute_anomaly_seasonal,0.3302290439605713,Medium
River_Blackwater_Langford,2026-01,final_test,unobserved_month,False,,,absolute_anomaly_seasonal,0.3665297031402588,Medium
River_Blackwater_Langford,2026-02,final_test,unobserved_month,False,,,absolute_anomaly_seasonal,0.1592309176921844,Low
River_Blackwater_Langford,2026-03,final_test,unobserved_month,False,,,absolute_anomaly_seasonal,0.1278838515281677,Low
River_Blackwater_Langford,2026-04,final_test,unobserved_month,False,,,absolute_anomaly_seasonal,0.1139686405658721,Low
River_Blackwater_Langford,2026-05,final_test,unobserved_month,False,,,absolute_anomaly_seasonal,0.0831575542688369,Low
River_Blackwater_Langford,2026-06,final_test,unobserved_month,False,,,absolute_anomaly_seasonal,0.091197982430458,Low
River_Blackwater_Langford,2026-07,final_test,unobserved_month,False,,,absolute_anomaly_seasonal,0.0390356741845607,Low
River_Blackwater_Langford,2026-08,final_test,unobserved_month,False,,,absolute_anomaly_seasonal,0.0855548679828643,Low
River_Blackwater_Langford,2026-09,final_test,unobserved_month,False,,,absolute_anomaly_seasonal,0.1305331885814666,Low
River_Bure_Belaugh,2021-01,final_test,observed_target,True,0.125,Low,absolute_anomaly_seasonal,0.0299763493239879,Low
River_Bure_Belaugh,2021-02,final_test,observed_target,True,0.025,Low,absolute_anomaly_seasonal,0.024614680558443,Low
River_Bure_Belaugh,2021-03,final_test,observed_target,True,0.0,Low,absolute_anomaly_seasonal,0.0218893028795719,Low
River_Bure_Belaugh,2021-04,final_test,observed_target,True,0.0,Low,absolute_anomaly_seasonal,0.0220570899546146,Low
River_Bure_Belaugh,2021-05,final_test,observed_target,True,0.0,Low,absolute_anomaly_seasonal,0.0026838406920433,Low
River_Bure_Belaugh,2021-06,final_test,observed_target,True,0.0,Low,absolute_anomaly_seasonal,0.0094530172646045,Low
River_Bure_Belaugh,2021-07,final_test,observed_target,True,0.0,Low,absolute_anomaly_seasonal,0.0028946250677108,Low
River_Bure_Belaugh,2021-08,final_test,observed_target,True,0.0,Low,absolute_anomaly_seasonal,0.0,Low
River_Bure_Belaugh,2021-09,final_test,observed_target,True,0.0,Low,absolute_anomaly_seasonal,0.0,Low
River_Bure_Belaugh,2021-10,final_test,observed_target,True,0.1999999999999999,Low,absolute_anomaly_seasonal,0.0106387808918952,Low
River_Bure_Belaugh,2021-11,final_test,observed_target,True,0.0,Low,absolute_anomaly_seasonal,0.0756300240755081,Low
River_Bure_Belaugh,2021-12,final_test,observed_target,True,0.0,Low,absolute_anomaly_seasonal,0.0255561582744121,Low
River_Bure_Belaugh,2022-01,final_test,observed_target,True,0.05,Low,absolute_anomaly_seasonal,0.0877021998167038,Low
River_Bure_Belaugh,2022-02,final_test,observed_target,True,0.05,Low,absolute_anomaly_seasonal,0.0358620323240757,Low
River_Bure_Belaugh,2022-03,final_test,observed_target,True,0.0,Low,absolute_anomaly_seasonal,0.0195465423166751,Low
River_Bure_Belaugh,2022-04,final_test,observed_target,True,0.025,Low,absolute_anomaly_seasonal,0.0,Low
River_Bure_Belaugh,2022-05,final_test,observed_target,True,0.02,Low,absolute_anomaly_seasonal,0.0295977927744388,Low
River_Bure_Belaugh,2022-06,final_test,observed_target,True,0.0,Low,absolute_anomaly_seasonal,0.010363396257162,Low
River_Bure_Belaugh,2022-07,final_test,observed_target,True,0.0,Low,absolute_anomaly_seasonal,0.0398287065327167,Low
River_Bure_Belaugh,2022-08,final_test,observed_target,True,0.0,Low,absolute_anomaly_seasonal,0.0,Low
River_Bure_Belaugh,2022-09,final_test,observed_target,True,0.0,Low,absolute_anomaly_seasonal,0.0363455899059772,Low
River_Bure_Belaugh,2022-10,final_test,observed_target,True,0.025,Low,absolute_anomaly_seasonal,0.0321945883333683,Low
River_Bure_Belaugh,2022-11,final_test,observed_target,True,0.08,Low,absolute_anomaly_seasonal,0.0405654497444629,Low
River_Bure_Belaugh,2022-12,final_test,observed_target,True,0.075,Low,absolute_anomaly_seasonal,0.0427120067179203,Low
River_Bure_Belaugh,2023-01,final_test,unobserved_month,False,,,absolute_anomaly_seasonal,0.0933311283588409,Low
River_Bure_Belaugh,2023-02,final_test,observed_target,True,0.125,Low,absolute_anomaly_seasonal,0.0825624912977218,Low
River_Bure_Belaugh,2023-03,final_test,observed_target,True,0.05,Low,absolute_anomaly_seasonal,0.0286121480166912,Low
River_Bure_Belaugh,2023-04,final_test,observed_target,True,0.0,Low,absolute_anomaly_seasonal,0.0293953157961368,Low
River_Bure_Belaugh,2023-05,final_test,observed_target,True,0.02,Low,absolute_anomaly_seasonal,0.0062317326664924,Low
River_Bure_Belaugh,2023-06,final_test,observed_target,True,0.025,Low,absolute_anomaly_seasonal,0.0239434204995632,Low
River_Bure_Belaugh,2023-07,final_test,observed_target,True,0.0,Low,absolute_anomaly_seasonal,0.0281151495873928,Low
River_Bure_Belaugh,2023-08,final_test,observed_target,True,0.0,Low,absolute_anomaly_seasonal,0.0081615336239337,Low
River_Bure_Belaugh,2023-09,final_test,observed_target,True,0.0,Low,absolute_anomaly_seasonal,0.0069556646049022,Low
River_Bure_Belaugh,2023-10,final_test,observed_target,True,0.06,Low,absolute_anomaly_seasonal,0.0636034607887268,Low
River_Bure_Belaugh,2023-11,final_test,observed_target,True,0.0,Low,absolute_anomaly_seasonal,0.0955339074134826,Low
River_Bure_Belaugh,2023-12,final_test,observed_target,True,0.0,Low,absolute_anomaly_seasonal,0.116274893283844,Low
River_Bure_Belaugh,2024-01,final_test,observed_target,True,0.12,Low,absolute_anomaly_seasonal,0.1658600121736526,Low
River_Bure_Belaugh,2024-02,final_test,observed_target,True,0.05,Low,absolute_anomaly_seasonal,0.0125395245850086,Low
River_Bure_Belaugh,2024-03,final_test,observed_target,True,0.05,Low,absolute_anomaly_seasonal,0.019053678959608,Low
River_Bure_Belaugh,2024-04,final_test,observed_target,True,0.025,Low,absolute_anomaly_seasonal,0.0293591953814029,Low
River_Bure_Belaugh,2024-05,final_test,observed_target,True,0.0,Low,absolute_anomaly_seasonal,0.0058898366987705,Low
River_Bure_Belaugh,2024-06,final_test,observed_target,True,0.1,Low,absolute_anomaly_seasonal,0.0241799987852573,Low
River_Bure_Belaugh,2024-07,final_test,observed_target,True,0.0,Low,absolute_anomaly_seasonal,0.0421286858618259,Low
River_Bure_Belaugh,2024-08,final_test,observed_target,True,0.075,Low,absolute_anomaly_seasonal,0.0567964874207973,Low
River_Bure_Belaugh,2024-09,final_test,observed_target,True,0.05,Low,absolute_anomaly_seasonal,0.0253108106553554,Low
River_Bure_Belaugh,2024-10,final_test,observed_target,True,0.0,Low,absolute_anomaly_seasonal,0.0133371762931346,Low
River_Bure_Belaugh,2024-11,final_test,unobserved_month,False,,,absolute_anomaly_seasonal,0.0184837840497493,Low
River_Bure_Belaugh,2024-12,final_test,unobserved_month,False,,,absolute_anomaly_seasonal,0.0272754691541194,Low
River_Bure_Belaugh,2025-01,final_test,unobserved_month,False,,,absolute_anomaly_seasonal,0.0555624552071094,Low
River_Bure_Belaugh,2025-02,final_test,unobserved_month,False,,,absolute_anomaly_seasonal,0.0055726952850818,Low
River_Bure_Belaugh,2025-03,final_test,unobserved_month,False,,,absolute_anomaly_seasonal,0.0239091552793979,Low
River_Bure_Belaugh,2025-04,final_test,unobserved_month,False,,,absolute_anomaly_seasonal,0.017635878175497,Low
River_Bure_Belaugh,2025-05,final_test,unobserved_month,False,,,absolute_anomaly_seasonal,0.0,Low
River_Bure_Belaugh,2025-06,final_test,unobserved_month,False,,,absolute_anomaly_seasonal,0.0,Low
River_Bure_Belaugh,2025-07,final_test,unobserved_month,False,,,absolute_anomaly_seasonal,0.0,Low
River_Bure_Belaugh,2025-08,final_test,unobserved_month,False,,,absolute_anomaly_seasonal,0.025016825646162,Low
River_Bure_Belaugh,2025-09,final_test,unobserved_month,False,,,absolute_anomaly_seasonal,0.0321806780993938,Low
River_Bure_Belaugh,2025-10,final_test,unobserved_month,False,,,absolute_anomaly_seasonal,0.0378953255712986,Low
River_Bure_Belaugh,2025-11,final_test,unobserved_month,False,,,absolute_anomaly_seasonal,0.0536506287753582,Low
River_Bure_Belaugh,2025-12,final_test,unobserved_month,False,,,absolute_anomaly_seasonal,0.1662739813327789,Low
River_Bure_Belaugh,2026-01,final_test,unobserved_month,False,,,absolute_anomaly_seasonal,0.0527979843318462,Low
River_Bure_Belaugh,2026-02,final_test,unobserved_month,False,,,absolute_anomaly_seasonal,0.0838168710470199,Low
River_Bure_Belaugh,2026-03,final_test,unobserved_month,False,,,absolute_anomaly_seasonal,0.011505402624607,Low
River_Bure_Belaugh,2026-04,final_test,unobserved_month,False,,,absolute_anomaly_seasonal,0.017770942300558,Low
River_Bure_Belaugh,2026-05,final_test,unobserved_month,False,,,absolute_anomaly_seasonal,0.0046040117740631,Low
River_Bure_Belaugh,2026-06,final_test,unobserved_month,False,,,absolute_anomaly_seasonal,0.0068554021418094,Low
River_Bure_Belaugh,2026-07,final_test,unobserved_month,False,,,absolute_anomaly_seasonal,0.0046445727348327,Low
River_Bure_Belaugh,2026-08,final_test,unobserved_month,False,,,absolute_anomaly_seasonal,0.0404918976128101,Low
River_Bure_Belaugh,2026-09,final_test,unobserved_month,False,,,absolute_anomaly_seasonal,0.0385395474731922,Low
River_Chelmer_Langford,2021-01,final_test,observed_target,True,0.3105263157894737,Medium,absolute_anomaly_seasonal,0.4484165012836456,Medium
River_Chelmer_Langford,2021-02,final_test,unobserved_month,False,,,absolute_anomaly_seasonal,0.3736281096935272,Medium
River_Chelmer_Langford,2021-03,final_test,observed_target,True,0.0739130434782608,Low,absolute_anomaly_seasonal,0.1774484813213348,Low
River_Chelmer_Langford,2021-04,final_test,observed_target,True,0.0571428571428571,Low,absolute_anomaly_seasonal,0.073867380619049,Low
River_Chelmer_Langford,2021-05,final_test,observed_target,True,0.1066666666666666,Low,absolute_anomaly_seasonal,0.1631049364805221,Low
River_Chelmer_Langford,2021-06,final_test,observed_target,True,0.023076923076923,Low,absolute_anomaly_seasonal,0.041158240288496,Low
River_Chelmer_Langford,2021-07,final_test,observed_target,True,0.06875,Low,absolute_anomaly_seasonal,0.0389857627451419,Low
River_Chelmer_Langford,2021-08,final_test,observed_target,True,0.03125,Low,absolute_anomaly_seasonal,0.0994257479906082,Low
River_Chelmer_Langford,2021-09,final_test,observed_target,True,0.05,Low,absolute_anomaly_seasonal,0.0315282754600048,Low
River_Chelmer_Langford,2021-10,final_test,observed_target,True,0.0666666666666666,Low,absolute_anomaly_seasonal,0.1036810427904129,Low
River_Chelmer_Langford,2021-11,final_test,observed_target,True,0.0466666666666666,Low,absolute_anomaly_seasonal,0.1038337498903274,Low
River_Chelmer_Langford,2021-12,final_test,observed_target,True,0.1785714285714285,Low,absolute_anomaly_seasonal,0.1757183820009231,Low
River_Chelmer_Langford,2022-01,final_test,observed_target,True,0.1083333333333333,Low,absolute_anomaly_seasonal,0.2977608144283294,Medium
River_Chelmer_Langford,2022-02,final_test,observed_target,True,0.0833333333333333,Low,absolute_anomaly_seasonal,0.1293765008449554,Low
River_Chelmer_Langford,2022-03,final_test,observed_target,True,0.0857142857142857,Low,absolute_anomaly_seasonal,0.0600784681737422,Low
River_Chelmer_Langford,2022-04,final_test,observed_target,True,0.0166666666666666,Low,absolute_anomaly_seasonal,0.0599525310099124,Low
River_Chelmer_Langford,2022-05,final_test,observed_target,True,0.0214285714285714,Low,absolute_anomaly_seasonal,0.0748928040266037,Low
River_Chelmer_Langford,2022-06,final_test,observed_target,True,0.0333333333333333,Low,absolute_anomaly_seasonal,0.0125692524015903,Low
River_Chelmer_Langford,2022-07,final_test,observed_target,True,0.0,Low,absolute_anomaly_seasonal,0.0,Low
River_Chelmer_Langford,2022-08,final_test,observed_target,True,0.0857142857142857,Low,absolute_anomaly_seasonal,0.0,Low
River_Chelmer_Langford,2022-09,final_test,observed_target,True,0.0769230769230769,Low,absolute_anomaly_seasonal,0.0518595986068248,Low
River_Chelmer_Langford,2022-10,final_test,observed_target,True,0.0538461538461538,Low,absolute_anomaly_seasonal,0.1265691965818405,Low
River_Chelmer_Langford,2022-11,final_test,observed_target,True,0.3153846153846154,Medium,absolute_anomaly_seasonal,0.10611592233181,Low
River_Chelmer_Langford,2022-12,final_test,observed_target,True,0.4615384615384615,Medium,absolute_anomaly_seasonal,0.1621930748224258,Low
River_Chelmer_Langford,2023-01,final_test,observed_target,True,0.5153846153846154,High,absolute_anomaly_seasonal,0.10115647315979,Low
River_Chelmer_Langford,2023-02,final_test,observed_target,True,0.1416666666666667,Low,absolute_anomaly_seasonal,0.0669596791267395,Low
River_Chelmer_Langford,2023-03,final_test,observed_target,True,0.1285714285714286,Low,absolute_anomaly_seasonal,0.1249178797006607,Low
River_Chelmer_Langford,2023-04,final_test,observed_target,True,0.1999999999999999,Low,absolute_anomaly_seasonal,0.040760587900877,Low
River_Chelmer_Langford,2023-05,final_test,observed_target,True,0.0857142857142857,Low,absolute_anomaly_seasonal,0.0504009835422039,Low
River_Chelmer_Langford,2023-06,final_test,observed_target,True,0.1615384615384615,Low,absolute_anomaly_seasonal,0.0547791309654712,Low
River_Chelmer_Langford,2023-07,final_test,observed_target,True,0.0538461538461538,Low,absolute_anomaly_seasonal,0.0491035841405391,Low
River_Chelmer_Langford,2023-08,final_test,observed_target,True,0.0307692307692307,Low,absolute_anomaly_seasonal,0.0327420495450496,Low
River_Chelmer_Langford,2023-09,final_test,observed_target,True,0.0384615384615384,Low,absolute_anomaly_seasonal,0.0632559359073638,Low
River_Chelmer_Langford,2023-10,final_test,observed_target,True,0.1692307692307692,Low,absolute_anomaly_seasonal,0.104631096124649,Low
River_Chelmer_Langford,2023-11,final_test,observed_target,True,0.4076923076923077,Medium,absolute_anomaly_seasonal,0.2042694240808487,Low
River_Chelmer_Langford,2023-12,final_test,observed_target,True,0.3461538461538461,Medium,absolute_anomaly_seasonal,0.3041078150272369,Medium
River_Chelmer_Langford,2024-01,final_test,observed_target,True,0.1571428571428571,Low,absolute_anomaly_seasonal,0.2565545737743377,Medium
River_Chelmer_Langford,2024-02,final_test,observed_target,True,0.0833333333333333,Low,absolute_anomaly_seasonal,0.2179266661405563,Low
River_Chelmer_Langford,2024-03,final_test,observed_target,True,0.0769230769230769,Low,absolute_anomaly_seasonal,0.1880865842103958,Low
River_Chelmer_Langford,2024-04,final_test,observed_target,True,0.023076923076923,Low,absolute_anomaly_seasonal,0.076954573392868,Low
River_Chelmer_Langford,2024-05,final_test,observed_target,True,0.0357142857142857,Low,absolute_anomaly_seasonal,0.0573385693132877,Low
River_Chelmer_Langford,2024-06,final_test,observed_target,True,0.0083333333333333,Low,absolute_anomaly_seasonal,0.077983558177948,Low
River_Chelmer_Langford,2024-07,final_test,observed_target,True,0.1285714285714286,Low,absolute_anomaly_seasonal,0.0596296600997448,Low
River_Chelmer_Langford,2024-08,final_test,observed_target,True,0.0076923076923076,Low,absolute_anomaly_seasonal,0.0602049119770526,Low
River_Chelmer_Langford,2024-09,final_test,observed_target,True,0.0461538461538461,Low,absolute_anomaly_seasonal,0.0546692796051502,Low
River_Chelmer_Langford,2024-10,final_test,observed_target,True,0.0307692307692307,Low,absolute_anomaly_seasonal,0.1361240744590759,Low
River_Chelmer_Langford,2024-11,final_test,observed_target,True,0.1,Low,absolute_anomaly_seasonal,0.1716734915971756,Low
River_Chelmer_Langford,2024-12,final_test,unobserved_month,False,,,absolute_anomaly_seasonal,0.1735548228025436,Low
River_Chelmer_Langford,2025-01,final_test,unobserved_month,False,,,absolute_anomaly_seasonal,0.2927711009979248,Medium
River_Chelmer_Langford,2025-02,final_test,unobserved_month,False,,,absolute_anomaly_seasonal,0.1371861398220062,Low
River_Chelmer_Langford,2025-03,final_test,unobserved_month,False,,,absolute_anomaly_seasonal,0.1293659955263137,Low
River_Chelmer_Langford,2025-04,final_test,unobserved_month,False,,,absolute_anomaly_seasonal,0.0763156414031982,Low
River_Chelmer_Langford,2025-05,final_test,unobserved_month,False,,,absolute_anomaly_seasonal,0.0200083591043949,Low
River_Chelmer_Langford,2025-06,final_test,unobserved_month,False,,,absolute_anomaly_seasonal,0.0253846086561679,Low
River_Chelmer_Langford,2025-07,final_test,unobserved_month,False,,,absolute_anomaly_seasonal,0.0445414371788501,Low
River_Chelmer_Langford,2025-08,final_test,unobserved_month,False,,,absolute_anomaly_seasonal,0.0115795992314815,Low
River_Chelmer_Langford,2025-09,final_test,unobserved_month,False,,,absolute_anomaly_seasonal,0.0223383046686649,Low
River_Chelmer_Langford,2025-10,final_test,unobserved_month,False,,,absolute_anomaly_seasonal,0.04055742546916,Low
River_Chelmer_Langford,2025-11,final_test,unobserved_month,False,,,absolute_anomaly_seasonal,0.0533025972545146,Low
River_Chelmer_Langford,2025-12,final_test,unobserved_month,False,,,absolute_anomaly_seasonal,0.0908329039812088,Low
River_Chelmer_Langford,2026-01,final_test,unobserved_month,False,,,absolute_anomaly_seasonal,0.1011115759611129,Low
River_Chelmer_Langford,2026-02,final_test,unobserved_month,False,,,absolute_anomaly_seasonal,0.0688560903072357,Low
River_Chelmer_Langford,2026-03,final_test,unobserved_month,False,,,absolute_anomaly_seasonal,0.1023640781641006,Low
River_Chelmer_Langford,2026-04,final_test,unobserved_month,False,,,absolute_anomaly_seasonal,0.0351263619959354,Low
River_Chelmer_Langford,2026-05,final_test,unobserved_month,False,,,absolute_anomaly_seasonal,0.0524246953427791,Low
River_Chelmer_Langford,2026-06,final_test,unobserved_month,False,,,absolute_anomaly_seasonal,0.0414081998169422,Low
River_Chelmer_Langford,2026-07,final_test,unobserved_month,False,,,absolute_anomaly_seasonal,0.0363978929817676,Low
River_Chelmer_Langford,2026-08,final_test,unobserved_month,False,,,absolute_anomaly_seasonal,0.023641187697649,Low
River_Chelmer_Langford,2026-09,final_test,unobserved_month,False,,,absolute_anomaly_seasonal,0.0221294276416301,Low
River_Cherwell_Grimsbury,2021-01,final_test,unobserved_month,False,,,absolute_anomaly_seasonal,0.7908648252487183,High
River_Cherwell_Grimsbury,2021-02,final_test,unobserved_month,False,,,absolute_anomaly_seasonal,0.3157650232315063,Medium
River_Cherwell_Grimsbury,2021-03,final_test,unobserved_month,False,,,absolute_anomaly_seasonal,0.123706117272377,Low
River_Cherwell_Grimsbury,2021-04,final_test,unobserved_month,False,,,absolute_anomaly_seasonal,0.044765468686819,Low
River_Cherwell_Grimsbury,2021-05,final_test,unobserved_month,False,,,absolute_anomaly_seasonal,0.1150749623775482,Low
River_Cherwell_Grimsbury,2021-06,final_test,unobserved_month,False,,,absolute_anomaly_seasonal,0.0196430794894695,Low
River_Cherwell_Grimsbury,2021-07,final_test,unobserved_month,False,,,absolute_anomaly_seasonal,0.1470694690942764,Low
River_Cherwell_Grimsbury,2021-08,final_test,unobserved_month,False,,,absolute_anomaly_seasonal,0.0209962539374828,Low
River_Cherwell_Grimsbury,2021-09,final_test,unobserved_month,False,,,absolute_anomaly_seasonal,0.0276579447090625,Low
River_Cherwell_Grimsbury,2021-10,final_test,unobserved_month,False,,,absolute_anomaly_seasonal,0.3388026058673858,Medium
River_Cherwell_Grimsbury,2021-11,final_test,unobserved_month,False,,,absolute_anomaly_seasonal,0.6790194511413574,High
River_Cherwell_Grimsbury,2021-12,final_test,unobserved_month,False,,,absolute_anomaly_seasonal,0.6282269358634949,High
River_Cherwell_Grimsbury,2022-01,final_test,unobserved_month,False,,,absolute_anomaly_seasonal,0.7651084065437317,High
River_Cherwell_Grimsbury,2022-02,final_test,unobserved_month,False,,,absolute_anomaly_seasonal,0.3901308178901672,Medium
River_Cherwell_Grimsbury,2022-03,final_test,unobserved_month,False,,,absolute_anomaly_seasonal,0.4635459184646606,Medium
River_Cherwell_Grimsbury,2022-04,final_test,unobserved_month,False,,,absolute_anomaly_seasonal,0.2454637736082077,Low
River_Cherwell_Grimsbury,2022-05,final_test,unobserved_month,False,,,absolute_anomaly_seasonal,0.0750828236341476,Low
River_Cherwell_Grimsbury,2022-06,final_test,unobserved_month,False,,,absolute_anomaly_seasonal,0.0404379107058048,Low
River_Cherwell_Grimsbury,2022-07,final_test,unobserved_month,False,,,absolute_anomaly_seasonal,0.0988985449075698,Low
River_Cherwell_Grimsbury,2022-08,final_test,unobserved_month,False,,,absolute_anomaly_seasonal,0.0622362978756427,Low
River_Cherwell_Grimsbury,2022-09,final_test,unobserved_month,False,,,absolute_anomaly_seasonal,0.2698298990726471,Medium
River_Cherwell_Grimsbury,2022-10,final_test,unobserved_month,False,,,absolute_anomaly_seasonal,0.0268038176000118,Low
River_Cherwell_Grimsbury,2022-11,final_test,unobserved_month,False,,,absolute_anomaly_seasonal,0.4538167715072632,Medium
River_Cherwell_Grimsbury,2022-12,final_test,unobserved_month,False,,,absolute_anomaly_seasonal,0.4844873547554016,Medium
River_Cherwell_Grimsbury,2023-01,final_test,unobserved_month,False,,,absolute_anomaly_seasonal,0.4290459752082824,Medium
River_Cherwell_Grimsbury,2023-02,final_test,unobserved_month,False,,,absolute_anomaly_seasonal,0.7622219324111938,High
River_Cherwell_Grimsbury,2023-03,final_test,unobserved_month,False,,,absolute_anomaly_seasonal,0.3639728426933288,Medium
River_Cherwell_Grimsbury,2023-04,final_test,unobserved_month,False,,,absolute_anomaly_seasonal,0.6129454374313354,High
River_Cherwell_Grimsbury,2023-05,final_test,unobserved_month,False,,,absolute_anomaly_seasonal,0.3849210143089294,Medium
River_Cherwell_Grimsbury,2023-06,final_test,unobserved_month,False,,,absolute_anomaly_seasonal,0.2319813519716262,Low
River_Cherwell_Grimsbury,2023-07,final_test,unobserved_month,False,,,absolute_anomaly_seasonal,0.0135906897485256,Low
River_Cherwell_Grimsbury,2023-08,final_test,unobserved_month,False,,,absolute_anomaly_seasonal,0.1494935601949691,Low
River_Cherwell_Grimsbury,2023-09,final_test,unobserved_month,False,,,absolute_anomaly_seasonal,0.3198465406894684,Medium
River_Cherwell_Grimsbury,2023-10,final_test,unobserved_month,False,,,absolute_anomaly_seasonal,0.3721575140953064,Medium
River_Cherwell_Grimsbury,2023-11,final_test,unobserved_month,False,,,absolute_anomaly_seasonal,0.5590530037879944,High
River_Cherwell_Grimsbury,2023-12,final_test,unobserved_month,False,,,absolute_anomaly_seasonal,0.3660827279090881,Medium
River_Cherwell_Grimsbury,2024-01,final_test,unobserved_month,False,,,absolute_anomaly_seasonal,0.2542329132556915,Medium
River_Cherwell_Grimsbury,2024-02,final_test,unobserved_month,False,,,absolute_anomaly_seasonal,0.204628512263298,Low
River_Cherwell_Grimsbury,2024-03,final_test,unobserved_month,False,,,absolute_anomaly_seasonal,0.2661091983318329,Medium
River_Cherwell_Grimsbury,2024-04,final_test,unobserved_month,False,,,absolute_anomaly_seasonal,0.2617400884628296,Medium
River_Cherwell_Grimsbury,2024-05,final_test,unobserved_month,False,,,absolute_anomaly_seasonal,0.4099953770637512,Medium
River_Cherwell_Grimsbury,2024-06,final_test,unobserved_month,False,,,absolute_anomaly_seasonal,0.1937707811594009,Low
River_Cherwell_Grimsbury,2024-07,final_test,unobserved_month,False,,,absolute_anomaly_seasonal,0.1146300733089447,Low
River_Cherwell_Grimsbury,2024-08,final_test,unobserved_month,False,,,absolute_anomaly_seasonal,0.0905911326408386,Low
River_Cherwell_Grimsbury,2024-09,final_test,unobserved_month,False,,,absolute_anomaly_seasonal,0.1411534398794174,Low
River_Cherwell_Grimsbury,2024-10,final_test,unobserved_month,False,,,absolute_anomaly_seasonal,0.484500527381897,Medium
River_Cherwell_Grimsbury,2024-11,final_test,unobserved_month,False,,,absolute_anomaly_seasonal,0.3578644692897796,Medium
River_Cherwell_Grimsbury,2024-12,final_test,unobserved_month,False,,,absolute_anomaly_seasonal,0.1907687336206436,Low
River_Cherwell_Grimsbury,2025-01,final_test,unobserved_month,False,,,absolute_anomaly_seasonal,0.3453004956245422,Medium
River_Cherwell_Grimsbury,2025-02,final_test,unobserved_month,False,,,absolute_anomaly_seasonal,0.5032790899276733,High
River_Cherwell_Grimsbury,2025-03,final_test,unobserved_month,False,,,absolute_anomaly_seasonal,0.6531321406364441,High
River_Cherwell_Grimsbury,2025-04,final_test,unobserved_month,False,,,absolute_anomaly_seasonal,0.1064654290676117,Low
River_Cherwell_Grimsbury,2025-05,final_test,unobserved_month,False,,,absolute_anomaly_seasonal,0.0759294331073761,Low
River_Cherwell_Grimsbury,2025-06,final_test,unobserved_month,False,,,absolute_anomaly_seasonal,0.0309302546083927,Low
River_Cherwell_Grimsbury,2025-07,final_test,unobserved_month,False,,,absolute_anomaly_seasonal,0.0171930603682994,Low
River_Cherwell_Grimsbury,2025-08,final_test,unobserved_month,False,,,absolute_anomaly_seasonal,0.1848780512809753,Low
River_Cherwell_Grimsbury,2025-09,final_test,unobserved_month,False,,,absolute_anomaly_seasonal,0.221079483628273,Low
River_Cherwell_Grimsbury,2025-10,final_test,unobserved_month,False,,,absolute_anomaly_seasonal,0.106560617685318,Low
River_Cherwell_Grimsbury,2025-11,final_test,unobserved_month,False,,,absolute_anomaly_seasonal,0.719088613986969,High
River_Cherwell_Grimsbury,2025-12,final_test,unobserved_month,False,,,absolute_anomaly_seasonal,1.2864701747894287,High
River_Cherwell_Grimsbury,2026-01,final_test,unobserved_month,False,,,absolute_anomaly_seasonal,0.7753589749336243,High
River_Cherwell_Grimsbury,2026-02,final_test,unobserved_month,False,,,absolute_anomaly_seasonal,0.416712611913681,Medium
River_Cherwell_Grimsbury,2026-03,final_test,unobserved_month,False,,,absolute_anomaly_seasonal,0.3398622572422027,Medium
River_Cherwell_Grimsbury,2026-04,final_test,unobserved_month,False,,,absolute_anomaly_seasonal,0.308518499135971,Medium
River_Cherwell_Grimsbury,2026-05,final_test,unobserved_month,False,,,absolute_anomaly_seasonal,0.1561083197593689,Low
River_Cherwell_Grimsbury,2026-06,final_test,unobserved_month,False,,,absolute_anomaly_seasonal,0.0381915085017681,Low
River_Cherwell_Grimsbury,2026-07,final_test,unobserved_month,False,,,absolute_anomaly_seasonal,0.0136645399034023,Low
River_Cherwell_Grimsbury,2026-08,final_test,unobserved_month,False,,,absolute_anomaly_seasonal,0.0542850978672504,Low
River_Cherwell_Grimsbury,2026-09,final_test,unobserved_month,False,,,absolute_anomaly_seasonal,0.0301946438848972,Low
River_Dee_1,2021-01,final_test,unobserved_month,False,,,absolute_anomaly_seasonal,0.28309166431427,Medium
River_Dee_1,2021-02,final_test,unobserved_month,False,,,absolute_anomaly_seasonal,0.4015625417232513,Medium
River_Dee_1,2021-03,final_test,unobserved_month,False,,,absolute_anomaly_seasonal,0.1628274470567703,Low
River_Dee_1,2021-04,final_test,unobserved_month,False,,,absolute_anomaly_seasonal,0.0387251712381839,Low
River_Dee_1,2021-05,final_test,unobserved_month,False,,,absolute_anomaly_seasonal,0.0427206046879291,Low
River_Dee_1,2021-06,final_test,unobserved_month,False,,,absolute_anomaly_seasonal,0.0373680256307125,Low
River_Dee_1,2021-07,final_test,unobserved_month,False,,,absolute_anomaly_seasonal,0.0280452035367488,Low
River_Dee_1,2021-08,final_test,unobserved_month,False,,,absolute_anomaly_seasonal,0.0348664335906505,Low
River_Dee_1,2021-09,final_test,unobserved_month,False,,,absolute_anomaly_seasonal,0.0561462603509426,Low
River_Dee_1,2021-10,final_test,unobserved_month,False,,,absolute_anomaly_seasonal,0.0314660631120204,Low
River_Dee_1,2021-11,final_test,unobserved_month,False,,,absolute_anomaly_seasonal,0.120143249630928,Low
River_Dee_1,2021-12,final_test,unobserved_month,False,,,absolute_anomaly_seasonal,0.081556037068367,Low
River_Dee_1,2022-01,final_test,unobserved_month,False,,,absolute_anomaly_seasonal,0.1783205717802047,Low
River_Dee_1,2022-02,final_test,unobserved_month,False,,,absolute_anomaly_seasonal,0.2939739823341369,Medium
River_Dee_1,2022-03,final_test,unobserved_month,False,,,absolute_anomaly_seasonal,0.0368486158549785,Low
River_Dee_1,2022-04,final_test,unobserved_month,False,,,absolute_anomaly_seasonal,0.0274950377643108,Low
River_Dee_1,2022-05,final_test,unobserved_month,False,,,absolute_anomaly_seasonal,0.0034995786845684,Low
River_Dee_1,2022-06,final_test,unobserved_month,False,,,absolute_anomaly_seasonal,0.0,Low
River_Dee_1,2022-07,final_test,unobserved_month,False,,,absolute_anomaly_seasonal,0.0601813681423664,Low
River_Dee_1,2022-08,final_test,unobserved_month,False,,,absolute_anomaly_seasonal,0.1098879426717758,Low
River_Dee_1,2022-09,final_test,unobserved_month,False,,,absolute_anomaly_seasonal,0.1125818938016891,Low
River_Dee_1,2022-10,final_test,unobserved_month,False,,,absolute_anomaly_seasonal,0.1487789005041122,Low
River_Dee_1,2022-11,final_test,unobserved_month,False,,,absolute_anomaly_seasonal,0.1876335889101028,Low
River_Dee_1,2022-12,final_test,unobserved_month,False,,,absolute_anomaly_seasonal,0.1170095205307006,Low
River_Dee_1,2023-01,final_test,unobserved_month,False,,,absolute_anomaly_seasonal,0.2345170229673385,Low
River_Dee_1,2023-02,final_test,unobserved_month,False,,,absolute_anomaly_seasonal,0.2338549941778183,Low
River_Dee_1,2023-03,final_test,unobserved_month,False,,,absolute_anomaly_seasonal,0.0731773674488067,Low
River_Dee_1,2023-04,final_test,unobserved_month,False,,,absolute_anomaly_seasonal,0.0637814253568649,Low
River_Dee_1,2023-05,final_test,unobserved_month,False,,,absolute_anomaly_seasonal,0.0110621601343154,Low
River_Dee_1,2023-06,final_test,unobserved_month,False,,,absolute_anomaly_seasonal,0.0158369354903697,Low
River_Dee_1,2023-07,final_test,unobserved_month,False,,,absolute_anomaly_seasonal,0.002393502742052,Low
River_Dee_1,2023-08,final_test,unobserved_month,False,,,absolute_anomaly_seasonal,0.0119840912520885,Low
River_Dee_1,2023-09,final_test,unobserved_month,False,,,absolute_anomaly_seasonal,0.0612796284258365,Low
River_Dee_1,2023-10,final_test,unobserved_month,False,,,absolute_anomaly_seasonal,0.0665704607963562,Low
River_Dee_1,2023-11,final_test,unobserved_month,False,,,absolute_anomaly_seasonal,0.1282136589288711,Low
River_Dee_1,2023-12,final_test,unobserved_month,False,,,absolute_anomaly_seasonal,0.0210519768297672,Low
River_Dee_1,2024-01,final_test,unobserved_month,False,,,absolute_anomaly_seasonal,0.0941537469625473,Low
River_Dee_1,2024-02,final_test,unobserved_month,False,,,absolute_anomaly_seasonal,0.1526486128568649,Low
River_Dee_1,2024-03,final_test,unobserved_month,False,,,absolute_anomaly_seasonal,0.0710616707801818,Low
River_Dee_1,2024-04,final_test,unobserved_month,False,,,absolute_anomaly_seasonal,0.0689564198255539,Low
River_Dee_1,2024-05,final_test,unobserved_month,False,,,absolute_anomaly_seasonal,0.0353682599961757,Low
River_Dee_1,2024-06,final_test,unobserved_month,False,,,absolute_anomaly_seasonal,0.016472827643156,Low
River_Dee_1,2024-07,final_test,unobserved_month,False,,,absolute_anomaly_seasonal,0.0078339427709579,Low
River_Dee_1,2024-08,final_test,unobserved_month,False,,,absolute_anomaly_seasonal,0.0,Low
River_Dee_1,2024-09,final_test,unobserved_month,False,,,absolute_anomaly_seasonal,0.0424801744520664,Low
River_Dee_1,2024-10,final_test,unobserved_month,False,,,absolute_anomaly_seasonal,0.0252790786325931,Low
River_Dee_1,2024-11,final_test,unobserved_month,False,,,absolute_anomaly_seasonal,0.0054557733237743,Low
River_Dee_1,2024-12,final_test,unobserved_month,False,,,absolute_anomaly_seasonal,0.0729552507400512,Low
River_Dee_1,2025-01,final_test,unobserved_month,False,,,absolute_anomaly_seasonal,0.1173622608184814,Low
River_Dee_1,2025-02,final_test,unobserved_month,False,,,absolute_anomaly_seasonal,0.4060684442520141,Medium
River_Dee_1,2025-03,final_test,unobserved_month,False,,,absolute_anomaly_seasonal,0.0851668268442154,Low
River_Dee_1,2025-04,final_test,unobserved_month,False,,,absolute_anomaly_seasonal,0.0201056562364101,Low
River_Dee_1,2025-05,final_test,unobserved_month,False,,,absolute_anomaly_seasonal,0.0414050780236721,Low
River_Dee_1,2025-06,final_test,unobserved_month,False,,,absolute_anomaly_seasonal,0.0570699982345104,Low
River_Dee_1,2025-07,final_test,unobserved_month,False,,,absolute_anomaly_seasonal,0.0109990499913692,Low
River_Dee_1,2025-08,final_test,unobserved_month,False,,,absolute_anomaly_seasonal,0.0663780719041824,Low
River_Dee_1,2025-09,final_test,unobserved_month,False,,,absolute_anomaly_seasonal,0.0711050480604171,Low
River_Dee_1,2025-10,final_test,unobserved_month,False,,,absolute_anomaly_seasonal,0.0961590260267257,Low
River_Dee_1,2025-11,final_test,unobserved_month,False,,,absolute_anomaly_seasonal,0.123611107468605,Low
River_Dee_1,2025-12,final_test,unobserved_month,False,,,absolute_anomaly_seasonal,0.0293602459132671,Low
River_Dee_1,2026-01,final_test,unobserved_month,False,,,absolute_anomaly_seasonal,0.1203763335943222,Low
River_Dee_1,2026-02,final_test,unobserved_month,False,,,absolute_anomaly_seasonal,0.1755935102701187,Low
River_Dee_1,2026-03,final_test,unobserved_month,False,,,absolute_anomaly_seasonal,0.1111372858285904,Low
River_Dee_1,2026-04,final_test,unobserved_month,False,,,absolute_anomaly_seasonal,0.0117653608322143,Low
River_Dee_1,2026-05,final_test,unobserved_month,False,,,absolute_anomaly_seasonal,0.0144098363816738,Low
River_Dee_1,2026-06,final_test,unobserved_month,False,,,absolute_anomaly_seasonal,0.0,Low
River_Dee_1,2026-07,final_test,unobserved_month,False,,,absolute_anomaly_seasonal,0.0,Low
River_Dee_1,2026-08,final_test,unobserved_month,False,,,absolute_anomaly_seasonal,0.0179385282099246,Low
River_Dee_1,2026-09,final_test,unobserved_month,False,,,absolute_anomaly_seasonal,0.0209378786385059,Low
River_Dee_2,2021-01,final_test,unobserved_month,False,,,absolute_anomaly_seasonal,0.3679581880569458,Medium
River_Dee_2,2021-02,final_test,unobserved_month,False,,,absolute_anomaly_seasonal,0.5121495723724365,High
River_Dee_2,2021-03,final_test,unobserved_month,False,,,absolute_anomaly_seasonal,0.8790988922119141,High
River_Dee_2,2021-04,final_test,unobserved_month,False,,,absolute_anomaly_seasonal,0.3777182102203369,Medium
River_Dee_2,2021-05,final_test,unobserved_month,False,,,absolute_anomaly_seasonal,0.1269897222518921,Low
River_Dee_2,2021-06,final_test,unobserved_month,False,,,absolute_anomaly_seasonal,0.11194908618927,Low
River_Dee_2,2021-07,final_test,unobserved_month,False,,,absolute_anomaly_seasonal,0.2367861419916153,Low
River_Dee_2,2021-08,final_test,unobserved_month,False,,,absolute_anomaly_seasonal,0.3018451631069183,Medium
River_Dee_2,2021-09,final_test,unobserved_month,False,,,absolute_anomaly_seasonal,0.3506390452384949,Medium
River_Dee_2,2021-10,final_test,unobserved_month,False,,,absolute_anomaly_seasonal,0.384320467710495,Medium
River_Dee_2,2021-11,final_test,unobserved_month,False,,,absolute_anomaly_seasonal,0.2839624881744385,Medium
River_Dee_2,2021-12,final_test,unobserved_month,False,,,absolute_anomaly_seasonal,0.3656197190284729,Medium
River_Dee_2,2022-01,final_test,unobserved_month,False,,,absolute_anomaly_seasonal,0.2783421576023102,Medium
River_Dee_2,2022-02,final_test,unobserved_month,False,,,absolute_anomaly_seasonal,0.3491201996803283,Medium
River_Dee_2,2022-03,final_test,observed_target,True,0.0,Low,absolute_anomaly_seasonal,0.4431686699390411,Medium
River_Dee_2,2022-04,final_test,unobserved_month,False,,,absolute_anomaly_seasonal,0.2495378404855728,Low
River_Dee_2,2022-05,final_test,unobserved_month,False,,,absolute_anomaly_seasonal,0.1639565676450729,Low
River_Dee_2,2022-06,final_test,unobserved_month,False,,,absolute_anomaly_seasonal,0.0642177164554596,Low
River_Dee_2,2022-07,final_test,unobserved_month,False,,,absolute_anomaly_seasonal,0.0088258832693099,Low
River_Dee_2,2022-08,final_test,unobserved_month,False,,,absolute_anomaly_seasonal,0.0,Low
River_Dee_2,2022-09,final_test,unobserved_month,False,,,absolute_anomaly_seasonal,0.0827574729919433,Low
River_Dee_2,2022-10,final_test,unobserved_month,False,,,absolute_anomaly_seasonal,0.0476281531155109,Low
River_Dee_2,2022-11,final_test,unobserved_month,False,,,absolute_anomaly_seasonal,0.3467124700546264,Medium
River_Dee_2,2022-12,final_test,unobserved_month,False,,,absolute_anomaly_seasonal,0.1568264067173004,Low
River_Dee_2,2023-01,final_test,unobserved_month,False,,,absolute_anomaly_seasonal,0.5377029180526733,High
River_Dee_2,2023-02,final_test,unobserved_month,False,,,absolute_anomaly_seasonal,0.2937523126602173,Medium
River_Dee_2,2023-03,final_test,unobserved_month,False,,,absolute_anomaly_seasonal,0.5764362215995789,High
River_Dee_2,2023-04,final_test,unobserved_month,False,,,absolute_anomaly_seasonal,0.1278183162212371,Low
River_Dee_2,2023-05,final_test,unobserved_month,False,,,absolute_anomaly_seasonal,0.3425794839859009,Medium
River_Dee_2,2023-06,final_test,unobserved_month,False,,,absolute_anomaly_seasonal,0.1590442657470703,Low
River_Dee_2,2023-07,final_test,unobserved_month,False,,,absolute_anomaly_seasonal,0.1412406861782074,Low
River_Dee_2,2023-08,final_test,unobserved_month,False,,,absolute_anomaly_seasonal,0.152403712272644,Low
River_Dee_2,2023-09,final_test,unobserved_month,False,,,absolute_anomaly_seasonal,0.3366866409778595,Medium
River_Dee_2,2023-10,final_test,unobserved_month,False,,,absolute_anomaly_seasonal,0.4934867620468139,Medium
River_Dee_2,2023-11,final_test,unobserved_month,False,,,absolute_anomaly_seasonal,0.2035059481859207,Low
River_Dee_2,2023-12,final_test,unobserved_month,False,,,absolute_anomaly_seasonal,0.7053987383842468,High
River_Dee_2,2024-01,final_test,unobserved_month,False,,,absolute_anomaly_seasonal,0.1417277455329895,Low
River_Dee_2,2024-02,final_test,unobserved_month,False,,,absolute_anomaly_seasonal,0.3950035870075226,Medium
River_Dee_2,2024-03,final_test,unobserved_month,False,,,absolute_anomaly_seasonal,0.2048885971307754,Low
River_Dee_2,2024-04,final_test,unobserved_month,False,,,absolute_anomaly_seasonal,0.3879354596138,Medium
River_Dee_2,2024-05,final_test,unobserved_month,False,,,absolute_anomaly_seasonal,0.2242196649312973,Low
River_Dee_2,2024-06,final_test,unobserved_month,False,,,absolute_anomaly_seasonal,0.1432564854621887,Low
River_Dee_2,2024-07,final_test,unobserved_month,False,,,absolute_anomaly_seasonal,0.3398829996585846,Medium
River_Dee_2,2024-08,final_test,unobserved_month,False,,,absolute_anomaly_seasonal,0.1180506199598312,Low
River_Dee_2,2024-09,final_test,unobserved_month,False,,,absolute_anomaly_seasonal,0.3033324480056762,Medium
River_Dee_2,2024-10,final_test,unobserved_month,False,,,absolute_anomaly_seasonal,0.5083925127983093,High
River_Dee_2,2024-11,final_test,unobserved_month,False,,,absolute_anomaly_seasonal,0.2892431616783142,Medium
River_Dee_2,2024-12,final_test,unobserved_month,False,,,absolute_anomaly_seasonal,0.8296257853507996,High
River_Dee_2,2025-01,final_test,unobserved_month,False,,,absolute_anomaly_seasonal,0.4228502213954925,Medium
River_Dee_2,2025-02,final_test,unobserved_month,False,,,absolute_anomaly_seasonal,0.2568372786045074,Medium
River_Dee_2,2025-03,final_test,unobserved_month,False,,,absolute_anomaly_seasonal,0.1937062889337539,Low
River_Dee_2,2025-04,final_test,unobserved_month,False,,,absolute_anomaly_seasonal,0.2115550488233566,Low
River_Dee_2,2025-05,final_test,unobserved_month,False,,,absolute_anomaly_seasonal,0.1221013814210891,Low
River_Dee_2,2025-06,final_test,unobserved_month,False,,,absolute_anomaly_seasonal,0.0420974902808666,Low
River_Dee_2,2025-07,final_test,unobserved_month,False,,,absolute_anomaly_seasonal,0.0247686095535755,Low
River_Dee_2,2025-08,final_test,unobserved_month,False,,,absolute_anomaly_seasonal,0.0012475475668907,Low
River_Dee_2,2025-09,final_test,unobserved_month,False,,,absolute_anomaly_seasonal,0.1227817833423614,Low
River_Dee_2,2025-10,final_test,unobserved_month,False,,,absolute_anomaly_seasonal,0.1879772394895553,Low
River_Dee_2,2025-11,final_test,unobserved_month,False,,,absolute_anomaly_seasonal,0.616529107093811,High
River_Dee_2,2025-12,final_test,unobserved_month,False,,,absolute_anomaly_seasonal,0.3410267829895019,Medium
River_Dee_2,2026-01,final_test,unobserved_month,False,,,absolute_anomaly_seasonal,0.7222168445587158,High
River_Dee_2,2026-02,final_test,unobserved_month,False,,,absolute_anomaly_seasonal,0.3090260624885559,Medium
River_Dee_2,2026-03,final_test,unobserved_month,False,,,absolute_anomaly_seasonal,0.2378155142068863,Low
River_Dee_2,2026-04,final_test,unobserved_month,False,,,absolute_anomaly_seasonal,0.4959056973457336,Medium
River_Dee_2,2026-05,final_test,unobserved_month,False,,,absolute_anomaly_seasonal,0.3816490173339844,Medium
River_Dee_2,2026-06,final_test,unobserved_month,False,,,absolute_anomaly_seasonal,0.0949098765850067,Low
River_Dee_2,2026-07,final_test,unobserved_month,False,,,absolute_anomaly_seasonal,0.0115831568837165,Low
River_Dee_2,2026-08,final_test,unobserved_month,False,,,absolute_anomaly_seasonal,0.0091236494481563,Low
River_Dee_2,2026-09,final_test,unobserved_month,False,,,absolute_anomaly_seasonal,0.2748754620552063,Medium
River_Dee_3,2021-01,final_test,unobserved_month,False,,,absolute_anomaly_seasonal,0.0709321945905685,Low
River_Dee_3,2021-02,final_test,unobserved_month,False,,,absolute_anomaly_seasonal,0.1402667164802551,Low
River_Dee_3,2021-03,final_test,unobserved_month,False,,,absolute_anomaly_seasonal,0.2492373436689376,Low
River_Dee_3,2021-04,final_test,unobserved_month,False,,,absolute_anomaly_seasonal,0.2572014629840851,Medium
River_Dee_3,2021-05,final_test,unobserved_month,False,,,absolute_anomaly_seasonal,0.2361978441476822,Low
River_Dee_3,2021-06,final_test,unobserved_month,False,,,absolute_anomaly_seasonal,0.0425840653479099,Low
River_Dee_3,2021-07,final_test,unobserved_month,False,,,absolute_anomaly_seasonal,0.3051447570323944,Medium
River_Dee_3,2021-08,final_test,unobserved_month,False,,,absolute_anomaly_seasonal,0.0983481407165527,Low
River_Dee_3,2021-09,final_test,unobserved_month,False,,,absolute_anomaly_seasonal,0.1849056482315063,Low
River_Dee_3,2021-10,final_test,unobserved_month,False,,,absolute_anomaly_seasonal,0.2981604635715484,Medium
River_Dee_3,2021-11,final_test,unobserved_month,False,,,absolute_anomaly_seasonal,0.0587823800742626,Low
River_Dee_3,2021-12,final_test,unobserved_month,False,,,absolute_anomaly_seasonal,0.1045472174882888,Low
River_Dee_3,2022-01,final_test,unobserved_month,False,,,absolute_anomaly_seasonal,0.1071446239948272,Low
River_Dee_3,2022-02,final_test,unobserved_month,False,,,absolute_anomaly_seasonal,0.0691390335559845,Low
River_Dee_3,2022-03,final_test,unobserved_month,False,,,absolute_anomaly_seasonal,0.059898916631937,Low
River_Dee_3,2022-04,final_test,unobserved_month,False,,,absolute_anomaly_seasonal,0.091738536953926,Low
River_Dee_3,2022-05,final_test,unobserved_month,False,,,absolute_anomaly_seasonal,0.042703341692686,Low
River_Dee_3,2022-06,final_test,unobserved_month,False,,,absolute_anomaly_seasonal,0.013358648866415,Low
River_Dee_3,2022-07,final_test,unobserved_month,False,,,absolute_anomaly_seasonal,0.080984354019165,Low
River_Dee_3,2022-08,final_test,unobserved_month,False,,,absolute_anomaly_seasonal,0.0880514234304428,Low
River_Dee_3,2022-09,final_test,unobserved_month,False,,,absolute_anomaly_seasonal,0.1993947625160217,Low
River_Dee_3,2022-10,final_test,unobserved_month,False,,,absolute_anomaly_seasonal,0.1105115562677383,Low
River_Dee_3,2022-11,final_test,unobserved_month,False,,,absolute_anomaly_seasonal,0.107256606221199,Low
River_Dee_3,2022-12,final_test,unobserved_month,False,,,absolute_anomaly_seasonal,0.0940748155117034,Low
River_Dee_3,2023-01,final_test,unobserved_month,False,,,absolute_anomaly_seasonal,0.2280377596616745,Low
River_Dee_3,2023-02,final_test,unobserved_month,False,,,absolute_anomaly_seasonal,0.1764261573553085,Low
River_Dee_3,2023-03,final_test,unobserved_month,False,,,absolute_anomaly_seasonal,0.2241974920034408,Low
River_Dee_3,2023-04,final_test,unobserved_month,False,,,absolute_anomaly_seasonal,0.0790856331586837,Low
River_Dee_3,2023-05,final_test,unobserved_month,False,,,absolute_anomaly_seasonal,0.1316466927528381,Low
River_Dee_3,2023-06,final_test,unobserved_month,False,,,absolute_anomaly_seasonal,0.2298409789800644,Low
River_Dee_3,2023-07,final_test,unobserved_month,False,,,absolute_anomaly_seasonal,0.0656022876501083,Low
River_Dee_3,2023-08,final_test,unobserved_month,False,,,absolute_anomaly_seasonal,0.0952873528003692,Low
River_Dee_3,2023-09,final_test,unobserved_month,False,,,absolute_anomaly_seasonal,0.1438211947679519,Low
River_Dee_3,2023-10,final_test,unobserved_month,False,,,absolute_anomaly_seasonal,0.1683704406023025,Low
River_Dee_3,2023-11,final_test,unobserved_month,False,,,absolute_anomaly_seasonal,0.1087939143180847,Low
River_Dee_3,2023-12,final_test,unobserved_month,False,,,absolute_anomaly_seasonal,0.2833794355392456,Medium
River_Dee_3,2024-01,final_test,unobserved_month,False,,,absolute_anomaly_seasonal,0.3481578230857849,Medium
River_Dee_3,2024-02,final_test,unobserved_month,False,,,absolute_anomaly_seasonal,0.0986650884151458,Low
River_Dee_3,2024-03,final_test,unobserved_month,False,,,absolute_anomaly_seasonal,0.1911101937294006,Low
River_Dee_3,2024-04,final_test,unobserved_month,False,,,absolute_anomaly_seasonal,0.2873222529888153,Medium
River_Dee_3,2024-05,final_test,unobserved_month,False,,,absolute_anomaly_seasonal,0.2079790383577346,Low
River_Dee_3,2024-06,final_test,unobserved_month,False,,,absolute_anomaly_seasonal,0.3648636043071747,Medium
River_Dee_3,2024-07,final_test,unobserved_month,False,,,absolute_anomaly_seasonal,0.2135747820138931,Low
River_Dee_3,2024-08,final_test,unobserved_month,False,,,absolute_anomaly_seasonal,0.1416608542203903,Low
River_Dee_3,2024-09,final_test,unobserved_month,False,,,absolute_anomaly_seasonal,0.4502149224281311,Medium
River_Dee_3,2024-10,final_test,unobserved_month,False,,,absolute_anomaly_seasonal,0.173079639673233,Low
River_Dee_3,2024-11,final_test,unobserved_month,False,,,absolute_anomaly_seasonal,0.4544766545295715,Medium
River_Dee_3,2024-12,final_test,unobserved_month,False,,,absolute_anomaly_seasonal,0.4559140205383301,Medium
River_Dee_3,2025-01,final_test,unobserved_month,False,,,absolute_anomaly_seasonal,0.1646690219640731,Low
River_Dee_3,2025-02,final_test,unobserved_month,False,,,absolute_anomaly_seasonal,0.1183329969644546,Low
River_Dee_3,2025-03,final_test,unobserved_month,False,,,absolute_anomaly_seasonal,0.1104747653007507,Low
River_Dee_3,2025-04,final_test,unobserved_month,False,,,absolute_anomaly_seasonal,0.237563356757164,Low
River_Dee_3,2025-05,final_test,unobserved_month,False,,,absolute_anomaly_seasonal,0.0934941917657852,Low
River_Dee_3,2025-06,final_test,unobserved_month,False,,,absolute_anomaly_seasonal,0.1525740772485733,Low
River_Dee_3,2025-07,final_test,unobserved_month,False,,,absolute_anomaly_seasonal,0.0148269794881343,Low
River_Dee_3,2025-08,final_test,unobserved_month,False,,,absolute_anomaly_seasonal,0.0349809266626834,Low
River_Dee_3,2025-09,final_test,unobserved_month,False,,,absolute_anomaly_seasonal,0.0866330713033676,Low
River_Dee_3,2025-10,final_test,unobserved_month,False,,,absolute_anomaly_seasonal,0.0778612494468689,Low
River_Dee_3,2025-11,final_test,unobserved_month,False,,,absolute_anomaly_seasonal,0.0606561265885829,Low
River_Dee_3,2025-12,final_test,unobserved_month,False,,,absolute_anomaly_seasonal,0.1935611069202423,Low
River_Dee_3,2026-01,final_test,unobserved_month,False,,,absolute_anomaly_seasonal,0.0374726839363575,Low
River_Dee_3,2026-02,final_test,unobserved_month,False,,,absolute_anomaly_seasonal,0.1251301318407058,Low
River_Dee_3,2026-03,final_test,unobserved_month,False,,,absolute_anomaly_seasonal,0.1980197131633758,Low
River_Dee_3,2026-04,final_test,unobserved_month,False,,,absolute_anomaly_seasonal,0.2481830865144729,Low
River_Dee_3,2026-05,final_test,unobserved_month,False,,,absolute_anomaly_seasonal,0.1983707547187805,Low
River_Dee_3,2026-06,final_test,unobserved_month,False,,,absolute_anomaly_seasonal,0.1119578927755355,Low
River_Dee_3,2026-07,final_test,unobserved_month,False,,,absolute_anomaly_seasonal,0.1234150677919387,Low
River_Dee_3,2026-08,final_test,unobserved_month,False,,,absolute_anomaly_seasonal,0.1046303063631057,Low
River_Dee_3,2026-09,final_test,unobserved_month,False,,,absolute_anomaly_seasonal,0.0864710211753845,Low
River_Dee_Invercannie,2021-01,final_test,observed_target,True,0.0,Low,absolute_anomaly_seasonal,0.1311757117509842,Low
River_Dee_Invercannie,2021-02,final_test,observed_target,True,0.01025,Low,absolute_anomaly_seasonal,0.0611022301018238,Low
River_Dee_Invercannie,2021-03,final_test,observed_target,True,0.0175999999999999,Low,absolute_anomaly_seasonal,0.025875587016344,Low
River_Dee_Invercannie,2021-04,final_test,observed_target,True,0.0165,Low,absolute_anomaly_seasonal,0.0429749377071857,Low
River_Dee_Invercannie,2021-05,final_test,observed_target,True,0.03175,Low,absolute_anomaly_seasonal,0.0584441535174846,Low
River_Dee_Invercannie,2021-06,final_test,observed_target,True,0.015,Low,absolute_anomaly_seasonal,0.0087233781814575,Low
River_Dee_Invercannie,2021-07,final_test,observed_target,True,0.06025,Low,absolute_anomaly_seasonal,0.115698218345642,Low
River_Dee_Invercannie,2021-08,final_test,observed_target,True,0.0685,Low,absolute_anomaly_seasonal,0.0141212306916713,Low
River_Dee_Invercannie,2021-09,final_test,observed_target,True,0.0116,Low,absolute_anomaly_seasonal,0.0301855467259883,Low
River_Dee_Invercannie,2021-10,final_test,observed_target,True,0.0,Low,absolute_anomaly_seasonal,0.0462313704192638,Low
River_Dee_Invercannie,2021-11,final_test,observed_target,True,0.0282,Low,absolute_anomaly_seasonal,0.0803064405918121,Low
River_Dee_Invercannie,2021-12,final_test,observed_target,True,0.1315,Low,absolute_anomaly_seasonal,0.0227653570473194,Low
River_Dee_Invercannie,2022-01,final_test,observed_target,True,0.016,Low,absolute_anomaly_seasonal,0.0195447169244289,Low
River_Dee_Invercannie,2022-02,final_test,observed_target,True,0.01675,Low,absolute_anomaly_seasonal,0.0221465416252613,Low
River_Dee_Invercannie,2022-03,final_test,observed_target,True,0.0258,Low,absolute_anomaly_seasonal,0.0475242771208286,Low
River_Dee_Invercannie,2022-04,final_test,observed_target,True,0.047,Low,absolute_anomaly_seasonal,0.0363704599440097,Low
River_Dee_Invercannie,2022-05,final_test,observed_target,True,0.0,Low,absolute_anomaly_seasonal,0.0317505933344364,Low
River_Dee_Invercannie,2022-06,final_test,unobserved_month,False,,,absolute_anomaly_seasonal,0.0176924057304859,Low
River_Dee_Invercannie,2022-07,final_test,observed_target,True,0.04,Low,absolute_anomaly_seasonal,0.0405519567430019,Low
River_Dee_Invercannie,2022-08,final_test,observed_target,True,0.061,Low,absolute_anomaly_seasonal,0.0491807051002979,Low
River_Dee_Invercannie,2022-09,final_test,observed_target,True,0.0,Low,absolute_anomaly_seasonal,0.0557389073073864,Low
River_Dee_Invercannie,2022-10,final_test,observed_target,True,0.1669999999999999,Low,absolute_anomaly_seasonal,0.0427028276026248,Low
River_Dee_Invercannie,2022-11,final_test,observed_target,True,0.039,Low,absolute_anomaly_seasonal,0.0544861368834972,Low
River_Dee_Invercannie,2022-12,final_test,observed_target,True,0.0088076923076923,Low,absolute_anomaly_seasonal,0.0823216885328292,Low
River_Dee_Invercannie,2023-01,final_test,observed_target,True,0.0383870967741935,Low,absolute_anomaly_seasonal,0.007826168090105,Low
River_Dee_Invercannie,2023-02,final_test,observed_target,True,0.0102857142857142,Low,absolute_anomaly_seasonal,0.0,Low
River_Dee_Invercannie,2023-03,final_test,observed_target,True,0.0264516129032258,Low,absolute_anomaly_seasonal,0.006559781730175,Low
River_Dee_Invercannie,2023-04,final_test,observed_target,True,0.0192333333333333,Low,absolute_anomaly_seasonal,0.0193171761929988,Low
River_Dee_Invercannie,2023-05,final_test,observed_target,True,0.0274516129032258,Low,absolute_anomaly_seasonal,0.0330199636518955,Low
River_Dee_Invercannie,2023-06,final_test,observed_target,True,0.0010333333333333,Low,absolute_anomaly_seasonal,0.0321044363081455,Low
River_Dee_Invercannie,2023-07,final_test,observed_target,True,0.0548064516129032,Low,absolute_anomaly_seasonal,0.0097360871732234,Low
River_Dee_Invercannie,2023-08,final_test,observed_target,True,0.0288709677419354,Low,absolute_anomaly_seasonal,0.0525231175124645,Low
River_Dee_Invercannie,2023-09,final_test,observed_target,True,0.1016666666666666,Low,absolute_anomaly_seasonal,0.0894573330879211,Low
River_Dee_Invercannie,2023-10,final_test,observed_target,True,0.0931290322580645,Low,absolute_anomaly_seasonal,0.0728126764297485,Low
River_Dee_Invercannie,2023-11,final_test,observed_target,True,0.08195,Low,absolute_anomaly_seasonal,0.0806817859411239,Low
River_Dee_Invercannie,2023-12,final_test,observed_target,True,0.0224347826086956,Low,absolute_anomaly_seasonal,0.0573378019034862,Low
River_Dee_Invercannie,2024-01,final_test,observed_target,True,0.0497241379310344,Low,absolute_anomaly_seasonal,0.0044897012412548,Low
River_Dee_Invercannie,2024-02,final_test,observed_target,True,0.03065,Low,absolute_anomaly_seasonal,0.0332936011254787,Low
River_Dee_Invercannie,2024-03,final_test,observed_target,True,0.0092258064516129,Low,absolute_anomaly_seasonal,0.0261046849191188,Low
River_Dee_Invercannie,2024-04,final_test,observed_target,True,0.0511071428571428,Low,absolute_anomaly_seasonal,0.0435398332774639,Low
River_Dee_Invercannie,2024-05,final_test,observed_target,True,0.0368387096774193,Low,absolute_anomaly_seasonal,0.0082049220800399,Low
River_Dee_Invercannie,2024-06,final_test,observed_target,True,0.0198928571428571,Low,absolute_anomaly_seasonal,0.0111488699913024,Low
River_Dee_Invercannie,2024-07,final_test,observed_target,True,0.1344838709677419,Low,absolute_anomaly_seasonal,0.052456397563219,Low
River_Dee_Invercannie,2024-08,final_test,observed_target,True,0.0170967741935483,Low,absolute_anomaly_seasonal,0.0260808058083057,Low
River_Dee_Invercannie,2024-09,final_test,observed_target,True,0.0190689655172413,Low,absolute_anomaly_seasonal,0.0801747143268585,Low
River_Dee_Invercannie,2024-10,final_test,observed_target,True,0.0461290322580645,Low,absolute_anomaly_seasonal,0.0478459633886814,Low
River_Dee_Invercannie,2024-11,final_test,observed_target,True,0.0142666666666666,Low,absolute_anomaly_seasonal,0.0555014200508594,Low
River_Dee_Invercannie,2024-12,final_test,observed_target,True,0.0886666666666666,Low,absolute_anomaly_seasonal,0.0130071155726909,Low
River_Dee_Invercannie,2025-01,final_test,observed_target,True,0.018774193548387,Low,absolute_anomaly_seasonal,0.0,Low
River_Dee_Invercannie,2025-02,final_test,observed_target,True,0.0147407407407407,Low,absolute_anomaly_seasonal,0.04055692628026,Low
River_Dee_Invercannie,2025-03,final_test,observed_target,True,0.015516129032258,Low,absolute_anomaly_seasonal,0.0,Low
River_Dee_Invercannie,2025-04,final_test,observed_target,True,0.0055,Low,absolute_anomaly_seasonal,0.0136313550174236,Low
River_Dee_Invercannie,2025-05,final_test,observed_target,True,0.0091290322580645,Low,absolute_anomaly_seasonal,0.0376225896179676,Low
River_Dee_Invercannie,2025-06,final_test,observed_target,True,0.0031111111111111,Low,absolute_anomaly_seasonal,0.0359067358076572,Low
River_Dee_Invercannie,2025-07,final_test,unobserved_month,False,,,absolute_anomaly_seasonal,0.0276377461850643,Low
River_Dee_Invercannie,2025-08,final_test,unobserved_month,False,,,absolute_anomaly_seasonal,0.0151244886219501,Low
River_Dee_Invercannie,2025-09,final_test,unobserved_month,False,,,absolute_anomaly_seasonal,0.0169663168489933,Low
River_Dee_Invercannie,2025-10,final_test,unobserved_month,False,,,absolute_anomaly_seasonal,0.056692998856306,Low
River_Dee_Invercannie,2025-11,final_test,unobserved_month,False,,,absolute_anomaly_seasonal,0.0610439665615558,Low
River_Dee_Invercannie,2025-12,final_test,unobserved_month,False,,,absolute_anomaly_seasonal,0.0432303063571453,Low
River_Dee_Invercannie,2026-01,final_test,unobserved_month,False,,,absolute_anomaly_seasonal,0.0380601547658443,Low
River_Dee_Invercannie,2026-02,final_test,unobserved_month,False,,,absolute_anomaly_seasonal,0.0,Low
River_Dee_Invercannie,2026-03,final_test,unobserved_month,False,,,absolute_anomaly_seasonal,0.0255797989666461,Low
River_Dee_Invercannie,2026-04,final_test,unobserved_month,False,,,absolute_anomaly_seasonal,0.0192002914845943,Low
River_Dee_Invercannie,2026-05,final_test,unobserved_month,False,,,absolute_anomaly_seasonal,0.0195120833814144,Low
River_Dee_Invercannie,2026-06,final_test,unobserved_month,False,,,absolute_anomaly_seasonal,0.0240870155394077,Low
River_Dee_Invercannie,2026-07,final_test,unobserved_month,False,,,absolute_anomaly_seasonal,0.0168959610164165,Low
River_Dee_Invercannie,2026-08,final_test,unobserved_month,False,,,absolute_anomaly_seasonal,0.0420092530548572,Low
River_Dee_Invercannie,2026-09,final_test,unobserved_month,False,,,absolute_anomaly_seasonal,0.0512398369610309,Low
River_Derwent_Elvington_2,2021-01,final_test,observed_target,True,0.1113433333333333,Low,absolute_anomaly_seasonal,0.0454365871846675,Low
River_Derwent_Elvington_2,2021-02,final_test,observed_target,True,0.0637971428571428,Low,absolute_anomaly_seasonal,0.0064917840063571,Low
River_Derwent_Elvington_2,2021-03,final_test,observed_target,True,0.0387966666666666,Low,absolute_anomaly_seasonal,0.1318538039922714,Low
River_Derwent_Elvington_2,2021-04,final_test,observed_target,True,0.010905,Low,absolute_anomaly_seasonal,0.1241638362407684,Low
River_Derwent_Elvington_2,2021-05,final_test,observed_target,True,0.0522899999999999,Low,absolute_anomaly_seasonal,0.0,Low
River_Derwent_Elvington_2,2021-06,final_test,observed_target,True,0.02250375,Low,absolute_anomaly_seasonal,0.0014442987740039,Low
River_Derwent_Elvington_2,2021-07,final_test,observed_target,True,0.01068375,Low,absolute_anomaly_seasonal,0.1646535247564315,Low
River_Derwent_Elvington_2,2021-08,final_test,observed_target,True,0.0132271428571428,Low,absolute_anomaly_seasonal,0.1581744998693466,Low
River_Derwent_Elvington_2,2021-09,final_test,observed_target,True,0.018519,Low,absolute_anomaly_seasonal,0.0723904967308044,Low
River_Derwent_Elvington_2,2021-10,final_test,observed_target,True,0.0,Low,absolute_anomaly_seasonal,0.0952824056148529,Low
River_Derwent_Elvington_2,2021-11,final_test,observed_target,True,0.0202022222222222,Low,absolute_anomaly_seasonal,0.2763647735118866,Medium
River_Derwent_Elvington_2,2021-12,final_test,observed_target,True,0.035405,Low,absolute_anomaly_seasonal,0.0144420973956584,Low
River_Derwent_Elvington_2,2022-01,final_test,observed_target,True,0.0634144444444444,Low,absolute_anomaly_seasonal,0.0651603937149047,Low
River_Derwent_Elvington_2,2022-02,final_test,observed_target,True,0.0,Low,absolute_anomaly_seasonal,0.0016039311885833,Low
River_Derwent_Elvington_2,2022-03,final_test,observed_target,True,0.02744,Low,absolute_anomaly_seasonal,0.0908394008874893,Low
River_Derwent_Elvington_2,2022-04,final_test,observed_target,True,0.02348625,Low,absolute_anomaly_seasonal,0.0745325088500976,Low
River_Derwent_Elvington_2,2022-05,final_test,observed_target,True,0.1054644444444444,Low,absolute_anomaly_seasonal,0.0218335874378681,Low
River_Derwent_Elvington_2,2022-06,final_test,observed_target,True,0.0209666666666666,Low,absolute_anomaly_seasonal,0.1266671568155288,Low
River_Derwent_Elvington_2,2022-07,final_test,observed_target,True,0.0,Low,absolute_anomaly_seasonal,0.0324727855622768,Low
River_Derwent_Elvington_2,2022-08,final_test,observed_target,True,0.0,Low,absolute_anomaly_seasonal,0.0044059716165065,Low
River_Derwent_Elvington_2,2022-09,final_test,observed_target,True,0.0206755555555555,Low,absolute_anomaly_seasonal,0.0195077173411846,Low
River_Derwent_Elvington_2,2022-10,final_test,observed_target,True,0.0114675,Low,absolute_anomaly_seasonal,0.1075354069471359,Low
River_Derwent_Elvington_2,2022-11,final_test,observed_target,True,0.0217866666666666,Low,absolute_anomaly_seasonal,0.1716292351484298,Low
River_Derwent_Elvington_2,2022-12,final_test,observed_target,True,0.15617,Low,absolute_anomaly_seasonal,0.0,Low
River_Derwent_Elvington_2,2023-01,final_test,observed_target,True,0.02407375,Low,absolute_anomaly_seasonal,0.0422651879489421,Low
River_Derwent_Elvington_2,2023-02,final_test,observed_target,True,0.04501125,Low,absolute_anomaly_seasonal,0.0260153152048587,Low
River_Derwent_Elvington_2,2023-03,final_test,observed_target,True,0.009524,Low,absolute_anomaly_seasonal,0.036973338574171,Low
River_Derwent_Elvington_2,2023-04,final_test,observed_target,True,0.0,Low,absolute_anomaly_seasonal,0.0842893719673156,Low
River_Derwent_Elvington_2,2023-05,final_test,observed_target,True,0.0,Low,absolute_anomaly_seasonal,0.0192979015409946,Low
River_Derwent_Elvington_2,2023-06,final_test,observed_target,True,0.0553175,Low,absolute_anomaly_seasonal,0.0003635175526142,Low
River_Derwent_Elvington_2,2023-07,final_test,observed_target,True,0.0589966666666666,Low,absolute_anomaly_seasonal,0.023455660790205,Low
River_Derwent_Elvington_2,2023-08,final_test,observed_target,True,0.14619125,Low,absolute_anomaly_seasonal,0.1100835353136062,Low
River_Derwent_Elvington_2,2023-09,final_test,observed_target,True,0.0699655555555555,Low,absolute_anomaly_seasonal,0.02705043181777,Low
River_Derwent_Elvington_2,2023-10,final_test,observed_target,True,0.14451875,Low,absolute_anomaly_seasonal,0.0487707443535327,Low
River_Derwent_Elvington_2,2023-11,final_test,observed_target,True,0.1045118181818181,Low,absolute_anomaly_seasonal,0.0857894718647003,Low
River_Derwent_Elvington_2,2023-12,final_test,observed_target,True,0.01287,Low,absolute_anomaly_seasonal,0.1506873071193695,Low
River_Derwent_Elvington_2,2024-01,final_test,observed_target,True,0.0107877777777777,Low,absolute_anomaly_seasonal,0.0523253567516803,Low
River_Derwent_Elvington_2,2024-02,final_test,observed_target,True,0.0101011111111111,Low,absolute_anomaly_seasonal,0.0318857990205287,Low
River_Derwent_Elvington_2,2024-03,final_test,observed_target,True,0.0,Low,absolute_anomaly_seasonal,0.0524758212268352,Low
River_Derwent_Elvington_2,2024-04,final_test,observed_target,True,0.009615,Low,absolute_anomaly_seasonal,0.0594938807189464,Low
River_Derwent_Elvington_2,2024-05,final_test,observed_target,True,0.02304125,Low,absolute_anomaly_seasonal,0.1085423827171325,Low
River_Derwent_Elvington_2,2024-06,final_test,observed_target,True,0.0,Low,absolute_anomaly_seasonal,0.0246778987348079,Low
River_Derwent_Elvington_2,2024-07,final_test,observed_target,True,0.0,Low,absolute_anomaly_seasonal,0.1895274221897125,Low
River_Derwent_Elvington_2,2024-08,final_test,observed_target,True,0.0,Low,absolute_anomaly_seasonal,0.1033376455307006,Low
River_Derwent_Elvington_2,2024-09,final_test,observed_target,True,0.0,Low,absolute_anomaly_seasonal,0.082479640841484,Low
River_Derwent_Elvington_2,2024-10,final_test,observed_target,True,0.047382,Low,absolute_anomaly_seasonal,0.0102434195578098,Low
River_Derwent_Elvington_2,2024-11,final_test,unobserved_month,False,,,absolute_anomaly_seasonal,0.1015239357948303,Low
River_Derwent_Elvington_2,2024-12,final_test,unobserved_month,False,,,absolute_anomaly_seasonal,0.0025955662131309,Low
River_Derwent_Elvington_2,2025-01,final_test,unobserved_month,False,,,absolute_anomaly_seasonal,0.0492759384214878,Low
River_Derwent_Elvington_2,2025-02,final_test,unobserved_month,False,,,absolute_anomaly_seasonal,0.0402569882571697,Low
River_Derwent_Elvington_2,2025-03,final_test,unobserved_month,False,,,absolute_anomaly_seasonal,0.0275374539196491,Low
River_Derwent_Elvington_2,2025-04,final_test,unobserved_month,False,,,absolute_anomaly_seasonal,0.0050607323646545,Low
River_Derwent_Elvington_2,2025-05,final_test,unobserved_month,False,,,absolute_anomaly_seasonal,0.0265725441277027,Low
River_Derwent_Elvington_2,2025-06,final_test,unobserved_month,False,,,absolute_anomaly_seasonal,0.0064042769372463,Low
River_Derwent_Elvington_2,2025-07,final_test,unobserved_month,False,,,absolute_anomaly_seasonal,0.03471115604043,Low
River_Derwent_Elvington_2,2025-08,final_test,unobserved_month,False,,,absolute_anomaly_seasonal,0.0252230428159236,Low
River_Derwent_Elvington_2,2025-09,final_test,unobserved_month,False,,,absolute_anomaly_seasonal,0.0531731210649013,Low
River_Derwent_Elvington_2,2025-10,final_test,unobserved_month,False,,,absolute_anomaly_seasonal,0.0953047722578048,Low
River_Derwent_Elvington_2,2025-11,final_test,unobserved_month,False,,,absolute_anomaly_seasonal,0.0,Low
River_Derwent_Elvington_2,2025-12,final_test,unobserved_month,False,,,absolute_anomaly_seasonal,0.0090970695018768,Low
River_Derwent_Elvington_2,2026-01,final_test,unobserved_month,False,,,absolute_anomaly_seasonal,0.0,Low
River_Derwent_Elvington_2,2026-02,final_test,unobserved_month,False,,,absolute_anomaly_seasonal,0.024098303169012,Low
River_Derwent_Elvington_2,2026-03,final_test,unobserved_month,False,,,absolute_anomaly_seasonal,0.0729688853025436,Low
River_Derwent_Elvington_2,2026-04,final_test,unobserved_month,False,,,absolute_anomaly_seasonal,0.0670757740736007,Low
River_Derwent_Elvington_2,2026-05,final_test,unobserved_month,False,,,absolute_anomaly_seasonal,0.0375006832182407,Low
River_Derwent_Elvington_2,2026-06,final_test,unobserved_month,False,,,absolute_anomaly_seasonal,0.0382697843015193,Low
River_Derwent_Elvington_2,2026-07,final_test,unobserved_month,False,,,absolute_anomaly_seasonal,0.0771045684814453,Low
River_Derwent_Elvington_2,2026-08,final_test,unobserved_month,False,,,absolute_anomaly_seasonal,0.0367681644856929,Low
River_Derwent_Elvington_2,2026-09,final_test,unobserved_month,False,,,absolute_anomaly_seasonal,0.1004828661680221,Low
River_Derwent_Wressle,2021-01,final_test,unobserved_month,False,,,absolute_anomaly_seasonal,0.1125770956277847,Low
River_Derwent_Wressle,2021-02,final_test,unobserved_month,False,,,absolute_anomaly_seasonal,0.0665784627199173,Low
River_Derwent_Wressle,2021-03,final_test,observed_target,True,0.0,Low,absolute_anomaly_seasonal,0.1192662566900253,Low
River_Derwent_Wressle,2021-04,final_test,unobserved_month,False,,,absolute_anomaly_seasonal,0.0411965437233448,Low
River_Derwent_Wressle,2021-05,final_test,unobserved_month,False,,,absolute_anomaly_seasonal,0.0,Low
River_Derwent_Wressle,2021-06,final_test,observed_target,True,0.02142,Low,absolute_anomaly_seasonal,0.0034998320043087,Low
River_Derwent_Wressle,2021-07,final_test,unobserved_month,False,,,absolute_anomaly_seasonal,0.0139241404831409,Low
River_Derwent_Wressle,2021-08,final_test,observed_target,True,0.0,Low,absolute_anomaly_seasonal,0.0396040715277195,Low
River_Derwent_Wressle,2021-09,final_test,unobserved_month,False,,,absolute_anomaly_seasonal,0.1816013157367706,Low
River_Derwent_Wressle,2021-10,final_test,observed_target,True,0.0,Low,absolute_anomaly_seasonal,0.1010729372501373,Low
River_Derwent_Wressle,2021-11,final_test,observed_target,True,0.0,Low,absolute_anomaly_seasonal,0.1437060534954071,Low
River_Derwent_Wressle,2021-12,final_test,observed_target,True,0.0,Low,absolute_anomaly_seasonal,0.3215695917606354,Medium
River_Derwent_Wressle,2022-01,final_test,observed_target,True,0.0,Low,absolute_anomaly_seasonal,0.0162342749536037,Low
River_Derwent_Wressle,2022-02,final_test,observed_target,True,0.017094,Low,absolute_anomaly_seasonal,0.0682692527770996,Low
River_Derwent_Wressle,2022-03,final_test,unobserved_month,False,,,absolute_anomaly_seasonal,0.0,Low
River_Derwent_Wressle,2022-04,final_test,observed_target,True,0.0,Low,absolute_anomaly_seasonal,0.0079644620418548,Low
River_Derwent_Wressle,2022-05,final_test,observed_target,True,0.0,Low,absolute_anomaly_seasonal,0.0017574466764926,Low
River_Derwent_Wressle,2022-06,final_test,observed_target,True,0.0,Low,absolute_anomaly_seasonal,0.0264351777732372,Low
River_Derwent_Wressle,2022-07,final_test,unobserved_month,False,,,absolute_anomaly_seasonal,0.0,Low
River_Derwent_Wressle,2022-08,final_test,observed_target,True,0.0,Low,absolute_anomaly_seasonal,0.0177277810871601,Low
River_Derwent_Wressle,2022-09,final_test,observed_target,True,0.0,Low,absolute_anomaly_seasonal,0.1006274223327636,Low
River_Derwent_Wressle,2022-10,final_test,observed_target,True,0.0,Low,absolute_anomaly_seasonal,0.1422570049762725,Low
River_Derwent_Wressle,2022-11,final_test,observed_target,True,0.0,Low,absolute_anomaly_seasonal,0.1090909838676452,Low
River_Derwent_Wressle,2022-12,final_test,observed_target,True,0.0,Low,absolute_anomaly_seasonal,0.0560487620532512,Low
River_Derwent_Wressle,2023-01,final_test,observed_target,True,0.0,Low,absolute_anomaly_seasonal,0.0,Low
River_Derwent_Wressle,2023-02,final_test,observed_target,True,0.0,Low,absolute_anomaly_seasonal,0.0078647546470165,Low
River_Derwent_Wressle,2023-03,final_test,observed_target,True,0.0,Low,absolute_anomaly_seasonal,0.011585209518671,Low
River_Derwent_Wressle,2023-04,final_test,observed_target,True,0.0,Low,absolute_anomaly_seasonal,0.024164792150259,Low
River_Derwent_Wressle,2023-05,final_test,unobserved_month,False,,,absolute_anomaly_seasonal,0.0359560959041118,Low
River_Derwent_Wressle,2023-06,final_test,observed_target,True,0.0,Low,absolute_anomaly_seasonal,0.0444284714758396,Low
River_Derwent_Wressle,2023-07,final_test,observed_target,True,0.02381,Low,absolute_anomaly_seasonal,0.0009430982172489,Low
River_Derwent_Wressle,2023-08,final_test,observed_target,True,0.0,Low,absolute_anomaly_seasonal,0.0002656430006027,Low
River_Derwent_Wressle,2023-09,final_test,observed_target,True,0.088495,Low,absolute_anomaly_seasonal,0.0,Low
River_Derwent_Wressle,2023-10,final_test,observed_target,True,0.017858,Low,absolute_anomaly_seasonal,0.0,Low
River_Derwent_Wressle,2023-11,final_test,unobserved_month,False,,,absolute_anomaly_seasonal,0.0201197825372219,Low
River_Derwent_Wressle,2023-12,final_test,observed_target,True,0.0,Low,absolute_anomaly_seasonal,0.0534286238253116,Low
River_Derwent_Wressle,2024-01,final_test,observed_target,True,0.0,Low,absolute_anomaly_seasonal,0.0121633112430572,Low
River_Derwent_Wressle,2024-02,final_test,unobserved_month,False,,,absolute_anomaly_seasonal,0.0832583010196685,Low
River_Derwent_Wressle,2024-03,final_test,observed_target,True,0.0,Low,absolute_anomaly_seasonal,0.0128100030124187,Low
River_Derwent_Wressle,2024-04,final_test,unobserved_month,False,,,absolute_anomaly_seasonal,0.022103939205408,Low
River_Derwent_Wressle,2024-05,final_test,observed_target,True,0.0,Low,absolute_anomaly_seasonal,0.0277644284069538,Low
River_Derwent_Wressle,2024-06,final_test,observed_target,True,0.0225225,Low,absolute_anomaly_seasonal,0.0290062762796878,Low
River_Derwent_Wressle,2024-07,final_test,observed_target,True,0.0,Low,absolute_anomaly_seasonal,0.1417975276708603,Low
River_Derwent_Wressle,2024-08,final_test,observed_target,True,0.0,Low,absolute_anomaly_seasonal,0.0213421396911144,Low
River_Derwent_Wressle,2024-09,final_test,observed_target,True,0.0,Low,absolute_anomaly_seasonal,0.0,Low
River_Derwent_Wressle,2024-10,final_test,unobserved_month,False,,,absolute_anomaly_seasonal,0.0461952872574329,Low
River_Derwent_Wressle,2024-11,final_test,unobserved_month,False,,,absolute_anomaly_seasonal,0.0184270851314067,Low
River_Derwent_Wressle,2024-12,final_test,unobserved_month,False,,,absolute_anomaly_seasonal,0.0120361968874931,Low
River_Derwent_Wressle,2025-01,final_test,unobserved_month,False,,,absolute_anomaly_seasonal,0.1270530372858047,Low
River_Derwent_Wressle,2025-02,final_test,unobserved_month,False,,,absolute_anomaly_seasonal,0.0284191481769084,Low
River_Derwent_Wressle,2025-03,final_test,unobserved_month,False,,,absolute_anomaly_seasonal,0.0352085568010807,Low
River_Derwent_Wressle,2025-04,final_test,unobserved_month,False,,,absolute_anomaly_seasonal,0.0419690199196338,Low
River_Derwent_Wressle,2025-05,final_test,unobserved_month,False,,,absolute_anomaly_seasonal,0.0032308958470821,Low
River_Derwent_Wressle,2025-06,final_test,unobserved_month,False,,,absolute_anomaly_seasonal,0.0367064140737056,Low
River_Derwent_Wressle,2025-07,final_test,unobserved_month,False,,,absolute_anomaly_seasonal,0.1984070390462875,Low
River_Derwent_Wressle,2025-08,final_test,unobserved_month,False,,,absolute_anomaly_seasonal,0.0867439657449722,Low
River_Derwent_Wressle,2025-09,final_test,unobserved_month,False,,,absolute_anomaly_seasonal,0.0039652436971664,Low
River_Derwent_Wressle,2025-10,final_test,unobserved_month,False,,,absolute_anomaly_seasonal,0.0,Low
River_Derwent_Wressle,2025-11,final_test,unobserved_month,False,,,absolute_anomaly_seasonal,0.0097113847732543,Low
River_Derwent_Wressle,2025-12,final_test,unobserved_month,False,,,absolute_anomaly_seasonal,0.0711579620838165,Low
River_Derwent_Wressle,2026-01,final_test,unobserved_month,False,,,absolute_anomaly_seasonal,0.0,Low
River_Derwent_Wressle,2026-02,final_test,unobserved_month,False,,,absolute_anomaly_seasonal,0.0,Low
River_Derwent_Wressle,2026-03,final_test,unobserved_month,False,,,absolute_anomaly_seasonal,0.0449269451200962,Low
River_Derwent_Wressle,2026-04,final_test,unobserved_month,False,,,absolute_anomaly_seasonal,0.0075434297323226,Low
River_Derwent_Wressle,2026-05,final_test,unobserved_month,False,,,absolute_anomaly_seasonal,0.015880312770605,Low
River_Derwent_Wressle,2026-06,final_test,unobserved_month,False,,,absolute_anomaly_seasonal,0.0287946425378322,Low
River_Derwent_Wressle,2026-07,final_test,unobserved_month,False,,,absolute_anomaly_seasonal,0.050655473023653,Low
River_Derwent_Wressle,2026-08,final_test,unobserved_month,False,,,absolute_anomaly_seasonal,0.0507215149700641,Low
River_Derwent_Wressle,2026-09,final_test,unobserved_month,False,,,absolute_anomaly_seasonal,0.027217011898756,Low
River_Deveron_CairnfordBridgeHuntly,2021-01,final_test,unobserved_month,False,,,absolute_anomaly_seasonal,0.0827122926712036,Low
River_Deveron_CairnfordBridgeHuntly,2021-02,final_test,unobserved_month,False,,,absolute_anomaly_seasonal,0.0360628850758075,Low
River_Deveron_CairnfordBridgeHuntly,2021-03,final_test,unobserved_month,False,,,absolute_anomaly_seasonal,0.0321021862328052,Low
River_Deveron_CairnfordBridgeHuntly,2021-04,final_test,unobserved_month,False,,,absolute_anomaly_seasonal,0.0249537862837314,Low
River_Deveron_CairnfordBridgeHuntly,2021-05,final_test,unobserved_month,False,,,absolute_anomaly_seasonal,0.0503750406205654,Low
River_Deveron_CairnfordBridgeHuntly,2021-06,final_test,unobserved_month,False,,,absolute_anomaly_seasonal,0.078674703836441,Low
River_Deveron_CairnfordBridgeHuntly,2021-07,final_test,unobserved_month,False,,,absolute_anomaly_seasonal,0.0183683596551418,Low
River_Deveron_CairnfordBridgeHuntly,2021-08,final_test,unobserved_month,False,,,absolute_anomaly_seasonal,0.1081117838621139,Low
River_Deveron_CairnfordBridgeHuntly,2021-09,final_test,unobserved_month,False,,,absolute_anomaly_seasonal,0.0999760925769805,Low
River_Deveron_CairnfordBridgeHuntly,2021-10,final_test,unobserved_month,False,,,absolute_anomaly_seasonal,0.1052060276269912,Low
River_Deveron_CairnfordBridgeHuntly,2021-11,final_test,unobserved_month,False,,,absolute_anomaly_seasonal,0.2837948799133301,Medium
River_Deveron_CairnfordBridgeHuntly,2021-12,final_test,unobserved_month,False,,,absolute_anomaly_seasonal,0.0407608561217784,Low
River_Deveron_CairnfordBridgeHuntly,2022-01,final_test,unobserved_month,False,,,absolute_anomaly_seasonal,0.0595768205821514,Low
River_Deveron_CairnfordBridgeHuntly,2022-02,final_test,unobserved_month,False,,,absolute_anomaly_seasonal,0.0615357719361782,Low
River_Deveron_CairnfordBridgeHuntly,2022-03,final_test,unobserved_month,False,,,absolute_anomaly_seasonal,0.0102037340402603,Low
River_Deveron_CairnfordBridgeHuntly,2022-04,final_test,unobserved_month,False,,,absolute_anomaly_seasonal,0.000156607478857,Low
River_Deveron_CairnfordBridgeHuntly,2022-05,final_test,unobserved_month,False,,,absolute_anomaly_seasonal,0.013588648289442,Low
River_Deveron_CairnfordBridgeHuntly,2022-06,final_test,unobserved_month,False,,,absolute_anomaly_seasonal,0.0362692885100841,Low
River_Deveron_CairnfordBridgeHuntly,2022-07,final_test,unobserved_month,False,,,absolute_anomaly_seasonal,0.0208656154572963,Low
River_Deveron_CairnfordBridgeHuntly,2022-08,final_test,unobserved_month,False,,,absolute_anomaly_seasonal,0.0254560522735118,Low
River_Deveron_CairnfordBridgeHuntly,2022-09,final_test,unobserved_month,False,,,absolute_anomaly_seasonal,0.0343559719622135,Low
River_Deveron_CairnfordBridgeHuntly,2022-10,final_test,unobserved_month,False,,,absolute_anomaly_seasonal,0.070879191160202,Low
River_Deveron_CairnfordBridgeHuntly,2022-11,final_test,unobserved_month,False,,,absolute_anomaly_seasonal,0.0699577331542968,Low
River_Deveron_CairnfordBridgeHuntly,2022-12,final_test,unobserved_month,False,,,absolute_anomaly_seasonal,0.1400830298662185,Low
River_Deveron_CairnfordBridgeHuntly,2023-01,final_test,unobserved_month,False,,,absolute_anomaly_seasonal,0.0128552429378032,Low
River_Deveron_CairnfordBridgeHuntly,2023-02,final_test,unobserved_month,False,,,absolute_anomaly_seasonal,0.0373010076582431,Low
River_Deveron_CairnfordBridgeHuntly,2023-03,final_test,unobserved_month,False,,,absolute_anomaly_seasonal,0.0212021581828594,Low
River_Deveron_CairnfordBridgeHuntly,2023-04,final_test,unobserved_month,False,,,absolute_anomaly_seasonal,0.0040872767567634,Low
River_Deveron_CairnfordBridgeHuntly,2023-05,final_test,unobserved_month,False,,,absolute_anomaly_seasonal,0.0152903236448764,Low
River_Deveron_CairnfordBridgeHuntly,2023-06,final_test,unobserved_month,False,,,absolute_anomaly_seasonal,0.0145906619727611,Low
River_Deveron_CairnfordBridgeHuntly,2023-07,final_test,unobserved_month,False,,,absolute_anomaly_seasonal,0.034866202622652,Low
River_Deveron_CairnfordBridgeHuntly,2023-08,final_test,unobserved_month,False,,,absolute_anomaly_seasonal,0.0,Low
River_Deveron_CairnfordBridgeHuntly,2023-09,final_test,unobserved_month,False,,,absolute_anomaly_seasonal,0.0710476487874984,Low
River_Deveron_CairnfordBridgeHuntly,2023-10,final_test,unobserved_month,False,,,absolute_anomaly_seasonal,0.1484224051237106,Low
River_Deveron_CairnfordBridgeHuntly,2023-11,final_test,unobserved_month,False,,,absolute_anomaly_seasonal,0.0873065441846847,Low
River_Deveron_CairnfordBridgeHuntly,2023-12,final_test,unobserved_month,False,,,absolute_anomaly_seasonal,0.075246438384056,Low
River_Deveron_CairnfordBridgeHuntly,2024-01,final_test,unobserved_month,False,,,absolute_anomaly_seasonal,0.0799920558929443,Low
River_Deveron_CairnfordBridgeHuntly,2024-02,final_test,unobserved_month,False,,,absolute_anomaly_seasonal,0.0372365228831768,Low
River_Deveron_CairnfordBridgeHuntly,2024-03,final_test,unobserved_month,False,,,absolute_anomaly_seasonal,0.0447458066046237,Low
River_Deveron_CairnfordBridgeHuntly,2024-04,final_test,unobserved_month,False,,,absolute_anomaly_seasonal,0.0101934112608432,Low
River_Deveron_CairnfordBridgeHuntly,2024-05,final_test,unobserved_month,False,,,absolute_anomaly_seasonal,0.014868427067995,Low
River_Deveron_CairnfordBridgeHuntly,2024-06,final_test,unobserved_month,False,,,absolute_anomaly_seasonal,0.0534968115389347,Low
River_Deveron_CairnfordBridgeHuntly,2024-07,final_test,unobserved_month,False,,,absolute_anomaly_seasonal,0.0469451807439327,Low
River_Deveron_CairnfordBridgeHuntly,2024-08,final_test,unobserved_month,False,,,absolute_anomaly_seasonal,0.0478231199085712,Low
River_Deveron_CairnfordBridgeHuntly,2024-09,final_test,unobserved_month,False,,,absolute_anomaly_seasonal,0.0597644262015819,Low
River_Deveron_CairnfordBridgeHuntly,2024-10,final_test,unobserved_month,False,,,absolute_anomaly_seasonal,0.1046125739812851,Low
River_Deveron_CairnfordBridgeHuntly,2024-11,final_test,unobserved_month,False,,,absolute_anomaly_seasonal,0.0923806130886077,Low
River_Deveron_CairnfordBridgeHuntly,2024-12,final_test,unobserved_month,False,,,absolute_anomaly_seasonal,0.1185229867696762,Low
River_Deveron_CairnfordBridgeHuntly,2025-01,final_test,unobserved_month,False,,,absolute_anomaly_seasonal,0.3835821151733398,Medium
River_Deveron_CairnfordBridgeHuntly,2025-02,final_test,unobserved_month,False,,,absolute_anomaly_seasonal,0.0634957104921341,Low
River_Deveron_CairnfordBridgeHuntly,2025-03,final_test,unobserved_month,False,,,absolute_anomaly_seasonal,0.0231774859130382,Low
River_Deveron_CairnfordBridgeHuntly,2025-04,final_test,unobserved_month,False,,,absolute_anomaly_seasonal,0.0692004710435867,Low
River_Deveron_CairnfordBridgeHuntly,2025-05,final_test,unobserved_month,False,,,absolute_anomaly_seasonal,0.034338716417551,Low
River_Deveron_CairnfordBridgeHuntly,2025-06,final_test,unobserved_month,False,,,absolute_anomaly_seasonal,0.0011071935296058,Low
River_Deveron_CairnfordBridgeHuntly,2025-07,final_test,unobserved_month,False,,,absolute_anomaly_seasonal,0.0030462667346,Low
River_Deveron_CairnfordBridgeHuntly,2025-08,final_test,unobserved_month,False,,,absolute_anomaly_seasonal,0.0280282758176326,Low
River_Deveron_CairnfordBridgeHuntly,2025-09,final_test,unobserved_month,False,,,absolute_anomaly_seasonal,0.0319469310343265,Low
River_Deveron_CairnfordBridgeHuntly,2025-10,final_test,unobserved_month,False,,,absolute_anomaly_seasonal,0.0488775931298732,Low
River_Deveron_CairnfordBridgeHuntly,2025-11,final_test,unobserved_month,False,,,absolute_anomaly_seasonal,0.0934022367000579,Low
River_Deveron_CairnfordBridgeHuntly,2025-12,final_test,unobserved_month,False,,,absolute_anomaly_seasonal,0.0532247982919216,Low
River_Deveron_CairnfordBridgeHuntly,2026-01,final_test,unobserved_month,False,,,absolute_anomaly_seasonal,0.0773228108882904,Low
River_Deveron_CairnfordBridgeHuntly,2026-02,final_test,unobserved_month,False,,,absolute_anomaly_seasonal,0.0,Low
River_Deveron_CairnfordBridgeHuntly,2026-03,final_test,unobserved_month,False,,,absolute_anomaly_seasonal,0.0521781407296657,Low
River_Deveron_CairnfordBridgeHuntly,2026-04,final_test,unobserved_month,False,,,absolute_anomaly_seasonal,0.0355318374931812,Low
River_Deveron_CairnfordBridgeHuntly,2026-05,final_test,unobserved_month,False,,,absolute_anomaly_seasonal,0.0079659521579742,Low
River_Deveron_CairnfordBridgeHuntly,2026-06,final_test,unobserved_month,False,,,absolute_anomaly_seasonal,0.002666562795639,Low
River_Deveron_CairnfordBridgeHuntly,2026-07,final_test,unobserved_month,False,,,absolute_anomaly_seasonal,0.0259475894272327,Low
River_Deveron_CairnfordBridgeHuntly,2026-08,final_test,unobserved_month,False,,,absolute_anomaly_seasonal,0.002285499125719,Low
River_Deveron_CairnfordBridgeHuntly,2026-09,final_test,unobserved_month,False,,,absolute_anomaly_seasonal,0.0132399685680866,Low
River_Deveron_TurriffMuiresk,2021-01,final_test,observed_target,True,0.0775,Low,absolute_anomaly_seasonal,0.0887022763490676,Low
River_Deveron_TurriffMuiresk,2021-02,final_test,observed_target,True,0.01175,Low,absolute_anomaly_seasonal,0.0335780642926692,Low
River_Deveron_TurriffMuiresk,2021-03,final_test,observed_target,True,0.02775,Low,absolute_anomaly_seasonal,0.0743943601846695,Low
River_Deveron_TurriffMuiresk,2021-04,final_test,observed_target,True,0.258,Medium,absolute_anomaly_seasonal,0.0029165670275688,Low
River_Deveron_TurriffMuiresk,2021-05,final_test,observed_target,True,0.13975,Low,absolute_anomaly_seasonal,0.0069802366197109,Low
River_Deveron_TurriffMuiresk,2021-06,final_test,observed_target,True,0.0,Low,absolute_anomaly_seasonal,0.0156640075147151,Low
River_Deveron_TurriffMuiresk,2021-07,final_test,observed_target,True,0.50475,High,absolute_anomaly_seasonal,0.0101768970489501,Low
River_Deveron_TurriffMuiresk,2021-08,final_test,observed_target,True,0.03,Low,absolute_anomaly_seasonal,0.0078616067767143,Low
River_Deveron_TurriffMuiresk,2021-09,final_test,observed_target,True,0.0,Low,absolute_anomaly_seasonal,0.0504026524722576,Low
River_Deveron_TurriffMuiresk,2021-10,final_test,observed_target,True,0.04475,Low,absolute_anomaly_seasonal,0.1429497599601745,Low
River_Deveron_TurriffMuiresk,2021-11,final_test,observed_target,True,0.0,Low,absolute_anomaly_seasonal,0.0599182806909084,Low
River_Deveron_TurriffMuiresk,2021-12,final_test,observed_target,True,0.0,Low,absolute_anomaly_seasonal,0.0378484316170215,Low
River_Deveron_TurriffMuiresk,2022-01,final_test,unobserved_month,False,,,absolute_anomaly_seasonal,0.1032723486423492,Low
River_Deveron_TurriffMuiresk,2022-02,final_test,observed_target,True,0.04525,Low,absolute_anomaly_seasonal,0.0518174432218074,Low
River_Deveron_TurriffMuiresk,2022-03,final_test,observed_target,True,0.0672,Low,absolute_anomaly_seasonal,0.0749077349901199,Low
River_Deveron_TurriffMuiresk,2022-04,final_test,observed_target,True,0.1125,Low,absolute_anomaly_seasonal,0.1215698570013046,Low
River_Deveron_TurriffMuiresk,2022-05,final_test,observed_target,True,0.109,Low,absolute_anomaly_seasonal,0.0269255228340625,Low
River_Deveron_TurriffMuiresk,2022-06,final_test,observed_target,True,0.02,Low,absolute_anomaly_seasonal,0.0,Low
River_Deveron_TurriffMuiresk,2022-07,final_test,observed_target,True,0.0,Low,absolute_anomaly_seasonal,0.0478740744292736,Low
River_Deveron_TurriffMuiresk,2022-08,final_test,observed_target,True,0.0,Low,absolute_anomaly_seasonal,0.0269524492323398,Low
River_Deveron_TurriffMuiresk,2022-09,final_test,observed_target,True,0.0,Low,absolute_anomaly_seasonal,0.3412097692489624,Medium
River_Deveron_TurriffMuiresk,2022-10,final_test,observed_target,True,0.20325,Low,absolute_anomaly_seasonal,0.1759651899337768,Low
River_Deveron_TurriffMuiresk,2022-11,final_test,observed_target,True,0.3882,Medium,absolute_anomaly_seasonal,0.0663770735263824,Low
River_Deveron_TurriffMuiresk,2022-12,final_test,observed_target,True,0.04175,Low,absolute_anomaly_seasonal,0.1598168164491653,Low
River_Deveron_TurriffMuiresk,2023-01,final_test,unobserved_month,False,,,absolute_anomaly_seasonal,0.0908421277999877,Low
River_Deveron_TurriffMuiresk,2023-02,final_test,observed_target,True,0.037,Low,absolute_anomaly_seasonal,0.0,Low
River_Deveron_TurriffMuiresk,2023-03,final_test,observed_target,True,0.087,Low,absolute_anomaly_seasonal,0.1394735723733902,Low
River_Deveron_TurriffMuiresk,2023-04,final_test,observed_target,True,0.03475,Low,absolute_anomaly_seasonal,0.0016755647957324,Low
River_Deveron_TurriffMuiresk,2023-05,final_test,observed_target,True,0.0703999999999999,Low,absolute_anomaly_seasonal,0.0300759114325046,Low
River_Deveron_TurriffMuiresk,2023-06,final_test,observed_target,True,0.0,Low,absolute_anomaly_seasonal,0.0,Low
River_Deveron_TurriffMuiresk,2023-07,final_test,observed_target,True,0.062,Low,absolute_anomaly_seasonal,0.0782506614923477,Low
River_Deveron_TurriffMuiresk,2023-08,final_test,observed_target,True,0.031,Low,absolute_anomaly_seasonal,0.0773887783288955,Low
River_Deveron_TurriffMuiresk,2023-09,final_test,observed_target,True,0.08825,Low,absolute_anomaly_seasonal,0.0355666540563106,Low
River_Deveron_TurriffMuiresk,2023-10,final_test,observed_target,True,0.5178,High,absolute_anomaly_seasonal,0.1513194888830185,Low
River_Deveron_TurriffMuiresk,2023-11,final_test,observed_target,True,0.17925,Low,absolute_anomaly_seasonal,0.0701365321874618,Low
River_Deveron_TurriffMuiresk,2023-12,final_test,observed_target,True,0.08125,Low,absolute_anomaly_seasonal,0.0254549346864223,Low
River_Deveron_TurriffMuiresk,2024-01,final_test,observed_target,True,0.2402,Low,absolute_anomaly_seasonal,0.050077561289072,Low
River_Deveron_TurriffMuiresk,2024-02,final_test,observed_target,True,0.15725,Low,absolute_anomaly_seasonal,0.1300166696310043,Low
River_Deveron_TurriffMuiresk,2024-03,final_test,observed_target,True,0.06875,Low,absolute_anomaly_seasonal,0.1860744059085846,Low
River_Deveron_TurriffMuiresk,2024-04,final_test,observed_target,True,0.10025,Low,absolute_anomaly_seasonal,0.0966091901063919,Low
River_Deveron_TurriffMuiresk,2024-05,final_test,observed_target,True,0.1394,Low,absolute_anomaly_seasonal,0.022047970443964,Low
River_Deveron_TurriffMuiresk,2024-06,final_test,observed_target,True,0.10375,Low,absolute_anomaly_seasonal,0.0370924659073352,Low
River_Deveron_TurriffMuiresk,2024-07,final_test,observed_target,True,0.0,Low,absolute_anomaly_seasonal,0.0331833697855472,Low
River_Deveron_TurriffMuiresk,2024-08,final_test,observed_target,True,0.0,Low,absolute_anomaly_seasonal,0.0278810523450374,Low
River_Deveron_TurriffMuiresk,2024-09,final_test,observed_target,True,0.04325,Low,absolute_anomaly_seasonal,0.1558458060026168,Low
River_Deveron_TurriffMuiresk,2024-10,final_test,observed_target,True,0.0,Low,absolute_anomaly_seasonal,0.1544109880924224,Low
River_Deveron_TurriffMuiresk,2024-11,final_test,observed_target,True,0.0,Low,absolute_anomaly_seasonal,0.1444694399833679,Low
River_Deveron_TurriffMuiresk,2024-12,final_test,unobserved_month,False,,,absolute_anomaly_seasonal,0.2512947618961334,Medium
River_Deveron_TurriffMuiresk,2025-01,final_test,observed_target,True,0.0,Low,absolute_anomaly_seasonal,0.2642661333084106,Medium
River_Deveron_TurriffMuiresk,2025-02,final_test,observed_target,True,0.0,Low,absolute_anomaly_seasonal,0.0,Low
River_Deveron_TurriffMuiresk,2025-03,final_test,observed_target,True,0.01925,Low,absolute_anomaly_seasonal,0.0052173286676406,Low
River_Deveron_TurriffMuiresk,2025-04,final_test,observed_target,True,0.096,Low,absolute_anomaly_seasonal,0.0,Low
River_Deveron_TurriffMuiresk,2025-05,final_test,observed_target,True,0.0,Low,absolute_anomaly_seasonal,0.0039272420108318,Low
River_Deveron_TurriffMuiresk,2025-06,final_test,observed_target,True,0.0,Low,absolute_anomaly_seasonal,0.0606734938919544,Low
River_Deveron_TurriffMuiresk,2025-07,final_test,unobserved_month,False,,,absolute_anomaly_seasonal,0.2180950492620468,Low
River_Deveron_TurriffMuiresk,2025-08,final_test,unobserved_month,False,,,absolute_anomaly_seasonal,0.110269546508789,Low
River_Deveron_TurriffMuiresk,2025-09,final_test,unobserved_month,False,,,absolute_anomaly_seasonal,0.1204298138618469,Low
River_Deveron_TurriffMuiresk,2025-10,final_test,unobserved_month,False,,,absolute_anomaly_seasonal,0.3241036534309387,Medium
River_Deveron_TurriffMuiresk,2025-11,final_test,unobserved_month,False,,,absolute_anomaly_seasonal,0.165637731552124,Low
River_Deveron_TurriffMuiresk,2025-12,final_test,unobserved_month,False,,,absolute_anomaly_seasonal,0.0482779256999492,Low
River_Deveron_TurriffMuiresk,2026-01,final_test,unobserved_month,False,,,absolute_anomaly_seasonal,0.0615254826843738,Low
River_Deveron_TurriffMuiresk,2026-02,final_test,unobserved_month,False,,,absolute_anomaly_seasonal,0.1001670956611633,Low
River_Deveron_TurriffMuiresk,2026-03,final_test,unobserved_month,False,,,absolute_anomaly_seasonal,0.1140246838331222,Low
River_Deveron_TurriffMuiresk,2026-04,final_test,unobserved_month,False,,,absolute_anomaly_seasonal,0.3118454217910766,Medium
River_Deveron_TurriffMuiresk,2026-05,final_test,unobserved_month,False,,,absolute_anomaly_seasonal,0.2323789149522781,Low
River_Deveron_TurriffMuiresk,2026-06,final_test,unobserved_month,False,,,absolute_anomaly_seasonal,0.0132099278271198,Low
River_Deveron_TurriffMuiresk,2026-07,final_test,unobserved_month,False,,,absolute_anomaly_seasonal,0.0379444397985935,Low
River_Deveron_TurriffMuiresk,2026-08,final_test,unobserved_month,False,,,absolute_anomaly_seasonal,0.0362598709762096,Low
River_Deveron_TurriffMuiresk,2026-09,final_test,unobserved_month,False,,,absolute_anomaly_seasonal,0.161574050784111,Low
River_Duddon,2021-01,final_test,unobserved_month,False,,,absolute_anomaly_seasonal,0.0476226992905139,Low
River_Duddon,2021-02,final_test,unobserved_month,False,,,absolute_anomaly_seasonal,0.1514702588319778,Low
River_Duddon,2021-03,final_test,unobserved_month,False,,,absolute_anomaly_seasonal,0.0952846556901931,Low
River_Duddon,2021-04,final_test,unobserved_month,False,,,absolute_anomaly_seasonal,0.0803519338369369,Low
River_Duddon,2021-05,final_test,unobserved_month,False,,,absolute_anomaly_seasonal,0.0861415863037109,Low
River_Duddon,2021-06,final_test,unobserved_month,False,,,absolute_anomaly_seasonal,0.0306026302278041,Low
River_Duddon,2021-07,final_test,unobserved_month,False,,,absolute_anomaly_seasonal,0.0980277210474014,Low
River_Duddon,2021-08,final_test,unobserved_month,False,,,absolute_anomaly_seasonal,0.0369520224630832,Low
River_Duddon,2021-09,final_test,unobserved_month,False,,,absolute_anomaly_seasonal,0.0625921785831451,Low
River_Duddon,2021-10,final_test,unobserved_month,False,,,absolute_anomaly_seasonal,0.1199784278869628,Low
River_Duddon,2021-11,final_test,unobserved_month,False,,,absolute_anomaly_seasonal,0.0513371042907238,Low
River_Duddon,2021-12,final_test,unobserved_month,False,,,absolute_anomaly_seasonal,0.0038170143961906,Low
River_Duddon,2022-01,final_test,unobserved_month,False,,,absolute_anomaly_seasonal,0.0235252939164638,Low
River_Duddon,2022-02,final_test,unobserved_month,False,,,absolute_anomaly_seasonal,0.1184811294078826,Low
River_Duddon,2022-03,final_test,observed_target,True,0.0,Low,absolute_anomaly_seasonal,0.0,Low
River_Duddon,2022-04,final_test,unobserved_month,False,,,absolute_anomaly_seasonal,0.0194458328187465,Low
River_Duddon,2022-05,final_test,unobserved_month,False,,,absolute_anomaly_seasonal,0.0253084413707256,Low
River_Duddon,2022-06,final_test,unobserved_month,False,,,absolute_anomaly_seasonal,0.0412881262600421,Low
River_Duddon,2022-07,final_test,unobserved_month,False,,,absolute_anomaly_seasonal,0.0368531234562397,Low
River_Duddon,2022-08,final_test,unobserved_month,False,,,absolute_anomaly_seasonal,0.0671180933713913,Low
River_Duddon,2022-09,final_test,unobserved_month,False,,,absolute_anomaly_seasonal,0.0832098424434661,Low
River_Duddon,2022-10,final_test,unobserved_month,False,,,absolute_anomaly_seasonal,0.1461229473352432,Low
River_Duddon,2022-11,final_test,unobserved_month,False,,,absolute_anomaly_seasonal,0.0940146148204803,Low
River_Duddon,2022-12,final_test,unobserved_month,False,,,absolute_anomaly_seasonal,0.0105239301919937,Low
River_Duddon,2023-01,final_test,unobserved_month,False,,,absolute_anomaly_seasonal,0.0185453481972217,Low
River_Duddon,2023-02,final_test,unobserved_month,False,,,absolute_anomaly_seasonal,0.1044953912496566,Low
River_Duddon,2023-03,final_test,unobserved_month,False,,,absolute_anomaly_seasonal,0.0761838108301162,Low
River_Duddon,2023-04,final_test,unobserved_month,False,,,absolute_anomaly_seasonal,0.0,Low
River_Duddon,2023-05,final_test,unobserved_month,False,,,absolute_anomaly_seasonal,0.0319533385336399,Low
River_Duddon,2023-06,final_test,unobserved_month,False,,,absolute_anomaly_seasonal,0.0851599276065826,Low
River_Duddon,2023-07,final_test,unobserved_month,False,,,absolute_anomaly_seasonal,0.0793106406927108,Low
River_Duddon,2023-08,final_test,unobserved_month,False,,,absolute_anomaly_seasonal,0.0902747511863708,Low
River_Duddon,2023-09,final_test,unobserved_month,False,,,absolute_anomaly_seasonal,0.136592149734497,Low
River_Duddon,2023-10,final_test,unobserved_month,False,,,absolute_anomaly_seasonal,0.0872448533773422,Low
River_Duddon,2023-11,final_test,unobserved_month,False,,,absolute_anomaly_seasonal,0.0566533096134662,Low
River_Duddon,2023-12,final_test,unobserved_month,False,,,absolute_anomaly_seasonal,0.0735383033752441,Low
River_Duddon,2024-01,final_test,unobserved_month,False,,,absolute_anomaly_seasonal,0.0974500477313995,Low
River_Duddon,2024-02,final_test,unobserved_month,False,,,absolute_anomaly_seasonal,0.0813862979412078,Low
River_Duddon,2024-03,final_test,unobserved_month,False,,,absolute_anomaly_seasonal,0.0359144397079944,Low
River_Duddon,2024-04,final_test,unobserved_month,False,,,absolute_anomaly_seasonal,0.0163306109607219,Low
River_Duddon,2024-05,final_test,unobserved_month,False,,,absolute_anomaly_seasonal,0.01588049903512,Low
River_Duddon,2024-06,final_test,unobserved_month,False,,,absolute_anomaly_seasonal,0.043177131563425,Low
River_Duddon,2024-07,final_test,unobserved_month,False,,,absolute_anomaly_seasonal,0.0889342278242111,Low
River_Duddon,2024-08,final_test,unobserved_month,False,,,absolute_anomaly_seasonal,0.100079521536827,Low
River_Duddon,2024-09,final_test,unobserved_month,False,,,absolute_anomaly_seasonal,0.1019348353147506,Low
River_Duddon,2024-10,final_test,unobserved_month,False,,,absolute_anomaly_seasonal,0.1455446779727935,Low
River_Duddon,2024-11,final_test,unobserved_month,False,,,absolute_anomaly_seasonal,0.0524226687848567,Low
River_Duddon,2024-12,final_test,unobserved_month,False,,,absolute_anomaly_seasonal,0.0729238241910934,Low
River_Duddon,2025-01,final_test,unobserved_month,False,,,absolute_anomaly_seasonal,0.0920847952365875,Low
River_Duddon,2025-02,final_test,unobserved_month,False,,,absolute_anomaly_seasonal,0.0382731296122074,Low
River_Duddon,2025-03,final_test,unobserved_month,False,,,absolute_anomaly_seasonal,0.0469539128243923,Low
River_Duddon,2025-04,final_test,unobserved_month,False,,,absolute_anomaly_seasonal,0.0294569171965122,Low
River_Duddon,2025-05,final_test,unobserved_month,False,,,absolute_anomaly_seasonal,0.0203673206269741,Low
River_Duddon,2025-06,final_test,unobserved_month,False,,,absolute_anomaly_seasonal,0.0689275711774826,Low
River_Duddon,2025-07,final_test,unobserved_month,False,,,absolute_anomaly_seasonal,0.1003876030445098,Low
River_Duddon,2025-08,final_test,unobserved_month,False,,,absolute_anomaly_seasonal,0.0573708303272724,Low
River_Duddon,2025-09,final_test,unobserved_month,False,,,absolute_anomaly_seasonal,0.1275375932455063,Low
River_Duddon,2025-10,final_test,unobserved_month,False,,,absolute_anomaly_seasonal,0.0867015868425369,Low
River_Duddon,2025-11,final_test,unobserved_month,False,,,absolute_anomaly_seasonal,0.0459490679204463,Low
River_Duddon,2025-12,final_test,unobserved_month,False,,,absolute_anomaly_seasonal,0.0463785715401172,Low
River_Duddon,2026-01,final_test,unobserved_month,False,,,absolute_anomaly_seasonal,0.0443586595356464,Low
River_Duddon,2026-02,final_test,unobserved_month,False,,,absolute_anomaly_seasonal,0.0745186656713485,Low
River_Duddon,2026-03,final_test,unobserved_month,False,,,absolute_anomaly_seasonal,0.0493840090930461,Low
River_Duddon,2026-04,final_test,unobserved_month,False,,,absolute_anomaly_seasonal,0.0360399968922138,Low
River_Duddon,2026-05,final_test,unobserved_month,False,,,absolute_anomaly_seasonal,0.0490830205380916,Low
River_Duddon,2026-06,final_test,unobserved_month,False,,,absolute_anomaly_seasonal,0.1485044062137603,Low
River_Duddon,2026-07,final_test,unobserved_month,False,,,absolute_anomaly_seasonal,0.0648264288902282,Low
River_Duddon,2026-08,final_test,unobserved_month,False,,,absolute_anomaly_seasonal,0.1601710468530655,Low
River_Duddon,2026-09,final_test,unobserved_month,False,,,absolute_anomaly_seasonal,0.127352088689804,Low
River_Eden,2021-01,final_test,unobserved_month,False,,,absolute_anomaly_seasonal,0.0895420312881469,Low
River_Eden,2021-02,final_test,unobserved_month,False,,,absolute_anomaly_seasonal,0.1079663634300232,Low
River_Eden,2021-03,final_test,unobserved_month,False,,,absolute_anomaly_seasonal,0.0786744952201843,Low
River_Eden,2021-04,final_test,unobserved_month,False,,,absolute_anomaly_seasonal,0.048310313373804,Low
River_Eden,2021-05,final_test,unobserved_month,False,,,absolute_anomaly_seasonal,0.0458308644592762,Low
River_Eden,2021-06,final_test,unobserved_month,False,,,absolute_anomaly_seasonal,0.1045233309268951,Low
River_Eden,2021-07,final_test,unobserved_month,False,,,absolute_anomaly_seasonal,0.2001306265592575,Low
River_Eden,2021-08,final_test,unobserved_month,False,,,absolute_anomaly_seasonal,0.1940478831529617,Low
River_Eden,2021-09,final_test,unobserved_month,False,,,absolute_anomaly_seasonal,0.2391751855611801,Low
River_Eden,2021-10,final_test,unobserved_month,False,,,absolute_anomaly_seasonal,0.3399353325366974,Medium
River_Eden,2021-11,final_test,unobserved_month,False,,,absolute_anomaly_seasonal,0.1214824467897415,Low
River_Eden,2021-12,final_test,unobserved_month,False,,,absolute_anomaly_seasonal,0.2794492542743683,Medium
River_Eden,2022-01,final_test,unobserved_month,False,,,absolute_anomaly_seasonal,0.4071680605411529,Medium
River_Eden,2022-02,final_test,unobserved_month,False,,,absolute_anomaly_seasonal,0.1962025910615921,Low
River_Eden,2022-03,final_test,unobserved_month,False,,,absolute_anomaly_seasonal,0.0873603522777557,Low
River_Eden,2022-04,final_test,unobserved_month,False,,,absolute_anomaly_seasonal,0.1898819059133529,Low
River_Eden,2022-05,final_test,unobserved_month,False,,,absolute_anomaly_seasonal,0.006025917828083,Low
River_Eden,2022-06,final_test,unobserved_month,False,,,absolute_anomaly_seasonal,0.0496000088751316,Low
River_Eden,2022-07,final_test,unobserved_month,False,,,absolute_anomaly_seasonal,0.2115105837583542,Low
River_Eden,2022-08,final_test,unobserved_month,False,,,absolute_anomaly_seasonal,0.4104437232017517,Medium
River_Eden,2022-09,final_test,unobserved_month,False,,,absolute_anomaly_seasonal,0.1913683712482452,Low
River_Eden,2022-10,final_test,unobserved_month,False,,,absolute_anomaly_seasonal,0.1235300004482269,Low
River_Eden,2022-11,final_test,unobserved_month,False,,,absolute_anomaly_seasonal,0.3078750073909759,Medium
River_Eden,2022-12,final_test,unobserved_month,False,,,absolute_anomaly_seasonal,0.2049782425165176,Low
River_Eden,2023-01,final_test,unobserved_month,False,,,absolute_anomaly_seasonal,0.1961067467927932,Low
River_Eden,2023-02,final_test,unobserved_month,False,,,absolute_anomaly_seasonal,0.2943310141563415,Medium
River_Eden,2023-03,final_test,unobserved_month,False,,,absolute_anomaly_seasonal,0.2215625196695327,Low
River_Eden,2023-04,final_test,unobserved_month,False,,,absolute_anomaly_seasonal,0.0428325124084949,Low
River_Eden,2023-05,final_test,unobserved_month,False,,,absolute_anomaly_seasonal,0.0945281386375427,Low
River_Eden,2023-06,final_test,unobserved_month,False,,,absolute_anomaly_seasonal,0.0,Low
River_Eden,2023-07,final_test,unobserved_month,False,,,absolute_anomaly_seasonal,0.0831453949213028,Low
River_Eden,2023-08,final_test,unobserved_month,False,,,absolute_anomaly_seasonal,0.3897069990634918,Medium
River_Eden,2023-09,final_test,unobserved_month,False,,,absolute_anomaly_seasonal,0.4186143279075622,Medium
River_Eden,2023-10,final_test,unobserved_month,False,,,absolute_anomaly_seasonal,0.4399033784866333,Medium
River_Eden,2023-11,final_test,unobserved_month,False,,,absolute_anomaly_seasonal,0.2903650104999542,Medium
River_Eden,2023-12,final_test,unobserved_month,False,,,absolute_anomaly_seasonal,0.1093775480985641,Low
River_Eden,2024-01,final_test,unobserved_month,False,,,absolute_anomaly_seasonal,0.217335894703865,Low
River_Eden,2024-02,final_test,unobserved_month,False,,,absolute_anomaly_seasonal,0.0684332549571991,Low
River_Eden,2024-03,final_test,unobserved_month,False,,,absolute_anomaly_seasonal,0.1482202112674713,Low
River_Eden,2024-04,final_test,unobserved_month,False,,,absolute_anomaly_seasonal,0.1591279059648513,Low
River_Eden,2024-05,final_test,unobserved_month,False,,,absolute_anomaly_seasonal,0.1043345630168914,Low
River_Eden,2024-06,final_test,unobserved_month,False,,,absolute_anomaly_seasonal,0.0857800990343093,Low
River_Eden,2024-07,final_test,unobserved_month,False,,,absolute_anomaly_seasonal,0.2085362523794174,Low
River_Eden,2024-08,final_test,unobserved_month,False,,,absolute_anomaly_seasonal,0.2354913204908371,Low
River_Eden,2024-09,final_test,unobserved_month,False,,,absolute_anomaly_seasonal,0.236184075474739,Low
River_Eden,2024-10,final_test,unobserved_month,False,,,absolute_anomaly_seasonal,0.1484252661466598,Low
River_Eden,2024-11,final_test,unobserved_month,False,,,absolute_anomaly_seasonal,0.1175383031368255,Low
River_Eden,2024-12,final_test,unobserved_month,False,,,absolute_anomaly_seasonal,0.1562910228967666,Low
River_Eden,2025-01,final_test,unobserved_month,False,,,absolute_anomaly_seasonal,0.1182530522346496,Low
River_Eden,2025-02,final_test,unobserved_month,False,,,absolute_anomaly_seasonal,0.0829332023859024,Low
River_Eden,2025-03,final_test,unobserved_month,False,,,absolute_anomaly_seasonal,0.0815423876047134,Low
River_Eden,2025-04,final_test,unobserved_month,False,,,absolute_anomaly_seasonal,0.0727935880422592,Low
River_Eden,2025-05,final_test,unobserved_month,False,,,absolute_anomaly_seasonal,0.0597621761262416,Low
River_Eden,2025-06,final_test,unobserved_month,False,,,absolute_anomaly_seasonal,0.1239705234766006,Low
River_Eden,2025-07,final_test,unobserved_month,False,,,absolute_anomaly_seasonal,0.1735946536064148,Low
River_Eden,2025-08,final_test,unobserved_month,False,,,absolute_anomaly_seasonal,0.3104033470153808,Medium
River_Eden,2025-09,final_test,unobserved_month,False,,,absolute_anomaly_seasonal,0.40992271900177,Medium
River_Eden,2025-10,final_test,unobserved_month,False,,,absolute_anomaly_seasonal,0.1626695245504379,Low
River_Eden,2025-11,final_test,unobserved_month,False,,,absolute_anomaly_seasonal,0.4338233172893524,Medium
River_Eden,2025-12,final_test,unobserved_month,False,,,absolute_anomaly_seasonal,0.2069398909807205,Low
River_Eden,2026-01,final_test,unobserved_month,False,,,absolute_anomaly_seasonal,0.1544971764087677,Low
River_Eden,2026-02,final_test,unobserved_month,False,,,absolute_anomaly_seasonal,0.0816301703453064,Low
River_Eden,2026-03,final_test,unobserved_month,False,,,absolute_anomaly_seasonal,0.0722384303808212,Low
River_Eden,2026-04,final_test,unobserved_month,False,,,absolute_anomaly_seasonal,0.0532705597579479,Low
River_Eden,2026-05,final_test,unobserved_month,False,,,absolute_anomaly_seasonal,0.0862498581409454,Low
River_Eden,2026-06,final_test,unobserved_month,False,,,absolute_anomaly_seasonal,0.0665805637836456,Low
River_Eden,2026-07,final_test,unobserved_month,False,,,absolute_anomaly_seasonal,0.1062305569648742,Low
River_Eden,2026-08,final_test,unobserved_month,False,,,absolute_anomaly_seasonal,0.4458133280277252,Medium
River_Eden,2026-09,final_test,unobserved_month,False,,,absolute_anomaly_seasonal,0.2996060252189636,Medium
River_Esk_Whitby,2021-01,final_test,unobserved_month,False,,,absolute_anomaly_seasonal,0.080852136015892,Low
River_Esk_Whitby,2021-02,final_test,unobserved_month,False,,,absolute_anomaly_seasonal,0.1325561255216598,Low
River_Esk_Whitby,2021-03,final_test,observed_target,True,0.0,Low,absolute_anomaly_seasonal,0.0207411609590053,Low
River_Esk_Whitby,2021-04,final_test,unobserved_month,False,,,absolute_anomaly_seasonal,0.0026987344026565,Low
River_Esk_Whitby,2021-05,final_test,unobserved_month,False,,,absolute_anomaly_seasonal,0.0765073299407959,Low
River_Esk_Whitby,2021-06,final_test,observed_target,True,0.156386,Low,absolute_anomaly_seasonal,0.0215976350009441,Low
River_Esk_Whitby,2021-07,final_test,unobserved_month,False,,,absolute_anomaly_seasonal,0.1203605681657791,Low
River_Esk_Whitby,2021-08,final_test,observed_target,True,0.0,Low,absolute_anomaly_seasonal,0.0390503369271755,Low
River_Esk_Whitby,2021-09,final_test,observed_target,True,0.086395,Low,absolute_anomaly_seasonal,0.1111430525779724,Low
River_Esk_Whitby,2021-10,final_test,observed_target,True,0.0462975,Low,absolute_anomaly_seasonal,0.1185557544231414,Low
River_Esk_Whitby,2021-11,final_test,observed_target,True,0.0,Low,absolute_anomaly_seasonal,0.0348672084510326,Low
River_Esk_Whitby,2021-12,final_test,observed_target,True,0.056614,Low,absolute_anomaly_seasonal,0.0736052840948104,Low
River_Esk_Whitby,2022-01,final_test,observed_target,True,0.0473416666666666,Low,absolute_anomaly_seasonal,0.1431106775999069,Low
River_Esk_Whitby,2022-02,final_test,observed_target,True,0.0,Low,absolute_anomaly_seasonal,0.0470584593713283,Low
River_Esk_Whitby,2022-03,final_test,unobserved_month,False,,,absolute_anomaly_seasonal,0.0343845151364803,Low
River_Esk_Whitby,2022-04,final_test,observed_target,True,0.0,Low,absolute_anomaly_seasonal,0.0597530491650104,Low
River_Esk_Whitby,2022-05,final_test,observed_target,True,0.049025,Low,absolute_anomaly_seasonal,0.0226819328963756,Low
River_Esk_Whitby,2022-06,final_test,observed_target,True,0.0,Low,absolute_anomaly_seasonal,0.0489601902663707,Low
River_Esk_Whitby,2022-07,final_test,observed_target,True,0.0231475,Low,absolute_anomaly_seasonal,0.1085972338914871,Low
River_Esk_Whitby,2022-08,final_test,observed_target,True,0.0,Low,absolute_anomaly_seasonal,0.1615158170461654,Low
River_Esk_Whitby,2022-09,final_test,observed_target,True,0.04695,Low,absolute_anomaly_seasonal,0.1049106866121292,Low
River_Esk_Whitby,2022-10,final_test,observed_target,True,0.038098,Low,absolute_anomaly_seasonal,0.3274558186531067,Medium
River_Esk_Whitby,2022-11,final_test,unobserved_month,False,,,absolute_anomaly_seasonal,0.1009619235992431,Low
River_Esk_Whitby,2022-12,final_test,observed_target,True,0.0971419999999999,Low,absolute_anomaly_seasonal,0.0710953027009964,Low
River_Esk_Whitby,2023-01,final_test,observed_target,True,0.019048,Low,absolute_anomaly_seasonal,0.1837114989757537,Low
River_Esk_Whitby,2023-02,final_test,observed_target,True,0.0462975,Low,absolute_anomaly_seasonal,0.0,Low
River_Esk_Whitby,2023-03,final_test,observed_target,True,0.0225225,Low,absolute_anomaly_seasonal,0.0,Low
River_Esk_Whitby,2023-04,final_test,unobserved_month,False,,,absolute_anomaly_seasonal,0.015201661735773,Low
River_Esk_Whitby,2023-05,final_test,observed_target,True,0.0,Low,absolute_anomaly_seasonal,0.1060070395469665,Low
River_Esk_Whitby,2023-06,final_test,observed_target,True,0.033898,Low,absolute_anomaly_seasonal,0.040373545140028,Low
River_Esk_Whitby,2023-07,final_test,observed_target,True,0.023365,Low,absolute_anomaly_seasonal,0.1822874099016189,Low
River_Esk_Whitby,2023-08,final_test,observed_target,True,0.018868,Low,absolute_anomaly_seasonal,0.1023897677659988,Low
River_Esk_Whitby,2023-09,final_test,observed_target,True,0.0,Low,absolute_anomaly_seasonal,0.0209047831594944,Low
River_Esk_Whitby,2023-10,final_test,observed_target,True,0.0,Low,absolute_anomaly_seasonal,0.1241678148508071,Low
River_Esk_Whitby,2023-11,final_test,unobserved_month,False,,,absolute_anomaly_seasonal,0.0153747834265232,Low
River_Esk_Whitby,2023-12,final_test,unobserved_month,False,,,absolute_anomaly_seasonal,0.0811646431684494,Low
River_Esk_Whitby,2024-01,final_test,observed_target,True,0.0,Low,absolute_anomaly_seasonal,0.1491229683160781,Low
River_Esk_Whitby,2024-02,final_test,unobserved_month,False,,,absolute_anomaly_seasonal,0.0,Low
River_Esk_Whitby,2024-03,final_test,observed_target,True,0.0,Low,absolute_anomaly_seasonal,0.0,Low
River_Esk_Whitby,2024-04,final_test,unobserved_month,False,,,absolute_anomaly_seasonal,0.0,Low
River_Esk_Whitby,2024-05,final_test,observed_target,True,0.0,Low,absolute_anomaly_seasonal,0.1069794595241546,Low
River_Esk_Whitby,2024-06,final_test,unobserved_month,False,,,absolute_anomaly_seasonal,0.0,Low
River_Esk_Whitby,2024-07,final_test,observed_target,True,0.0194179999999999,Low,absolute_anomaly_seasonal,0.0705384910106659,Low
River_Esk_Whitby,2024-08,final_test,unobserved_month,False,,,absolute_anomaly_seasonal,0.0225766189396381,Low
River_Esk_Whitby,2024-09,final_test,observed_target,True,0.0,Low,absolute_anomaly_seasonal,0.0,Low
River_Esk_Whitby,2024-10,final_test,unobserved_month,False,,,absolute_anomaly_seasonal,0.0757642388343811,Low
River_Esk_Whitby,2024-11,final_test,unobserved_month,False,,,absolute_anomaly_seasonal,0.0525696538388729,Low
River_Esk_Whitby,2024-12,final_test,unobserved_month,False,,,absolute_anomaly_seasonal,0.0433686561882495,Low
River_Esk_Whitby,2025-01,final_test,unobserved_month,False,,,absolute_anomaly_seasonal,0.0,Low
River_Esk_Whitby,2025-02,final_test,unobserved_month,False,,,absolute_anomaly_seasonal,0.0082892328500747,Low
River_Esk_Whitby,2025-03,final_test,unobserved_month,False,,,absolute_anomaly_seasonal,0.0114090889692306,Low
River_Esk_Whitby,2025-04,final_test,unobserved_month,False,,,absolute_anomaly_seasonal,0.0226032175123691,Low
River_Esk_Whitby,2025-05,final_test,unobserved_month,False,,,absolute_anomaly_seasonal,0.0217547006905078,Low
River_Esk_Whitby,2025-06,final_test,unobserved_month,False,,,absolute_anomaly_seasonal,0.0485055707395076,Low
River_Esk_Whitby,2025-07,final_test,unobserved_month,False,,,absolute_anomaly_seasonal,0.0062986202538013,Low
River_Esk_Whitby,2025-08,final_test,unobserved_month,False,,,absolute_anomaly_seasonal,0.0,Low
River_Esk_Whitby,2025-09,final_test,unobserved_month,False,,,absolute_anomaly_seasonal,0.0946030467748642,Low
River_Esk_Whitby,2025-10,final_test,unobserved_month,False,,,absolute_anomaly_seasonal,0.0824675410985946,Low
River_Esk_Whitby,2025-11,final_test,unobserved_month,False,,,absolute_anomaly_seasonal,0.0474857278168201,Low
River_Esk_Whitby,2025-12,final_test,unobserved_month,False,,,absolute_anomaly_seasonal,0.0259200520813465,Low
River_Esk_Whitby,2026-01,final_test,unobserved_month,False,,,absolute_anomaly_seasonal,0.0271478034555912,Low
River_Esk_Whitby,2026-02,final_test,unobserved_month,False,,,absolute_anomaly_seasonal,0.0,Low
River_Esk_Whitby,2026-03,final_test,unobserved_month,False,,,absolute_anomaly_seasonal,0.0478525944054126,Low
River_Esk_Whitby,2026-04,final_test,unobserved_month,False,,,absolute_anomaly_seasonal,0.0468278117477893,Low
River_Esk_Whitby,2026-05,final_test,unobserved_month,False,,,absolute_anomaly_seasonal,0.0,Low
River_Esk_Whitby,2026-06,final_test,unobserved_month,False,,,absolute_anomaly_seasonal,0.0915705561637878,Low
River_Esk_Whitby,2026-07,final_test,unobserved_month,False,,,absolute_anomaly_seasonal,0.0,Low
River_Esk_Whitby,2026-08,final_test,unobserved_month,False,,,absolute_anomaly_seasonal,0.0457219593226909,Low
River_Esk_Whitby,2026-09,final_test,unobserved_month,False,,,absolute_anomaly_seasonal,0.2044304460287094,Low
River_Gelt,2021-01,final_test,unobserved_month,False,,,absolute_anomaly_seasonal,0.0026711486279964,Low
River_Gelt,2021-02,final_test,unobserved_month,False,,,absolute_anomaly_seasonal,0.0369178019464015,Low
River_Gelt,2021-03,final_test,unobserved_month,False,,,absolute_anomaly_seasonal,0.0184999369084835,Low
River_Gelt,2021-04,final_test,unobserved_month,False,,,absolute_anomaly_seasonal,0.0099403150379657,Low
River_Gelt,2021-05,final_test,unobserved_month,False,,,absolute_anomaly_seasonal,0.0216375030577182,Low
River_Gelt,2021-06,final_test,unobserved_month,False,,,absolute_anomaly_seasonal,0.0,Low
River_Gelt,2021-07,final_test,unobserved_month,False,,,absolute_anomaly_seasonal,0.0068221613764762,Low
River_Gelt,2021-08,final_test,unobserved_month,False,,,absolute_anomaly_seasonal,0.0,Low
River_Gelt,2021-09,final_test,unobserved_month,False,,,absolute_anomaly_seasonal,0.0209806822240352,Low
River_Gelt,2021-10,final_test,unobserved_month,False,,,absolute_anomaly_seasonal,0.020584587007761,Low
River_Gelt,2021-11,final_test,unobserved_month,False,,,absolute_anomaly_seasonal,0.0109283998608589,Low
River_Gelt,2021-12,final_test,unobserved_month,False,,,absolute_anomaly_seasonal,0.0088387764990329,Low
River_Gelt,2022-01,final_test,unobserved_month,False,,,absolute_anomaly_seasonal,0.0064074397087097,Low
River_Gelt,2022-02,final_test,unobserved_month,False,,,absolute_anomaly_seasonal,0.0146456696093082,Low
River_Gelt,2022-03,final_test,unobserved_month,False,,,absolute_anomaly_seasonal,0.0177135057747364,Low
River_Gelt,2022-04,final_test,unobserved_month,False,,,absolute_anomaly_seasonal,0.0156766362488269,Low
River_Gelt,2022-05,final_test,unobserved_month,False,,,absolute_anomaly_seasonal,0.0,Low
River_Gelt,2022-06,final_test,unobserved_month,False,,,absolute_anomaly_seasonal,0.0,Low
River_Gelt,2022-07,final_test,unobserved_month,False,,,absolute_anomaly_seasonal,0.0,Low
River_Gelt,2022-08,final_test,unobserved_month,False,,,absolute_anomaly_seasonal,0.0,Low
River_Gelt,2022-09,final_test,unobserved_month,False,,,absolute_anomaly_seasonal,0.0015350840985774,Low
River_Gelt,2022-10,final_test,unobserved_month,False,,,absolute_anomaly_seasonal,0.0076444335281848,Low
River_Gelt,2022-11,final_test,unobserved_month,False,,,absolute_anomaly_seasonal,0.0067213922739028,Low
River_Gelt,2022-12,final_test,unobserved_month,False,,,absolute_anomaly_seasonal,0.0,Low
River_Gelt,2023-01,final_test,unobserved_month,False,,,absolute_anomaly_seasonal,0.01040955260396,Low
River_Gelt,2023-02,final_test,unobserved_month,False,,,absolute_anomaly_seasonal,0.0140515454113483,Low
River_Gelt,2023-03,final_test,unobserved_month,False,,,absolute_anomaly_seasonal,0.0169971473515033,Low
River_Gelt,2023-04,final_test,unobserved_month,False,,,absolute_anomaly_seasonal,0.0061920173466205,Low
River_Gelt,2023-05,final_test,unobserved_month,False,,,absolute_anomaly_seasonal,0.0,Low
River_Gelt,2023-06,final_test,unobserved_month,False,,,absolute_anomaly_seasonal,0.0,Low
River_Gelt,2023-07,final_test,unobserved_month,False,,,absolute_anomaly_seasonal,0.0026345290243625,Low
River_Gelt,2023-08,final_test,unobserved_month,False,,,absolute_anomaly_seasonal,0.0056080445647239,Low
River_Gelt,2023-09,final_test,unobserved_month,False,,,absolute_anomaly_seasonal,2.421438694000244e-05,Low
River_Gelt,2023-10,final_test,unobserved_month,False,,,absolute_anomaly_seasonal,0.0,Low
River_Gelt,2023-11,final_test,unobserved_month,False,,,absolute_anomaly_seasonal,0.0154680125415325,Low
River_Gelt,2023-12,final_test,unobserved_month,False,,,absolute_anomaly_seasonal,0.0148088447749614,Low
River_Gelt,2024-01,final_test,unobserved_month,False,,,absolute_anomaly_seasonal,0.0044217444956302,Low
River_Gelt,2024-02,final_test,unobserved_month,False,,,absolute_anomaly_seasonal,0.0054987221956253,Low
River_Gelt,2024-03,final_test,unobserved_month,False,,,absolute_anomaly_seasonal,0.0125675536692142,Low
River_Gelt,2024-04,final_test,unobserved_month,False,,,absolute_anomaly_seasonal,0.0169941894710063,Low
River_Gelt,2024-05,final_test,unobserved_month,False,,,absolute_anomaly_seasonal,0.0,Low
River_Gelt,2024-06,final_test,unobserved_month,False,,,absolute_anomaly_seasonal,0.0095062963664531,Low
River_Gelt,2024-07,final_test,unobserved_month,False,,,absolute_anomaly_seasonal,0.0011769980192184,Low
River_Gelt,2024-08,final_test,unobserved_month,False,,,absolute_anomaly_seasonal,0.0188737101852893,Low
River_Gelt,2024-09,final_test,unobserved_month,False,,,absolute_anomaly_seasonal,0.0138447843492031,Low
River_Gelt,2024-10,final_test,unobserved_month,False,,,absolute_anomaly_seasonal,0.0156740359961986,Low
River_Gelt,2024-11,final_test,unobserved_month,False,,,absolute_anomaly_seasonal,0.0083036720752716,Low
River_Gelt,2024-12,final_test,unobserved_month,False,,,absolute_anomaly_seasonal,0.004441563040018,Low
River_Gelt,2025-01,final_test,unobserved_month,False,,,absolute_anomaly_seasonal,0.0164949931204319,Low
River_Gelt,2025-02,final_test,unobserved_month,False,,,absolute_anomaly_seasonal,0.0005854852497577,Low
River_Gelt,2025-03,final_test,unobserved_month,False,,,absolute_anomaly_seasonal,0.0,Low
River_Gelt,2025-04,final_test,unobserved_month,False,,,absolute_anomaly_seasonal,0.0039411932229995,Low
River_Gelt,2025-05,final_test,unobserved_month,False,,,absolute_anomaly_seasonal,0.0,Low
River_Gelt,2025-06,final_test,unobserved_month,False,,,absolute_anomaly_seasonal,0.0141056887805461,Low
River_Gelt,2025-07,final_test,unobserved_month,False,,,absolute_anomaly_seasonal,0.0165922679007053,Low
River_Gelt,2025-08,final_test,unobserved_month,False,,,absolute_anomaly_seasonal,0.0165087468922138,Low
River_Gelt,2025-09,final_test,unobserved_month,False,,,absolute_anomaly_seasonal,0.0157521404325962,Low
River_Gelt,2025-10,final_test,unobserved_month,False,,,absolute_anomaly_seasonal,0.0275118313729763,Low
River_Gelt,2025-11,final_test,unobserved_month,False,,,absolute_anomaly_seasonal,0.0200504176318645,Low
River_Gelt,2025-12,final_test,unobserved_month,False,,,absolute_anomaly_seasonal,0.0119194686412811,Low
River_Gelt,2026-01,final_test,unobserved_month,False,,,absolute_anomaly_seasonal,0.0061973594129085,Low
River_Gelt,2026-02,final_test,unobserved_month,False,,,absolute_anomaly_seasonal,0.0154418237507343,Low
River_Gelt,2026-03,final_test,unobserved_month,False,,,absolute_anomaly_seasonal,0.0198581181466579,Low
River_Gelt,2026-04,final_test,unobserved_month,False,,,absolute_anomaly_seasonal,0.0148030705749988,Low
River_Gelt,2026-05,final_test,unobserved_month,False,,,absolute_anomaly_seasonal,0.0119101032614707,Low
River_Gelt,2026-06,final_test,unobserved_month,False,,,absolute_anomaly_seasonal,0.0042635537683963,Low
River_Gelt,2026-07,final_test,unobserved_month,False,,,absolute_anomaly_seasonal,0.0046329647302627,Low
River_Gelt,2026-08,final_test,unobserved_month,False,,,absolute_anomaly_seasonal,0.011873185634613,Low
River_Gelt,2026-09,final_test,unobserved_month,False,,,absolute_anomaly_seasonal,0.0183496735990047,Low
River_Great_Ouse_Bedford,2021-01,final_test,observed_target,True,0.1,Low,absolute_anomaly_seasonal,0.0798939615488052,Low
River_Great_Ouse_Bedford,2021-02,final_test,observed_target,True,0.0,Low,absolute_anomaly_seasonal,0.0582455433905124,Low
River_Great_Ouse_Bedford,2021-03,final_test,observed_target,True,0.0,Low,absolute_anomaly_seasonal,0.0174230374395847,Low
River_Great_Ouse_Bedford,2021-04,final_test,unobserved_month,False,,,absolute_anomaly_seasonal,0.0,Low
River_Great_Ouse_Bedford,2021-05,final_test,observed_target,True,0.0,Low,absolute_anomaly_seasonal,0.0970310419797897,Low
River_Great_Ouse_Bedford,2021-06,final_test,observed_target,True,0.0,Low,absolute_anomaly_seasonal,0.0,Low
River_Great_Ouse_Bedford,2021-07,final_test,unobserved_month,False,,,absolute_anomaly_seasonal,0.0,Low
River_Great_Ouse_Bedford,2021-08,final_test,observed_target,True,0.0,Low,absolute_anomaly_seasonal,0.0034524016082286,Low
River_Great_Ouse_Bedford,2021-09,final_test,observed_target,True,0.0,Low,absolute_anomaly_seasonal,0.0,Low
River_Great_Ouse_Bedford,2021-10,final_test,observed_target,True,0.025,Low,absolute_anomaly_seasonal,0.0161245204508304,Low
River_Great_Ouse_Bedford,2021-11,final_test,observed_target,True,0.0,Low,absolute_anomaly_seasonal,0.0,Low
River_Great_Ouse_Bedford,2021-12,final_test,observed_target,True,0.02,Low,absolute_anomaly_seasonal,0.033653151243925,Low
River_Great_Ouse_Bedford,2022-01,final_test,observed_target,True,0.0,Low,absolute_anomaly_seasonal,0.0160445608198642,Low
River_Great_Ouse_Bedford,2022-02,final_test,observed_target,True,0.0,Low,absolute_anomaly_seasonal,0.0102060846984386,Low
River_Great_Ouse_Bedford,2022-03,final_test,observed_target,True,0.0,Low,absolute_anomaly_seasonal,0.0146168656647205,Low
River_Great_Ouse_Bedford,2022-04,final_test,observed_target,True,0.0,Low,absolute_anomaly_seasonal,0.0257062576711177,Low
River_Great_Ouse_Bedford,2022-05,final_test,unobserved_month,False,,,absolute_anomaly_seasonal,0.0,Low
River_Great_Ouse_Bedford,2022-06,final_test,observed_target,True,0.0,Low,absolute_anomaly_seasonal,0.0002207495272159,Low
River_Great_Ouse_Bedford,2022-07,final_test,observed_target,True,0.0,Low,absolute_anomaly_seasonal,0.0303885675966739,Low
River_Great_Ouse_Bedford,2022-08,final_test,observed_target,True,0.0,Low,absolute_anomaly_seasonal,0.0219204910099506,Low
River_Great_Ouse_Bedford,2022-09,final_test,observed_target,True,0.0,Low,absolute_anomaly_seasonal,0.0264222584664821,Low
River_Great_Ouse_Bedford,2022-10,final_test,unobserved_month,False,,,absolute_anomaly_seasonal,0.0,Low
River_Great_Ouse_Bedford,2022-11,final_test,unobserved_month,False,,,absolute_anomaly_seasonal,0.0462364368140697,Low
River_Great_Ouse_Bedford,2022-12,final_test,unobserved_month,False,,,absolute_anomaly_seasonal,0.0,Low
River_Great_Ouse_Bedford,2023-01,final_test,observed_target,True,0.22,Low,absolute_anomaly_seasonal,0.0271731801331043,Low
River_Great_Ouse_Bedford,2023-02,final_test,unobserved_month,False,,,absolute_anomaly_seasonal,0.0041616968810558,Low
River_Great_Ouse_Bedford,2023-03,final_test,observed_target,True,0.0,Low,absolute_anomaly_seasonal,0.0111157596111297,Low
River_Great_Ouse_Bedford,2023-04,final_test,observed_target,True,0.0,Low,absolute_anomaly_seasonal,0.014162104576826,Low
River_Great_Ouse_Bedford,2023-05,final_test,observed_target,True,0.0,Low,absolute_anomaly_seasonal,0.0004457756876945,Low
River_Great_Ouse_Bedford,2023-06,final_test,observed_target,True,0.0,Low,absolute_anomaly_seasonal,0.0,Low
River_Great_Ouse_Bedford,2023-07,final_test,observed_target,True,0.0,Low,absolute_anomaly_seasonal,0.0090585350990295,Low
River_Great_Ouse_Bedford,2023-08,final_test,observed_target,True,0.0,Low,absolute_anomaly_seasonal,0.0,Low
River_Great_Ouse_Bedford,2023-09,final_test,observed_target,True,0.0,Low,absolute_anomaly_seasonal,0.0,Low
River_Great_Ouse_Bedford,2023-10,final_test,observed_target,True,0.0,Low,absolute_anomaly_seasonal,0.003054317086935,Low
River_Great_Ouse_Bedford,2023-11,final_test,observed_target,True,0.175,Low,absolute_anomaly_seasonal,0.0146895982325077,Low
River_Great_Ouse_Bedford,2023-12,final_test,observed_target,True,0.0,Low,absolute_anomaly_seasonal,0.0526014603674411,Low
River_Great_Ouse_Bedford,2024-01,final_test,observed_target,True,0.0,Low,absolute_anomaly_seasonal,0.0080004148185253,Low
River_Great_Ouse_Bedford,2024-02,final_test,observed_target,True,0.0,Low,absolute_anomaly_seasonal,0.0028583668172359,Low
River_Great_Ouse_Bedford,2024-03,final_test,observed_target,True,0.0,Low,absolute_anomaly_seasonal,0.0309192426502704,Low
River_Great_Ouse_Bedford,2024-04,final_test,observed_target,True,0.0,Low,absolute_anomaly_seasonal,0.0066247545182704,Low
River_Great_Ouse_Bedford,2024-05,final_test,observed_target,True,0.0,Low,absolute_anomaly_seasonal,0.011499423533678,Low
River_Great_Ouse_Bedford,2024-06,final_test,observed_target,True,0.0,Low,absolute_anomaly_seasonal,0.0,Low
River_Great_Ouse_Bedford,2024-07,final_test,observed_target,True,0.0,Low,absolute_anomaly_seasonal,0.0648856610059738,Low
River_Great_Ouse_Bedford,2024-08,final_test,observed_target,True,0.0,Low,absolute_anomaly_seasonal,0.0102353058755397,Low
River_Great_Ouse_Bedford,2024-09,final_test,observed_target,True,0.0,Low,absolute_anomaly_seasonal,0.0,Low
River_Great_Ouse_Bedford,2024-10,final_test,observed_target,True,0.0,Low,absolute_anomaly_seasonal,0.0114934109151363,Low
River_Great_Ouse_Bedford,2024-11,final_test,observed_target,True,0.0,Low,absolute_anomaly_seasonal,0.0,Low
River_Great_Ouse_Bedford,2024-12,final_test,unobserved_month,False,,,absolute_anomaly_seasonal,0.0314955450594425,Low
River_Great_Ouse_Bedford,2025-01,final_test,unobserved_month,False,,,absolute_anomaly_seasonal,0.0,Low
River_Great_Ouse_Bedford,2025-02,final_test,unobserved_month,False,,,absolute_anomaly_seasonal,0.0090128555893898,Low
River_Great_Ouse_Bedford,2025-03,final_test,unobserved_month,False,,,absolute_anomaly_seasonal,0.0092652440071105,Low
River_Great_Ouse_Bedford,2025-04,final_test,unobserved_month,False,,,absolute_anomaly_seasonal,0.0142349787056446,Low
River_Great_Ouse_Bedford,2025-05,final_test,unobserved_month,False,,,absolute_anomaly_seasonal,0.0126409716904163,Low
River_Great_Ouse_Bedford,2025-06,final_test,unobserved_month,False,,,absolute_anomaly_seasonal,0.0,Low
River_Great_Ouse_Bedford,2025-07,final_test,unobserved_month,False,,,absolute_anomaly_seasonal,0.0176308639347553,Low
River_Great_Ouse_Bedford,2025-08,final_test,unobserved_month,False,,,absolute_anomaly_seasonal,0.0086302235722541,Low
River_Great_Ouse_Bedford,2025-09,final_test,unobserved_month,False,,,absolute_anomaly_seasonal,0.0065740011632442,Low
River_Great_Ouse_Bedford,2025-10,final_test,unobserved_month,False,,,absolute_anomaly_seasonal,0.009492602199316,Low
River_Great_Ouse_Bedford,2025-11,final_test,unobserved_month,False,,,absolute_anomaly_seasonal,0.0753500759601593,Low
River_Great_Ouse_Bedford,2025-12,final_test,unobserved_month,False,,,absolute_anomaly_seasonal,0.120573416352272,Low
River_Great_Ouse_Bedford,2026-01,final_test,unobserved_month,False,,,absolute_anomaly_seasonal,0.082847461104393,Low
River_Great_Ouse_Bedford,2026-02,final_test,unobserved_month,False,,,absolute_anomaly_seasonal,0.0,Low
River_Great_Ouse_Bedford,2026-03,final_test,unobserved_month,False,,,absolute_anomaly_seasonal,0.0168485529720783,Low
River_Great_Ouse_Bedford,2026-04,final_test,unobserved_month,False,,,absolute_anomaly_seasonal,0.1743391007184982,Low
River_Great_Ouse_Bedford,2026-05,final_test,unobserved_month,False,,,absolute_anomaly_seasonal,0.1568724364042282,Low
River_Great_Ouse_Bedford,2026-06,final_test,unobserved_month,False,,,absolute_anomaly_seasonal,0.1486327946186065,Low
River_Great_Ouse_Bedford,2026-07,final_test,unobserved_month,False,,,absolute_anomaly_seasonal,0.0910616964101791,Low
River_Great_Ouse_Bedford,2026-08,final_test,unobserved_month,False,,,absolute_anomaly_seasonal,0.193879023194313,Low
River_Great_Ouse_Bedford,2026-09,final_test,unobserved_month,False,,,absolute_anomaly_seasonal,0.0446213521063327,Low
River_Hull_Driffield,2021-01,final_test,observed_target,True,0.0218,Low,absolute_anomaly_seasonal,0.1500268727540969,Low
River_Hull_Driffield,2021-02,final_test,observed_target,True,0.020654,Low,absolute_anomaly_seasonal,0.3291106224060058,Medium
River_Hull_Driffield,2021-03,final_test,observed_target,True,0.0227975,Low,absolute_anomaly_seasonal,0.1897089779376983,Low
River_Hull_Driffield,2021-04,final_test,unobserved_month,False,,,absolute_anomaly_seasonal,0.0556929148733615,Low
River_Hull_Driffield,2021-05,final_test,observed_target,True,0.0752975,Low,absolute_anomaly_seasonal,0.1811107844114303,Low
River_Hull_Driffield,2021-06,final_test,unobserved_month,False,,,absolute_anomaly_seasonal,0.0217844434082508,Low
River_Hull_Driffield,2021-07,final_test,observed_target,True,0.055708,Low,absolute_anomaly_seasonal,0.1075265258550643,Low
River_Hull_Driffield,2021-08,final_test,observed_target,True,0.0,Low,absolute_anomaly_seasonal,0.0397728718817234,Low
River_Hull_Driffield,2021-09,final_test,observed_target,True,0.0,Low,absolute_anomaly_seasonal,0.0393810607492923,Low
River_Hull_Driffield,2021-10,final_test,observed_target,True,0.02193,Low,absolute_anomaly_seasonal,0.0297831930220127,Low
River_Hull_Driffield,2021-11,final_test,observed_target,True,0.0,Low,absolute_anomaly_seasonal,0.146006777882576,Low
River_Hull_Driffield,2021-12,final_test,observed_target,True,0.136365,Low,absolute_anomaly_seasonal,0.0456356666982173,Low
River_Hull_Driffield,2022-01,final_test,observed_target,True,0.036536,Low,absolute_anomaly_seasonal,0.1889938861131668,Low
River_Hull_Driffield,2022-02,final_test,observed_target,True,0.00901,Low,absolute_anomaly_seasonal,0.2304811030626297,Low
River_Hull_Driffield,2022-03,final_test,observed_target,True,0.04,Low,absolute_anomaly_seasonal,0.0,Low
River_Hull_Driffield,2022-04,final_test,unobserved_month,False,,,absolute_anomaly_seasonal,0.0418287478387355,Low
River_Hull_Driffield,2022-05,final_test,observed_target,True,0.0,Low,absolute_anomaly_seasonal,0.0549377016723156,Low
River_Hull_Driffield,2022-06,final_test,observed_target,True,0.0,Low,absolute_anomaly_seasonal,0.1323573887348175,Low
River_Hull_Driffield,2022-07,final_test,unobserved_month,False,,,absolute_anomaly_seasonal,0.2062934190034866,Low
River_Hull_Driffield,2022-08,final_test,observed_target,True,0.073314,Low,absolute_anomaly_seasonal,0.0080227218568325,Low
River_Hull_Driffield,2022-09,final_test,unobserved_month,False,,,absolute_anomaly_seasonal,0.0879220366477966,Low
River_Hull_Driffield,2022-10,final_test,observed_target,True,0.0,Low,absolute_anomaly_seasonal,0.0371501483023166,Low
River_Hull_Driffield,2022-11,final_test,unobserved_month,False,,,absolute_anomaly_seasonal,0.0621181167662143,Low
River_Hull_Driffield,2022-12,final_test,observed_target,True,0.10776,Low,absolute_anomaly_seasonal,0.1988524198532104,Low
River_Hull_Driffield,2023-01,final_test,observed_target,True,0.0,Low,absolute_anomaly_seasonal,0.2081984728574752,Low
River_Hull_Driffield,2023-02,final_test,unobserved_month,False,,,absolute_anomaly_seasonal,0.0337351374328136,Low
River_Hull_Driffield,2023-03,final_test,observed_target,True,0.0478325,Low,absolute_anomaly_seasonal,0.1509547084569931,Low
River_Hull_Driffield,2023-04,final_test,unobserved_month,False,,,absolute_anomaly_seasonal,0.05675845220685,Low
River_Hull_Driffield,2023-05,final_test,observed_target,True,0.0,Low,absolute_anomaly_seasonal,0.1454182267189026,Low
River_Hull_Driffield,2023-06,final_test,observed_target,True,0.0,Low,absolute_anomaly_seasonal,0.0385743044316768,Low
River_Hull_Driffield,2023-07,final_test,observed_target,True,0.0,Low,absolute_anomaly_seasonal,0.0493191368877887,Low
River_Hull_Driffield,2023-08,final_test,unobserved_month,False,,,absolute_anomaly_seasonal,0.0408202596008777,Low
River_Hull_Driffield,2023-09,final_test,observed_target,True,0.0,Low,absolute_anomaly_seasonal,0.0274792797863483,Low
River_Hull_Driffield,2023-10,final_test,unobserved_month,False,,,absolute_anomaly_seasonal,0.0037473179399967,Low
River_Hull_Driffield,2023-11,final_test,observed_target,True,0.05621125,Low,absolute_anomaly_seasonal,0.0716955363750457,Low
River_Hull_Driffield,2023-12,final_test,observed_target,True,0.0,Low,absolute_anomaly_seasonal,0.065348595380783,Low
River_Hull_Driffield,2024-01,final_test,unobserved_month,False,,,absolute_anomaly_seasonal,0.0807311981916427,Low
River_Hull_Driffield,2024-02,final_test,observed_target,True,0.1126125,Low,absolute_anomaly_seasonal,0.0825812369585037,Low
River_Hull_Driffield,2024-03,final_test,observed_target,True,0.0,Low,absolute_anomaly_seasonal,0.0730913877487182,Low
River_Hull_Driffield,2024-04,final_test,unobserved_month,False,,,absolute_anomaly_seasonal,0.0992435365915298,Low
River_Hull_Driffield,2024-05,final_test,unobserved_month,False,,,absolute_anomaly_seasonal,0.0116440765559673,Low
River_Hull_Driffield,2024-06,final_test,observed_target,True,0.0,Low,absolute_anomaly_seasonal,0.0172695182263851,Low
River_Hull_Driffield,2024-07,final_test,observed_target,True,0.0,Low,absolute_anomaly_seasonal,0.0565719418227672,Low
River_Hull_Driffield,2024-08,final_test,observed_target,True,0.0,Low,absolute_anomaly_seasonal,0.0,Low
River_Hull_Driffield,2024-09,final_test,observed_target,True,0.0,Low,absolute_anomaly_seasonal,0.0048724003136157,Low
River_Hull_Driffield,2024-10,final_test,observed_target,True,0.0223225,Low,absolute_anomaly_seasonal,0.02258175984025,Low
River_Hull_Driffield,2024-11,final_test,unobserved_month,False,,,absolute_anomaly_seasonal,0.1335170269012451,Low
River_Hull_Driffield,2024-12,final_test,unobserved_month,False,,,absolute_anomaly_seasonal,0.0089071244001388,Low
River_Hull_Driffield,2025-01,final_test,unobserved_month,False,,,absolute_anomaly_seasonal,0.0551940985023975,Low
River_Hull_Driffield,2025-02,final_test,unobserved_month,False,,,absolute_anomaly_seasonal,0.0150074623525142,Low
River_Hull_Driffield,2025-03,final_test,unobserved_month,False,,,absolute_anomaly_seasonal,0.0886137932538986,Low
River_Hull_Driffield,2025-04,final_test,unobserved_month,False,,,absolute_anomaly_seasonal,0.117445483803749,Low
River_Hull_Driffield,2025-05,final_test,unobserved_month,False,,,absolute_anomaly_seasonal,0.0501346476376056,Low
River_Hull_Driffield,2025-06,final_test,unobserved_month,False,,,absolute_anomaly_seasonal,0.038919623941183,Low
River_Hull_Driffield,2025-07,final_test,unobserved_month,False,,,absolute_anomaly_seasonal,0.0982492566108703,Low
River_Hull_Driffield,2025-08,final_test,unobserved_month,False,,,absolute_anomaly_seasonal,0.1432653814554214,Low
River_Hull_Driffield,2025-09,final_test,unobserved_month,False,,,absolute_anomaly_seasonal,0.0634171515703201,Low
River_Hull_Driffield,2025-10,final_test,unobserved_month,False,,,absolute_anomaly_seasonal,0.0082422941923141,Low
River_Hull_Driffield,2025-11,final_test,unobserved_month,False,,,absolute_anomaly_seasonal,0.049722496420145,Low
River_Hull_Driffield,2025-12,final_test,unobserved_month,False,,,absolute_anomaly_seasonal,0.0652408152818679,Low
River_Hull_Driffield,2026-01,final_test,unobserved_month,False,,,absolute_anomaly_seasonal,0.0229915864765644,Low
River_Hull_Driffield,2026-02,final_test,unobserved_month,False,,,absolute_anomaly_seasonal,0.0025873258709907,Low
River_Hull_Driffield,2026-03,final_test,unobserved_month,False,,,absolute_anomaly_seasonal,0.072726309299469,Low
River_Hull_Driffield,2026-04,final_test,unobserved_month,False,,,absolute_anomaly_seasonal,0.0520935617387294,Low
River_Hull_Driffield,2026-05,final_test,unobserved_month,False,,,absolute_anomaly_seasonal,0.0523169673979282,Low
River_Hull_Driffield,2026-06,final_test,unobserved_month,False,,,absolute_anomaly_seasonal,0.0348876155912876,Low
River_Hull_Driffield,2026-07,final_test,unobserved_month,False,,,absolute_anomaly_seasonal,0.1997210830450058,Low
River_Hull_Driffield,2026-08,final_test,unobserved_month,False,,,absolute_anomaly_seasonal,0.0460994206368923,Low
River_Hull_Driffield,2026-09,final_test,unobserved_month,False,,,absolute_anomaly_seasonal,0.1157934069633483,Low
River_Itchen_Otterbourne,2022-01,final_test,observed_target,True,0.0,Low,absolute_anomaly_seasonal,0.0082305744290351,Low
River_Itchen_Otterbourne,2022-02,final_test,observed_target,True,0.006006,Low,absolute_anomaly_seasonal,0.0079434178769588,Low
River_Itchen_Otterbourne,2022-03,final_test,observed_target,True,0.011111375,Low,absolute_anomaly_seasonal,0.0092340558767318,Low
River_Itchen_Otterbourne,2022-04,final_test,observed_target,True,0.0,Low,absolute_anomaly_seasonal,0.0078474842011928,Low
River_Itchen_Otterbourne,2022-05,final_test,observed_target,True,0.0,Low,absolute_anomaly_seasonal,0.0,Low
River_Itchen_Otterbourne,2022-06,final_test,observed_target,True,0.012755125,Low,absolute_anomaly_seasonal,0.0072048604488372,Low
River_Itchen_Otterbourne,2022-07,final_test,observed_target,True,0.0104821666666666,Low,absolute_anomaly_seasonal,0.0089615248143672,Low
River_Itchen_Otterbourne,2022-08,final_test,observed_target,True,0.0077881666666666,Low,absolute_anomaly_seasonal,0.002638567239046,Low
River_Itchen_Otterbourne,2022-09,final_test,observed_target,True,0.0,Low,absolute_anomaly_seasonal,0.0075131356716156,Low
River_Itchen_Otterbourne,2022-10,final_test,observed_target,True,0.0,Low,absolute_anomaly_seasonal,0.0048185996711254,Low
River_Itchen_Otterbourne,2022-11,final_test,observed_target,True,0.0121917647058823,Low,absolute_anomaly_seasonal,0.0141335688531398,Low
River_Itchen_Otterbourne,2022-12,final_test,observed_target,True,0.0240163333333333,Low,absolute_anomaly_seasonal,0.0085546448826789,Low
River_Itchen_Otterbourne,2023-01,final_test,observed_target,True,0.0,Low,absolute_anomaly_seasonal,0.0140120647847652,Low
River_Itchen_Otterbourne,2023-02,final_test,observed_target,True,0.0076923076923076,Low,absolute_anomaly_seasonal,0.0120922997593879,Low
River_Itchen_Otterbourne,2023-03,final_test,observed_target,True,0.0044984210526315,Low,absolute_anomaly_seasonal,0.0057109780609607,Low
River_Itchen_Otterbourne,2023-04,final_test,observed_target,True,0.0,Low,absolute_anomaly_seasonal,0.003583624958992,Low
River_Itchen_Otterbourne,2023-05,final_test,observed_target,True,0.0038197272727272,Low,absolute_anomaly_seasonal,0.0028600990772247,Low
River_Itchen_Otterbourne,2023-06,final_test,observed_target,True,0.0079751363636363,Low,absolute_anomaly_seasonal,0.0075532123446464,Low
River_Itchen_Otterbourne,2023-07,final_test,observed_target,True,0.0,Low,absolute_anomaly_seasonal,0.0065265260636806,Low
River_Itchen_Otterbourne,2023-08,final_test,observed_target,True,0.0,Low,absolute_anomaly_seasonal,0.0089031271636486,Low
River_Itchen_Otterbourne,2023-09,final_test,observed_target,True,0.0041408095238095,Low,absolute_anomaly_seasonal,0.0125921256840229,Low
River_Itchen_Otterbourne,2023-10,final_test,observed_target,True,0.00833395,Low,absolute_anomaly_seasonal,0.0107850320637226,Low
River_Itchen_Otterbourne,2023-11,final_test,observed_target,True,0.0,Low,absolute_anomaly_seasonal,0.0114401094615459,Low
River_Itchen_Otterbourne,2023-12,final_test,observed_target,True,0.0,Low,absolute_anomaly_seasonal,0.0148097164928913,Low
River_Itchen_Otterbourne,2024-01,final_test,observed_target,True,0.0,Low,absolute_anomaly_seasonal,0.0127004422247409,Low
River_Itchen_Otterbourne,2024-02,final_test,observed_target,True,0.0,Low,absolute_anomaly_seasonal,0.0,Low
River_Itchen_Otterbourne,2024-03,final_test,observed_target,True,0.0,Low,absolute_anomaly_seasonal,0.0019367896020412,Low
River_Itchen_Otterbourne,2024-04,final_test,observed_target,True,0.0,Low,absolute_anomaly_seasonal,0.0002381317317485,Low
River_Itchen_Otterbourne,2024-05,final_test,observed_target,True,0.0,Low,absolute_anomaly_seasonal,0.0029261112213134,Low
River_Itchen_Otterbourne,2024-06,final_test,observed_target,True,0.0,Low,absolute_anomaly_seasonal,0.0033623538911342,Low
River_Itchen_Otterbourne,2024-07,final_test,observed_target,True,0.0,Low,absolute_anomaly_seasonal,0.0,Low
River_Itchen_Otterbourne,2024-08,final_test,observed_target,True,0.0,Low,absolute_anomaly_seasonal,0.0,Low
River_Itchen_Otterbourne,2024-09,final_test,observed_target,True,0.011972,Low,absolute_anomaly_seasonal,0.0,Low
River_Itchen_Otterbourne,2024-10,final_test,observed_target,True,0.0,Low,absolute_anomaly_seasonal,0.0043804794549942,Low
River_Itchen_Otterbourne,2024-11,final_test,unobserved_month,False,,,absolute_anomaly_seasonal,0.0076200440526008,Low
River_Itchen_Otterbourne,2024-12,final_test,unobserved_month,False,,,absolute_anomaly_seasonal,0.0,Low
River_Itchen_Otterbourne,2025-01,final_test,unobserved_month,False,,,absolute_anomaly_seasonal,0.0123925507068634,Low
River_Itchen_Otterbourne,2025-02,final_test,unobserved_month,False,,,absolute_anomaly_seasonal,0.0050295554101467,Low
River_Itchen_Otterbourne,2025-03,final_test,unobserved_month,False,,,absolute_anomaly_seasonal,0.0,Low
River_Itchen_Otterbourne,2025-04,final_test,unobserved_month,False,,,absolute_anomaly_seasonal,0.0017499960958957,Low
River_Itchen_Otterbourne,2025-05,final_test,unobserved_month,False,,,absolute_anomaly_seasonal,0.0034698024392127,Low
River_Itchen_Otterbourne,2025-06,final_test,unobserved_month,False,,,absolute_anomaly_seasonal,0.0033842399716377,Low
River_Itchen_Otterbourne,2025-07,final_test,unobserved_month,False,,,absolute_anomaly_seasonal,0.0041778683662414,Low
River_Itchen_Otterbourne,2025-08,final_test,unobserved_month,False,,,absolute_anomaly_seasonal,0.0040959380567073,Low
River_Itchen_Otterbourne,2025-09,final_test,unobserved_month,False,,,absolute_anomaly_seasonal,0.0012250207364559,Low
River_Itchen_Otterbourne,2025-10,final_test,unobserved_month,False,,,absolute_anomaly_seasonal,0.0024153031408786,Low
River_Itchen_Otterbourne,2025-11,final_test,unobserved_month,False,,,absolute_anomaly_seasonal,0.0064357034862041,Low
River_Itchen_Otterbourne,2025-12,final_test,unobserved_month,False,,,absolute_anomaly_seasonal,0.0026266314089298,Low
River_Itchen_Otterbourne,2026-01,final_test,unobserved_month,False,,,absolute_anomaly_seasonal,0.0165792219340801,Low
River_Itchen_Otterbourne,2026-02,final_test,unobserved_month,False,,,absolute_anomaly_seasonal,0.0043416172266006,Low
River_Itchen_Otterbourne,2026-03,final_test,unobserved_month,False,,,absolute_anomaly_seasonal,0.0078765079379081,Low
River_Itchen_Otterbourne,2026-04,final_test,unobserved_month,False,,,absolute_anomaly_seasonal,0.0042717233300209,Low
River_Itchen_Otterbourne,2026-05,final_test,unobserved_month,False,,,absolute_anomaly_seasonal,0.0057316608726978,Low
River_Itchen_Otterbourne,2026-06,final_test,unobserved_month,False,,,absolute_anomaly_seasonal,0.0021382980048656,Low
River_Itchen_Otterbourne,2026-07,final_test,unobserved_month,False,,,absolute_anomaly_seasonal,0.0035095512866973,Low
River_Itchen_Otterbourne,2026-08,final_test,unobserved_month,False,,,absolute_anomaly_seasonal,0.0085988603532314,Low
River_Itchen_Otterbourne,2026-09,final_test,unobserved_month,False,,,absolute_anomaly_seasonal,0.0031971894204616,Low
River_Lee_Girling,2021-01,final_test,observed_target,True,0.6130769230769231,High,absolute_anomaly_seasonal,0.4436173141002655,Medium
River_Lee_Girling,2021-02,final_test,observed_target,True,0.3691666666666666,Medium,absolute_anomaly_seasonal,0.4925442934036255,Medium
River_Lee_Girling,2021-03,final_test,observed_target,True,0.0285714285714285,Low,absolute_anomaly_seasonal,0.4298543334007263,Medium
River_Lee_Girling,2021-04,final_test,observed_target,True,0.0307692307692307,Low,absolute_anomaly_seasonal,0.0571029148995876,Low
River_Lee_Girling,2021-05,final_test,observed_target,True,0.0307692307692307,Low,absolute_anomaly_seasonal,0.0,Low
River_Lee_Girling,2021-06,final_test,observed_target,True,0.0153846153846153,Low,absolute_anomaly_seasonal,0.1646812260150909,Low
River_Lee_Girling,2021-07,final_test,observed_target,True,0.0307692307692307,Low,absolute_anomaly_seasonal,0.0068504549562931,Low
River_Lee_Girling,2021-08,final_test,observed_target,True,0.023076923076923,Low,absolute_anomaly_seasonal,0.0126832537353038,Low
River_Lee_Girling,2021-09,final_test,observed_target,True,0.0,Low,absolute_anomaly_seasonal,0.0551594533026218,Low
River_Lee_Girling,2021-10,final_test,observed_target,True,0.3769230769230768,Medium,absolute_anomaly_seasonal,0.0324214436113834,Low
River_Lee_Girling,2021-11,final_test,observed_target,True,0.1454545454545454,Low,absolute_anomaly_seasonal,0.3487367033958435,Medium
River_Lee_Girling,2021-12,final_test,observed_target,True,0.745,High,absolute_anomaly_seasonal,0.1657300889492035,Low
River_Lee_Girling,2022-01,final_test,observed_target,True,0.1923076923076923,Low,absolute_anomaly_seasonal,0.2932965755462646,Medium
River_Lee_Girling,2022-02,final_test,observed_target,True,0.3363636363636363,Medium,absolute_anomaly_seasonal,0.0830400139093399,Low
River_Lee_Girling,2022-03,final_test,observed_target,True,0.1153846153846153,Low,absolute_anomaly_seasonal,0.0989405065774917,Low
River_Lee_Girling,2022-04,final_test,observed_target,True,0.023076923076923,Low,absolute_anomaly_seasonal,0.0636525452136993,Low
River_Lee_Girling,2022-05,final_test,observed_target,True,0.0,Low,absolute_anomaly_seasonal,0.0788682848215103,Low
River_Lee_Girling,2022-06,final_test,observed_target,True,0.0538461538461538,Low,absolute_anomaly_seasonal,0.0659540295600891,Low
River_Lee_Girling,2022-07,final_test,observed_target,True,0.0461538461538461,Low,absolute_anomaly_seasonal,0.0355074740946292,Low
River_Lee_Girling,2022-08,final_test,observed_target,True,0.0071428571428571,Low,absolute_anomaly_seasonal,0.08685103058815,Low
River_Lee_Girling,2022-09,final_test,observed_target,True,0.123076923076923,Low,absolute_anomaly_seasonal,0.0686979740858078,Low
River_Lee_Girling,2022-10,final_test,observed_target,True,0.0384615384615384,Low,absolute_anomaly_seasonal,0.0175771452486515,Low
River_Lee_Girling,2022-11,final_test,observed_target,True,0.5538461538461539,High,absolute_anomaly_seasonal,0.1614257544279098,Low
River_Lee_Girling,2022-12,final_test,observed_target,True,0.6153846153846154,High,absolute_anomaly_seasonal,0.5459577441215515,High
River_Lee_Girling,2023-01,final_test,observed_target,True,0.512,High,absolute_anomaly_seasonal,0.3867895007133484,Medium
River_Lee_Girling,2023-02,final_test,observed_target,True,0.0916666666666666,Low,absolute_anomaly_seasonal,0.2603706121444702,Medium
River_Lee_Girling,2023-03,final_test,observed_target,True,0.109090909090909,Low,absolute_anomaly_seasonal,0.1172364801168441,Low
River_Lee_Girling,2023-04,final_test,observed_target,True,0.0833333333333333,Low,absolute_anomaly_seasonal,0.0688834190368652,Low
River_Lee_Girling,2023-05,final_test,observed_target,True,0.0142857142857142,Low,absolute_anomaly_seasonal,0.0094378553330898,Low
River_Lee_Girling,2023-06,final_test,observed_target,True,0.0,Low,absolute_anomaly_seasonal,0.0373650901019573,Low
River_Lee_Girling,2023-07,final_test,observed_target,True,0.0153846153846153,Low,absolute_anomaly_seasonal,0.0117976292967796,Low
River_Lee_Girling,2023-08,final_test,observed_target,True,0.0307692307692307,Low,absolute_anomaly_seasonal,0.0264705456793308,Low
River_Lee_Girling,2023-09,final_test,observed_target,True,0.1007692307692307,Low,absolute_anomaly_seasonal,0.035369623452425,Low
River_Lee_Girling,2023-10,final_test,observed_target,True,0.16,Low,absolute_anomaly_seasonal,0.0804322957992553,Low
River_Lee_Girling,2023-11,final_test,observed_target,True,0.4076923076923077,Medium,absolute_anomaly_seasonal,0.3138015270233154,Medium
River_Lee_Girling,2023-12,final_test,observed_target,True,1.05,High,absolute_anomaly_seasonal,0.7304897904396057,High
River_Lee_Girling,2024-01,final_test,observed_target,True,0.4921428571428571,Medium,absolute_anomaly_seasonal,0.2252614647150039,Low
River_Lee_Girling,2024-02,final_test,observed_target,True,0.4389999999999999,Medium,absolute_anomaly_seasonal,0.2635746896266937,Medium
River_Lee_Girling,2024-03,final_test,observed_target,True,0.11,Low,absolute_anomaly_seasonal,0.1600382626056671,Low
River_Lee_Girling,2024-04,final_test,observed_target,True,0.023076923076923,Low,absolute_anomaly_seasonal,0.0835984647274017,Low
River_Lee_Girling,2024-05,final_test,unobserved_month,False,,,absolute_anomaly_seasonal,0.0165116377174854,Low
River_Lee_Girling,2024-06,final_test,unobserved_month,False,,,absolute_anomaly_seasonal,0.0126101709902286,Low
River_Lee_Girling,2024-07,final_test,unobserved_month,False,,,absolute_anomaly_seasonal,0.0686308443546295,Low
River_Lee_Girling,2024-08,final_test,unobserved_month,False,,,absolute_anomaly_seasonal,0.0732326656579971,Low
River_Lee_Girling,2024-09,final_test,unobserved_month,False,,,absolute_anomaly_seasonal,0.0407692156732082,Low
River_Lee_Girling,2024-10,final_test,unobserved_month,False,,,absolute_anomaly_seasonal,0.3452968001365661,Medium
River_Lee_Girling,2024-11,final_test,unobserved_month,False,,,absolute_anomaly_seasonal,0.1396340876817703,Low
River_Lee_Girling,2024-12,final_test,unobserved_month,False,,,absolute_anomaly_seasonal,0.821071982383728,High
River_Lee_Girling,2025-01,final_test,unobserved_month,False,,,absolute_anomaly_seasonal,0.198578342795372,Low
River_Lee_Girling,2025-02,final_test,unobserved_month,False,,,absolute_anomaly_seasonal,0.5244755148887634,High
River_Lee_Girling,2025-03,final_test,unobserved_month,False,,,absolute_anomaly_seasonal,0.1398984789848327,Low
River_Lee_Girling,2025-04,final_test,unobserved_month,False,,,absolute_anomaly_seasonal,0.0495100058615207,Low
River_Lee_Girling,2025-05,final_test,unobserved_month,False,,,absolute_anomaly_seasonal,0.0092070288956165,Low
River_Lee_Girling,2025-06,final_test,unobserved_month,False,,,absolute_anomaly_seasonal,0.0371325947344303,Low
River_Lee_Girling,2025-07,final_test,unobserved_month,False,,,absolute_anomaly_seasonal,0.0167334266006946,Low
River_Lee_Girling,2025-08,final_test,unobserved_month,False,,,absolute_anomaly_seasonal,0.0653354227542877,Low
River_Lee_Girling,2025-09,final_test,unobserved_month,False,,,absolute_anomaly_seasonal,0.0611351393163204,Low
River_Lee_Girling,2025-10,final_test,unobserved_month,False,,,absolute_anomaly_seasonal,0.09465853869915,Low
River_Lee_Girling,2025-11,final_test,unobserved_month,False,,,absolute_anomaly_seasonal,0.1838932782411575,Low
River_Lee_Girling,2025-12,final_test,unobserved_month,False,,,absolute_anomaly_seasonal,0.1844071447849273,Low
River_Lee_Girling,2026-01,final_test,unobserved_month,False,,,absolute_anomaly_seasonal,0.3360341191291809,Medium
River_Lee_Girling,2026-02,final_test,unobserved_month,False,,,absolute_anomaly_seasonal,0.3253424167633056,Medium
River_Lee_Girling,2026-03,final_test,unobserved_month,False,,,absolute_anomaly_seasonal,0.2129475325345993,Low
River_Lee_Girling,2026-04,final_test,unobserved_month,False,,,absolute_anomaly_seasonal,0.2810650765895843,Medium
River_Lee_Girling,2026-05,final_test,unobserved_month,False,,,absolute_anomaly_seasonal,0.3195854723453522,Medium
River_Lee_Girling,2026-06,final_test,unobserved_month,False,,,absolute_anomaly_seasonal,0.2694088518619537,Medium
River_Lee_Girling,2026-07,final_test,unobserved_month,False,,,absolute_anomaly_seasonal,0.1626229435205459,Low
River_Lee_Girling,2026-08,final_test,unobserved_month,False,,,absolute_anomaly_seasonal,0.2645661830902099,Medium
River_Lee_Girling,2026-09,final_test,unobserved_month,False,,,absolute_anomaly_seasonal,0.170138880610466,Low
River_Lee_NewGauge,2021-01,final_test,observed_target,True,0.58,High,absolute_anomaly_seasonal,0.3759664893150329,Medium
River_Lee_NewGauge,2021-02,final_test,observed_target,True,0.31,Medium,absolute_anomaly_seasonal,0.5440755486488342,High
River_Lee_NewGauge,2021-03,final_test,observed_target,True,0.0357142857142857,Low,absolute_anomaly_seasonal,0.5452768802642822,High
River_Lee_NewGauge,2021-04,final_test,observed_target,True,0.0666666666666666,Low,absolute_anomaly_seasonal,0.1619715392589569,Low
River_Lee_NewGauge,2021-05,final_test,observed_target,True,0.0333333333333333,Low,absolute_anomaly_seasonal,0.2490938752889633,Low
River_Lee_NewGauge,2021-06,final_test,observed_target,True,0.0,Low,absolute_anomaly_seasonal,0.2086840718984604,Low
River_Lee_NewGauge,2021-07,final_test,unobserved_month,False,,,absolute_anomaly_seasonal,0.2317815870046615,Low
River_Lee_NewGauge,2021-08,final_test,observed_target,True,0.5249999999999999,High,absolute_anomaly_seasonal,0.3427727818489074,Medium
River_Lee_NewGauge,2021-09,final_test,observed_target,True,0.5,Medium,absolute_anomaly_seasonal,0.2993810772895813,Medium
River_Lee_NewGauge,2021-10,final_test,observed_target,True,0.475,Medium,absolute_anomaly_seasonal,0.7658433318138123,High
River_Lee_NewGauge,2021-11,final_test,unobserved_month,False,,,absolute_anomaly_seasonal,0.4394915997982025,Medium
River_Lee_NewGauge,2021-12,final_test,observed_target,True,0.6428571428571429,High,absolute_anomaly_seasonal,1.4007946252822876,High
River_Lee_NewGauge,2022-01,final_test,observed_target,True,0.2925,Medium,absolute_anomaly_seasonal,0.5613064169883728,High
River_Lee_NewGauge,2022-02,final_test,observed_target,True,0.7358333333333333,High,absolute_anomaly_seasonal,0.4157145619392395,Medium
River_Lee_NewGauge,2022-03,final_test,observed_target,True,0.2372727272727272,Low,absolute_anomaly_seasonal,0.6943942904472351,High
River_Lee_NewGauge,2022-04,final_test,observed_target,True,0.2083333333333333,Low,absolute_anomaly_seasonal,0.2197925895452499,Low
River_Lee_NewGauge,2022-05,final_test,observed_target,True,0.2,Low,absolute_anomaly_seasonal,0.1562797725200653,Low
River_Lee_NewGauge,2022-06,final_test,observed_target,True,0.275,Medium,absolute_anomaly_seasonal,0.0907787084579467,Low
River_Lee_NewGauge,2022-07,final_test,unobserved_month,False,,,absolute_anomaly_seasonal,0.4959065318107605,Medium
River_Lee_NewGauge,2022-08,final_test,observed_target,True,0.18,Low,absolute_anomaly_seasonal,0.0934419333934784,Low
River_Lee_NewGauge,2022-09,final_test,unobserved_month,False,,,absolute_anomaly_seasonal,0.222130075097084,Low
River_Lee_NewGauge,2022-10,final_test,observed_target,True,0.6307692307692307,High,absolute_anomaly_seasonal,0.420400857925415,Medium
River_Lee_NewGauge,2022-11,final_test,observed_target,True,1.56,High,absolute_anomaly_seasonal,1.0181576013565063,High
River_Lee_NewGauge,2022-12,final_test,observed_target,True,0.5272727272727272,High,absolute_anomaly_seasonal,0.7605810761451721,High
River_Lee_NewGauge,2023-01,final_test,observed_target,True,1.11,High,absolute_anomaly_seasonal,1.0113147497177124,High
River_Lee_NewGauge,2023-02,final_test,observed_target,True,0.3083333333333333,Medium,absolute_anomaly_seasonal,0.442337304353714,Medium
River_Lee_NewGauge,2023-03,final_test,observed_target,True,0.3181818181818182,Medium,absolute_anomaly_seasonal,1.2875139713287354,High
River_Lee_NewGauge,2023-04,final_test,observed_target,True,0.1333333333333333,Low,absolute_anomaly_seasonal,0.2233587950468063,Low
River_Lee_NewGauge,2023-05,final_test,observed_target,True,0.08,Low,absolute_anomaly_seasonal,0.1791559606790542,Low
River_Lee_NewGauge,2023-06,final_test,observed_target,True,0.175,Low,absolute_anomaly_seasonal,0.0736187249422073,Low
River_Lee_NewGauge,2023-07,final_test,unobserved_month,False,,,absolute_anomaly_seasonal,0.0851038545370101,Low
River_Lee_NewGauge,2023-08,final_test,observed_target,True,0.36,Medium,absolute_anomaly_seasonal,0.0578624568879604,Low
River_Lee_NewGauge,2023-09,final_test,unobserved_month,False,,,absolute_anomaly_seasonal,0.0230682827532291,Low
River_Lee_NewGauge,2023-10,final_test,observed_target,True,0.5071428571428571,High,absolute_anomaly_seasonal,0.7232760190963745,High
River_Lee_NewGauge,2023-11,final_test,observed_target,True,1.0415384615384615,High,absolute_anomaly_seasonal,1.1234897375106812,High
River_Lee_NewGauge,2023-12,final_test,observed_target,True,0.9833333333333334,High,absolute_anomaly_seasonal,0.8341381549835205,High
River_Lee_NewGauge,2024-01,final_test,observed_target,True,0.9957142857142856,High,absolute_anomaly_seasonal,0.3634604811668396,Medium
River_Lee_NewGauge,2024-02,final_test,observed_target,True,0.514,High,absolute_anomaly_seasonal,0.4692434072494507,Medium
River_Lee_NewGauge,2024-03,final_test,observed_target,True,0.2615384615384615,Medium,absolute_anomaly_seasonal,0.1776298582553863,Low
River_Lee_NewGauge,2024-04,final_test,observed_target,True,0.1375,Low,absolute_anomaly_seasonal,0.0782950520515441,Low
River_Lee_NewGauge,2024-05,final_test,unobserved_month,False,,,absolute_anomaly_seasonal,0.1087459325790405,Low
River_Lee_NewGauge,2024-06,final_test,unobserved_month,False,,,absolute_anomaly_seasonal,0.0697454065084457,Low
River_Lee_NewGauge,2024-07,final_test,unobserved_month,False,,,absolute_anomaly_seasonal,0.0235078670084476,Low
River_Lee_NewGauge,2024-08,final_test,unobserved_month,False,,,absolute_anomaly_seasonal,0.2246197015047073,Low
River_Lee_NewGauge,2024-09,final_test,unobserved_month,False,,,absolute_anomaly_seasonal,0.4248440861701965,Medium
River_Lee_NewGauge,2024-10,final_test,unobserved_month,False,,,absolute_anomaly_seasonal,1.1917603015899658,High
River_Lee_NewGauge,2024-11,final_test,unobserved_month,False,,,absolute_anomaly_seasonal,1.0904055833816528,High
River_Lee_NewGauge,2024-12,final_test,unobserved_month,False,,,absolute_anomaly_seasonal,0.8666134476661682,High
River_Lee_NewGauge,2025-01,final_test,unobserved_month,False,,,absolute_anomaly_seasonal,2.1840407848358154,High
River_Lee_NewGauge,2025-02,final_test,unobserved_month,False,,,absolute_anomaly_seasonal,0.3584149777889251,Medium
River_Lee_NewGauge,2025-03,final_test,unobserved_month,False,,,absolute_anomaly_seasonal,0.1575564593076706,Low
River_Lee_NewGauge,2025-04,final_test,unobserved_month,False,,,absolute_anomaly_seasonal,0.0589262656867504,Low
River_Lee_NewGauge,2025-05,final_test,unobserved_month,False,,,absolute_anomaly_seasonal,0.1483589708805084,Low
River_Lee_NewGauge,2025-06,final_test,unobserved_month,False,,,absolute_anomaly_seasonal,0.088960587978363,Low
River_Lee_NewGauge,2025-07,final_test,unobserved_month,False,,,absolute_anomaly_seasonal,0.249723270535469,Low
River_Lee_NewGauge,2025-08,final_test,unobserved_month,False,,,absolute_anomaly_seasonal,0.1528794169425964,Low
River_Lee_NewGauge,2025-09,final_test,unobserved_month,False,,,absolute_anomaly_seasonal,0.2185354381799698,Low
River_Lee_NewGauge,2025-10,final_test,unobserved_month,False,,,absolute_anomaly_seasonal,0.3419875800609588,Medium
River_Lee_NewGauge,2025-11,final_test,unobserved_month,False,,,absolute_anomaly_seasonal,0.6189229488372803,High
River_Lee_NewGauge,2025-12,final_test,unobserved_month,False,,,absolute_anomaly_seasonal,1.001384139060974,High
River_Lee_NewGauge,2026-01,final_test,unobserved_month,False,,,absolute_anomaly_seasonal,0.7506589889526367,High
River_Lee_NewGauge,2026-02,final_test,unobserved_month,False,,,absolute_anomaly_seasonal,0.814784824848175,High
River_Lee_NewGauge,2026-03,final_test,unobserved_month,False,,,absolute_anomaly_seasonal,0.1728928536176681,Low
River_Lee_NewGauge,2026-04,final_test,unobserved_month,False,,,absolute_anomaly_seasonal,0.0989070981740951,Low
River_Lee_NewGauge,2026-05,final_test,unobserved_month,False,,,absolute_anomaly_seasonal,0.0709746927022934,Low
River_Lee_NewGauge,2026-06,final_test,unobserved_month,False,,,absolute_anomaly_seasonal,0.1041507124900817,Low
River_Lee_NewGauge,2026-07,final_test,unobserved_month,False,,,absolute_anomaly_seasonal,0.1503365039825439,Low
River_Lee_NewGauge,2026-08,final_test,unobserved_month,False,,,absolute_anomaly_seasonal,0.1450541913509369,Low
River_Lee_NewGauge,2026-09,final_test,unobserved_month,False,,,absolute_anomaly_seasonal,0.2711514234542846,Medium
River_Nar_Marham,2021-01,final_test,observed_target,True,0.0,Low,absolute_anomaly_seasonal,0.0,Low
River_Nar_Marham,2021-02,final_test,observed_target,True,0.0,Low,absolute_anomaly_seasonal,0.006232276558876,Low
River_Nar_Marham,2021-03,final_test,observed_target,True,0.0,Low,absolute_anomaly_seasonal,0.0,Low
River_Nar_Marham,2021-04,final_test,observed_target,True,0.0,Low,absolute_anomaly_seasonal,0.0,Low
River_Nar_Marham,2021-05,final_test,observed_target,True,0.0,Low,absolute_anomaly_seasonal,0.0102657414972782,Low
River_Nar_Marham,2021-06,final_test,observed_target,True,0.0,Low,absolute_anomaly_seasonal,0.0202625952661037,Low
River_Nar_Marham,2021-07,final_test,observed_target,True,0.0,Low,absolute_anomaly_seasonal,0.001482643187046,Low
River_Nar_Marham,2021-08,final_test,observed_target,True,0.0,Low,absolute_anomaly_seasonal,0.0,Low
River_Nar_Marham,2021-09,final_test,observed_target,True,0.0,Low,absolute_anomaly_seasonal,0.0062658563256263,Low
River_Nar_Marham,2021-10,final_test,observed_target,True,0.05,Low,absolute_anomaly_seasonal,0.0019199103116989,Low
River_Nar_Marham,2021-11,final_test,observed_target,True,0.0,Low,absolute_anomaly_seasonal,0.0104683600366115,Low
River_Nar_Marham,2021-12,final_test,observed_target,True,0.05,Low,absolute_anomaly_seasonal,0.0068827532231807,Low
River_Nar_Marham,2022-01,final_test,observed_target,True,0.0,Low,absolute_anomaly_seasonal,0.0083780363202095,Low
River_Nar_Marham,2022-02,final_test,unobserved_month,False,,,absolute_anomaly_seasonal,0.0059312023222446,Low
River_Nar_Marham,2022-03,final_test,observed_target,True,0.0,Low,absolute_anomaly_seasonal,0.0109163150191307,Low
River_Nar_Marham,2022-04,final_test,observed_target,True,0.0,Low,absolute_anomaly_seasonal,0.0,Low
River_Nar_Marham,2022-05,final_test,observed_target,True,0.0,Low,absolute_anomaly_seasonal,0.0,Low
River_Nar_Marham,2022-06,final_test,unobserved_month,False,,,absolute_anomaly_seasonal,0.0,Low
River_Nar_Marham,2022-07,final_test,observed_target,True,0.0,Low,absolute_anomaly_seasonal,0.0165050365030765,Low
River_Nar_Marham,2022-08,final_test,observed_target,True,0.02,Low,absolute_anomaly_seasonal,0.0020345672965049,Low
River_Nar_Marham,2022-09,final_test,observed_target,True,0.0,Low,absolute_anomaly_seasonal,0.0030801743268966,Low
River_Nar_Marham,2022-10,final_test,unobserved_month,False,,,absolute_anomaly_seasonal,0.0237696655094623,Low
River_Nar_Marham,2022-11,final_test,observed_target,True,0.3,Medium,absolute_anomaly_seasonal,0.0054561682045459,Low
River_Nar_Marham,2022-12,final_test,observed_target,True,0.1,Low,absolute_anomaly_seasonal,0.0856398791074752,Low
River_Nar_Marham,2023-01,final_test,unobserved_month,False,,,absolute_anomaly_seasonal,0.026518028229475,Low
River_Nar_Marham,2023-02,final_test,observed_target,True,0.0,Low,absolute_anomaly_seasonal,0.0542212687432765,Low
River_Nar_Marham,2023-03,final_test,observed_target,True,0.0,Low,absolute_anomaly_seasonal,0.012071456760168,Low
River_Nar_Marham,2023-04,final_test,observed_target,True,0.025,Low,absolute_anomaly_seasonal,0.0064229592680931,Low
River_Nar_Marham,2023-05,final_test,observed_target,True,0.0,Low,absolute_anomaly_seasonal,0.0097747184336185,Low
River_Nar_Marham,2023-06,final_test,observed_target,True,0.0,Low,absolute_anomaly_seasonal,0.0,Low
River_Nar_Marham,2023-07,final_test,observed_target,True,0.0,Low,absolute_anomaly_seasonal,0.0,Low
River_Nar_Marham,2023-08,final_test,observed_target,True,0.0,Low,absolute_anomaly_seasonal,0.0,Low
River_Nar_Marham,2023-09,final_test,unobserved_month,False,,,absolute_anomaly_seasonal,0.0075540654361248,Low
River_Nar_Marham,2023-10,final_test,observed_target,True,0.0,Low,absolute_anomaly_seasonal,0.019494641572237,Low
River_Nar_Marham,2023-11,final_test,observed_target,True,0.0,Low,absolute_anomaly_seasonal,0.0224855579435825,Low
River_Nar_Marham,2023-12,final_test,observed_target,True,0.05,Low,absolute_anomaly_seasonal,0.0,Low
River_Nar_Marham,2024-01,final_test,unobserved_month,False,,,absolute_anomaly_seasonal,0.0056978538632392,Low
River_Nar_Marham,2024-02,final_test,observed_target,True,0.0,Low,absolute_anomaly_seasonal,0.0101570300757884,Low
River_Nar_Marham,2024-03,final_test,observed_target,True,0.0,Low,absolute_anomaly_seasonal,0.0014081895351409,Low
River_Nar_Marham,2024-04,final_test,observed_target,True,0.0,Low,absolute_anomaly_seasonal,0.0069461353123188,Low
River_Nar_Marham,2024-05,final_test,observed_target,True,0.0,Low,absolute_anomaly_seasonal,0.0004674308001995,Low
River_Nar_Marham,2024-06,final_test,observed_target,True,0.0,Low,absolute_anomaly_seasonal,0.0003849789500236,Low
River_Nar_Marham,2024-07,final_test,observed_target,True,0.0,Low,absolute_anomaly_seasonal,0.0432290248572826,Low
River_Nar_Marham,2024-08,final_test,observed_target,True,0.0,Low,absolute_anomaly_seasonal,0.0001239739358425,Low
River_Nar_Marham,2024-09,final_test,observed_target,True,0.0,Low,absolute_anomaly_seasonal,0.0093340128660202,Low
River_Nar_Marham,2024-10,final_test,observed_target,True,0.0,Low,absolute_anomaly_seasonal,0.0029526390135288,Low
River_Nar_Marham,2024-11,final_test,observed_target,True,0.0,Low,absolute_anomaly_seasonal,0.0489870570600032,Low
River_Nar_Marham,2024-12,final_test,unobserved_month,False,,,absolute_anomaly_seasonal,0.0010313875973224,Low
River_Nar_Marham,2025-01,final_test,unobserved_month,False,,,absolute_anomaly_seasonal,0.0076951049268245,Low
River_Nar_Marham,2025-02,final_test,unobserved_month,False,,,absolute_anomaly_seasonal,0.0,Low
River_Nar_Marham,2025-03,final_test,unobserved_month,False,,,absolute_anomaly_seasonal,0.0006883330643177,Low
River_Nar_Marham,2025-04,final_test,unobserved_month,False,,,absolute_anomaly_seasonal,0.0005765743553638,Low
River_Nar_Marham,2025-05,final_test,unobserved_month,False,,,absolute_anomaly_seasonal,0.001704316586256,Low
River_Nar_Marham,2025-06,final_test,unobserved_month,False,,,absolute_anomaly_seasonal,0.0001289695501327,Low
River_Nar_Marham,2025-07,final_test,unobserved_month,False,,,absolute_anomaly_seasonal,0.043923120945692,Low
River_Nar_Marham,2025-08,final_test,unobserved_month,False,,,absolute_anomaly_seasonal,0.0217673070728778,Low
River_Nar_Marham,2025-09,final_test,unobserved_month,False,,,absolute_anomaly_seasonal,0.0962943732738494,Low
River_Nar_Marham,2025-10,final_test,unobserved_month,False,,,absolute_anomaly_seasonal,0.0753171443939209,Low
River_Nar_Marham,2025-11,final_test,unobserved_month,False,,,absolute_anomaly_seasonal,0.1476645022630691,Low
River_Nar_Marham,2025-12,final_test,unobserved_month,False,,,absolute_anomaly_seasonal,0.0379863195121288,Low
River_Nar_Marham,2026-01,final_test,unobserved_month,False,,,absolute_anomaly_seasonal,0.0091387890279293,Low
River_Nar_Marham,2026-02,final_test,unobserved_month,False,,,absolute_anomaly_seasonal,0.0121247135102748,Low
River_Nar_Marham,2026-03,final_test,unobserved_month,False,,,absolute_anomaly_seasonal,0.0,Low
River_Nar_Marham,2026-04,final_test,unobserved_month,False,,,absolute_anomaly_seasonal,0.0,Low
River_Nar_Marham,2026-05,final_test,unobserved_month,False,,,absolute_anomaly_seasonal,0.0096041560173034,Low
River_Nar_Marham,2026-06,final_test,unobserved_month,False,,,absolute_anomaly_seasonal,0.0144520513713359,Low
River_Nar_Marham,2026-07,final_test,unobserved_month,False,,,absolute_anomaly_seasonal,0.026082407683134,Low
River_Nar_Marham,2026-08,final_test,unobserved_month,False,,,absolute_anomaly_seasonal,0.0129368714988231,Low
River_Nar_Marham,2026-09,final_test,unobserved_month,False,,,absolute_anomaly_seasonal,0.0161284320056438,Low
River_Ouse_York,2021-01,final_test,unobserved_month,False,,,absolute_anomaly_seasonal,0.258005678653717,Medium
River_Ouse_York,2021-02,final_test,unobserved_month,False,,,absolute_anomaly_seasonal,0.1503081023693084,Low
River_Ouse_York,2021-03,final_test,unobserved_month,False,,,absolute_anomaly_seasonal,0.1413294076919555,Low
River_Ouse_York,2021-04,final_test,observed_target,True,0.0890475,Low,absolute_anomaly_seasonal,0.2847599685192108,Medium
River_Ouse_York,2021-05,final_test,unobserved_month,False,,,absolute_anomaly_seasonal,0.0764423012733459,Low
River_Ouse_York,2021-06,final_test,observed_target,True,0.02246,Low,absolute_anomaly_seasonal,0.1333678364753723,Low
River_Ouse_York,2021-07,final_test,unobserved_month,False,,,absolute_anomaly_seasonal,0.0743823796510696,Low
River_Ouse_York,2021-08,final_test,unobserved_month,False,,,absolute_anomaly_seasonal,0.3389224112033844,Medium
River_Ouse_York,2021-09,final_test,observed_target,True,0.0,Low,absolute_anomaly_seasonal,0.3384497165679931,Medium
River_Ouse_York,2021-10,final_test,observed_target,True,0.0,Low,absolute_anomaly_seasonal,0.284288078546524,Medium
River_Ouse_York,2021-11,final_test,observed_target,True,0.023585,Low,absolute_anomaly_seasonal,0.0029226876795291,Low
River_Ouse_York,2021-12,final_test,observed_target,True,0.171986,Low,absolute_anomaly_seasonal,0.049185749143362,Low
River_Ouse_York,2022-01,final_test,observed_target,True,0.038462,Low,absolute_anomaly_seasonal,0.1349034309387207,Low
River_Ouse_York,2022-02,final_test,unobserved_month,False,,,absolute_anomaly_seasonal,0.0495460964739322,Low
River_Ouse_York,2022-03,final_test,observed_target,True,0.0,Low,absolute_anomaly_seasonal,0.0956252515316009,Low
River_Ouse_York,2022-04,final_test,observed_target,True,0.15625,Low,absolute_anomaly_seasonal,0.0547059066593647,Low
River_Ouse_York,2022-05,final_test,observed_target,True,0.0,Low,absolute_anomaly_seasonal,0.0348880253732204,Low
River_Ouse_York,2022-06,final_test,observed_target,True,0.0,Low,absolute_anomaly_seasonal,0.0110480673611164,Low
River_Ouse_York,2022-07,final_test,unobserved_month,False,,,absolute_anomaly_seasonal,0.0437353365123271,Low
River_Ouse_York,2022-08,final_test,observed_target,True,0.0,Low,absolute_anomaly_seasonal,0.0892027467489242,Low
River_Ouse_York,2022-09,final_test,observed_target,True,0.047175,Low,absolute_anomaly_seasonal,0.1115156412124633,Low
River_Ouse_York,2022-10,final_test,unobserved_month,False,,,absolute_anomaly_seasonal,0.1204288601875305,Low
River_Ouse_York,2022-11,final_test,unobserved_month,False,,,absolute_anomaly_seasonal,0.1174060404300689,Low
River_Ouse_York,2022-12,final_test,observed_target,True,0.11468,Low,absolute_anomaly_seasonal,0.316817045211792,Medium
River_Ouse_York,2023-01,final_test,observed_target,True,0.0,Low,absolute_anomaly_seasonal,0.0698622316122055,Low
River_Ouse_York,2023-02,final_test,unobserved_month,False,,,absolute_anomaly_seasonal,0.3513885736465454,Medium
River_Ouse_York,2023-03,final_test,observed_target,True,0.035088,Low,absolute_anomaly_seasonal,0.1456831842660904,Low
River_Ouse_York,2023-04,final_test,observed_target,True,0.0652175,Low,absolute_anomaly_seasonal,0.2630448043346405,Medium
River_Ouse_York,2023-05,final_test,observed_target,True,0.018692,Low,absolute_anomaly_seasonal,0.1516863256692886,Low
River_Ouse_York,2023-06,final_test,observed_target,True,0.0,Low,absolute_anomaly_seasonal,0.2029304951429367,Low
River_Ouse_York,2023-07,final_test,observed_target,True,0.0231475,Low,absolute_anomaly_seasonal,0.0217332579195499,Low
River_Ouse_York,2023-08,final_test,observed_target,True,0.4,Medium,absolute_anomaly_seasonal,0.1324290633201599,Low
River_Ouse_York,2023-09,final_test,observed_target,True,0.101915,Low,absolute_anomaly_seasonal,0.051175270229578,Low
River_Ouse_York,2023-10,final_test,unobserved_month,False,,,absolute_anomaly_seasonal,0.1089967191219329,Low
River_Ouse_York,2023-11,final_test,observed_target,True,0.06,Low,absolute_anomaly_seasonal,0.0761233270168304,Low
River_Ouse_York,2023-12,final_test,observed_target,True,0.022935,Low,absolute_anomaly_seasonal,0.0231523476541042,Low
River_Ouse_York,2024-01,final_test,observed_target,True,0.147476,Low,absolute_anomaly_seasonal,0.0288264341652393,Low
River_Ouse_York,2024-02,final_test,observed_target,True,0.017544,Low,absolute_anomaly_seasonal,0.2022510915994644,Low
River_Ouse_York,2024-03,final_test,unobserved_month,False,,,absolute_anomaly_seasonal,0.1097375452518463,Low
River_Ouse_York,2024-04,final_test,observed_target,True,0.0,Low,absolute_anomaly_seasonal,0.2131886035203933,Low
River_Ouse_York,2024-05,final_test,observed_target,True,0.0,Low,absolute_anomaly_seasonal,0.0304978676140308,Low
River_Ouse_York,2024-06,final_test,observed_target,True,0.0,Low,absolute_anomaly_seasonal,0.0356286577880382,Low
River_Ouse_York,2024-07,final_test,observed_target,True,0.0,Low,absolute_anomaly_seasonal,0.0371121056377887,Low
River_Ouse_York,2024-08,final_test,observed_target,True,0.0,Low,absolute_anomaly_seasonal,0.082836240530014,Low
River_Ouse_York,2024-09,final_test,observed_target,True,0.0,Low,absolute_anomaly_seasonal,0.1342997997999191,Low
River_Ouse_York,2024-10,final_test,observed_target,True,0.0,Low,absolute_anomaly_seasonal,0.1339097470045089,Low
River_Ouse_York,2024-11,final_test,unobserved_month,False,,,absolute_anomaly_seasonal,0.2396145910024643,Low
River_Ouse_York,2024-12,final_test,unobserved_month,False,,,absolute_anomaly_seasonal,0.1239672154188156,Low
River_Ouse_York,2025-01,final_test,unobserved_month,False,,,absolute_anomaly_seasonal,0.049469094723463,Low
River_Ouse_York,2025-02,final_test,unobserved_month,False,,,absolute_anomaly_seasonal,0.0753158330917358,Low
River_Ouse_York,2025-03,final_test,unobserved_month,False,,,absolute_anomaly_seasonal,0.0708246231079101,Low
River_Ouse_York,2025-04,final_test,unobserved_month,False,,,absolute_anomaly_seasonal,0.0523037277162075,Low
River_Ouse_York,2025-05,final_test,unobserved_month,False,,,absolute_anomaly_seasonal,0.0328559167683124,Low
River_Ouse_York,2025-06,final_test,unobserved_month,False,,,absolute_anomaly_seasonal,0.1538379788398742,Low
River_Ouse_York,2025-07,final_test,unobserved_month,False,,,absolute_anomaly_seasonal,0.0457149557769298,Low
River_Ouse_York,2025-08,final_test,unobserved_month,False,,,absolute_anomaly_seasonal,0.0266046486794948,Low
River_Ouse_York,2025-09,final_test,unobserved_month,False,,,absolute_anomaly_seasonal,0.0604480095207691,Low
River_Ouse_York,2025-10,final_test,unobserved_month,False,,,absolute_anomaly_seasonal,0.1108094900846481,Low
River_Ouse_York,2025-11,final_test,unobserved_month,False,,,absolute_anomaly_seasonal,0.0451376996934413,Low
River_Ouse_York,2025-12,final_test,unobserved_month,False,,,absolute_anomaly_seasonal,0.0,Low
River_Ouse_York,2026-01,final_test,unobserved_month,False,,,absolute_anomaly_seasonal,0.0,Low
River_Ouse_York,2026-02,final_test,unobserved_month,False,,,absolute_anomaly_seasonal,0.0570497326552867,Low
River_Ouse_York,2026-03,final_test,unobserved_month,False,,,absolute_anomaly_seasonal,0.0468908064067363,Low
River_Ouse_York,2026-04,final_test,unobserved_month,False,,,absolute_anomaly_seasonal,0.0671582520008087,Low
River_Ouse_York,2026-05,final_test,unobserved_month,False,,,absolute_anomaly_seasonal,0.1047080606222152,Low
River_Ouse_York,2026-06,final_test,unobserved_month,False,,,absolute_anomaly_seasonal,0.0554312504827976,Low
River_Ouse_York,2026-07,final_test,unobserved_month,False,,,absolute_anomaly_seasonal,0.0,Low
River_Ouse_York,2026-08,final_test,unobserved_month,False,,,absolute_anomaly_seasonal,0.0,Low
River_Ouse_York,2026-09,final_test,unobserved_month,False,,,absolute_anomaly_seasonal,0.0532793961465358,Low
River_Rother_Hardham,2023-01,final_test,observed_target,True,0.13020825,Low,absolute_anomaly_seasonal,0.0489814542233943,Low
River_Rother_Hardham,2023-02,final_test,observed_target,True,0.0,Low,absolute_anomaly_seasonal,0.0537907145917415,Low
River_Rother_Hardham,2023-03,final_test,observed_target,True,0.0,Low,absolute_anomaly_seasonal,0.0145301483571529,Low
River_Rother_Hardham,2023-04,final_test,observed_target,True,0.0,Low,absolute_anomaly_seasonal,0.0090557970106601,Low
River_Rother_Hardham,2023-05,final_test,observed_target,True,0.0270517142857142,Low,absolute_anomaly_seasonal,0.0101347677409648,Low
River_Rother_Hardham,2023-06,final_test,observed_target,True,0.0383620555555555,Low,absolute_anomaly_seasonal,0.01328681781888,Low
River_Rother_Hardham,2023-07,final_test,observed_target,True,0.0,Low,absolute_anomaly_seasonal,0.0039236098527908,Low
River_Rother_Hardham,2023-08,final_test,observed_target,True,0.0052631578947368,Low,absolute_anomaly_seasonal,0.0194999612867832,Low
River_Rother_Hardham,2023-09,final_test,observed_target,True,0.0,Low,absolute_anomaly_seasonal,0.0034671276807785,Low
River_Rother_Hardham,2023-10,final_test,observed_target,True,0.0,Low,absolute_anomaly_seasonal,0.0091077387332916,Low
River_Rother_Hardham,2023-11,final_test,observed_target,True,0.025217125,Low,absolute_anomaly_seasonal,0.0369352288544178,Low
River_Rother_Hardham,2023-12,final_test,observed_target,True,0.008658,Low,absolute_anomaly_seasonal,0.0787421613931655,Low
River_Rother_Hardham,2024-01,final_test,observed_target,True,0.0261463333333333,Low,absolute_anomaly_seasonal,0.0546826533973217,Low
River_Rother_Hardham,2024-02,final_test,observed_target,True,0.01923075,Low,absolute_anomaly_seasonal,0.0197635628283023,Low
River_Rother_Hardham,2024-03,final_test,observed_target,True,0.0061728666666666,Low,absolute_anomaly_seasonal,0.0100358575582504,Low
River_Rother_Hardham,2024-04,final_test,observed_target,True,0.0372204666666666,Low,absolute_anomaly_seasonal,0.0251954458653926,Low
River_Rother_Hardham,2024-05,final_test,observed_target,True,0.0241436315789473,Low,absolute_anomaly_seasonal,0.0282140858471393,Low
River_Rother_Hardham,2024-06,final_test,observed_target,True,0.0261278,Low,absolute_anomaly_seasonal,0.0114753507077693,Low
River_Rother_Hardham,2024-07,final_test,observed_target,True,0.0,Low,absolute_anomaly_seasonal,0.0079144649207592,Low
River_Rother_Hardham,2024-08,final_test,observed_target,True,0.0,Low,absolute_anomaly_seasonal,0.0008905567228794,Low
River_Rother_Hardham,2024-09,final_test,observed_target,True,0.011439294117647,Low,absolute_anomaly_seasonal,0.0180039145052433,Low
River_Rother_Hardham,2024-10,final_test,observed_target,True,0.0296033157894736,Low,absolute_anomaly_seasonal,0.0313658528029918,Low
River_Rother_Hardham,2024-11,final_test,unobserved_month,False,,,absolute_anomaly_seasonal,0.0102134384214878,Low
River_Rother_Hardham,2024-12,final_test,unobserved_month,False,,,absolute_anomaly_seasonal,0.0118132904171943,Low
River_Rother_Hardham,2025-01,final_test,unobserved_month,False,,,absolute_anomaly_seasonal,0.0129244066774845,Low
River_Rother_Hardham,2025-02,final_test,unobserved_month,False,,,absolute_anomaly_seasonal,0.0387822426855564,Low
River_Rother_Hardham,2025-03,final_test,unobserved_month,False,,,absolute_anomaly_seasonal,0.0,Low
River_Rother_Hardham,2025-04,final_test,unobserved_month,False,,,absolute_anomaly_seasonal,0.0019369460642337,Low
River_Rother_Hardham,2025-05,final_test,unobserved_month,False,,,absolute_anomaly_seasonal,0.0034311935305595,Low
River_Rother_Hardham,2025-06,final_test,unobserved_month,False,,,absolute_anomaly_seasonal,0.0115921273827552,Low
River_Rother_Hardham,2025-07,final_test,unobserved_month,False,,,absolute_anomaly_seasonal,0.0154334567487239,Low
River_Rother_Hardham,2025-08,final_test,unobserved_month,False,,,absolute_anomaly_seasonal,0.0460904501378536,Low
River_Rother_Hardham,2025-09,final_test,unobserved_month,False,,,absolute_anomaly_seasonal,0.057971466332674,Low
River_Rother_Hardham,2025-10,final_test,unobserved_month,False,,,absolute_anomaly_seasonal,0.0526612065732479,Low
River_Rother_Hardham,2025-11,final_test,unobserved_month,False,,,absolute_anomaly_seasonal,0.0363376848399639,Low
River_Rother_Hardham,2025-12,final_test,unobserved_month,False,,,absolute_anomaly_seasonal,0.0590632818639278,Low
River_Rother_Hardham,2026-01,final_test,unobserved_month,False,,,absolute_anomaly_seasonal,0.022610817104578,Low
River_Rother_Hardham,2026-02,final_test,unobserved_month,False,,,absolute_anomaly_seasonal,0.0197530649602413,Low
River_Rother_Hardham,2026-03,final_test,unobserved_month,False,,,absolute_anomaly_seasonal,0.0093819461762905,Low
River_Rother_Hardham,2026-04,final_test,unobserved_month,False,,,absolute_anomaly_seasonal,0.0214560516178607,Low
River_Rother_Hardham,2026-05,final_test,unobserved_month,False,,,absolute_anomaly_seasonal,0.0167887993156909,Low
River_Rother_Hardham,2026-06,final_test,unobserved_month,False,,,absolute_anomaly_seasonal,0.0137780122458934,Low
River_Rother_Hardham,2026-07,final_test,unobserved_month,False,,,absolute_anomaly_seasonal,0.0121019035577774,Low
River_Rother_Hardham,2026-08,final_test,unobserved_month,False,,,absolute_anomaly_seasonal,0.0204044096171855,Low
River_Rother_Hardham,2026-09,final_test,unobserved_month,False,,,absolute_anomaly_seasonal,0.0041962191462516,Low
River_Rother_Robertsbridge,2022-01,final_test,observed_target,True,0.099898923076923,Low,absolute_anomaly_seasonal,0.0786599069833755,Low
River_Rother_Robertsbridge,2022-02,final_test,observed_target,True,0.1068266666666666,Low,absolute_anomaly_seasonal,0.0755290687084198,Low
River_Rother_Robertsbridge,2022-03,final_test,observed_target,True,0.0136054285714285,Low,absolute_anomaly_seasonal,0.1488137692213058,Low
River_Rother_Robertsbridge,2022-04,final_test,observed_target,True,0.0382263333333333,Low,absolute_anomaly_seasonal,0.0,Low
River_Rother_Robertsbridge,2022-05,final_test,observed_target,True,0.0402690769230769,Low,absolute_anomaly_seasonal,0.052526157349348,Low
River_Rother_Robertsbridge,2022-06,final_test,observed_target,True,0.0733596153846153,Low,absolute_anomaly_seasonal,0.0581523813307285,Low
River_Rother_Robertsbridge,2022-07,final_test,observed_target,True,0.0361753846153846,Low,absolute_anomaly_seasonal,0.1247165501117706,Low
River_Rother_Robertsbridge,2022-08,final_test,observed_target,True,0.007256923076923,Low,absolute_anomaly_seasonal,0.0074565820395946,Low
River_Rother_Robertsbridge,2022-09,final_test,observed_target,True,0.0235653571428571,Low,absolute_anomaly_seasonal,0.0966080129146575,Low
River_Rother_Robertsbridge,2022-10,final_test,observed_target,True,0.1634943846153846,Low,absolute_anomaly_seasonal,0.0871722549200058,Low
River_Rother_Robertsbridge,2022-11,final_test,observed_target,True,0.2193103076923077,Low,absolute_anomaly_seasonal,0.1069860756397247,Low
River_Rother_Robertsbridge,2022-12,final_test,observed_target,True,0.0980091538461538,Low,absolute_anomaly_seasonal,0.0383572094142437,Low
River_Rother_Robertsbridge,2023-01,final_test,observed_target,True,0.070074,Low,absolute_anomaly_seasonal,0.0935293734073638,Low
River_Rother_Robertsbridge,2023-02,final_test,observed_target,True,0.0,Low,absolute_anomaly_seasonal,0.0882967710494995,Low
River_Rother_Robertsbridge,2023-03,final_test,observed_target,True,0.0,Low,absolute_anomaly_seasonal,0.0747996270656585,Low
River_Rother_Robertsbridge,2023-04,final_test,observed_target,True,0.02173925,Low,absolute_anomaly_seasonal,0.0464673601090908,Low
River_Rother_Robertsbridge,2023-05,final_test,observed_target,True,0.0375438,Low,absolute_anomaly_seasonal,0.131082683801651,Low
River_Rother_Robertsbridge,2023-06,final_test,observed_target,True,0.0700935,Low,absolute_anomaly_seasonal,0.0538325272500515,Low
River_Rother_Robertsbridge,2023-07,final_test,observed_target,True,0.0,Low,absolute_anomaly_seasonal,0.0751155018806457,Low
River_Rother_Robertsbridge,2023-08,final_test,observed_target,True,0.093115,Low,absolute_anomaly_seasonal,0.0556188337504863,Low
River_Rother_Robertsbridge,2023-09,final_test,observed_target,True,0.0,Low,absolute_anomaly_seasonal,0.1193782985210418,Low
River_Rother_Robertsbridge,2023-10,final_test,observed_target,True,0.02314825,Low,absolute_anomaly_seasonal,0.0247282125055789,Low
River_Rother_Robertsbridge,2023-11,final_test,observed_target,True,0.0,Low,absolute_anomaly_seasonal,0.0388415046036243,Low
River_Rother_Robertsbridge,2023-12,final_test,observed_target,True,0.11961,Low,absolute_anomaly_seasonal,0.020717080682516,Low
River_Rother_Robertsbridge,2024-01,final_test,observed_target,True,0.0,Low,absolute_anomaly_seasonal,0.0649464279413223,Low
River_Rother_Robertsbridge,2024-02,final_test,observed_target,True,0.090909,Low,absolute_anomaly_seasonal,0.0389891602098941,Low
River_Rother_Robertsbridge,2024-03,final_test,observed_target,True,0.181099,Low,absolute_anomaly_seasonal,0.0012535266578197,Low
River_Rother_Robertsbridge,2024-04,final_test,observed_target,True,0.0,Low,absolute_anomaly_seasonal,0.0488763265311718,Low
River_Rother_Robertsbridge,2024-05,final_test,observed_target,True,0.0175438,Low,absolute_anomaly_seasonal,0.0117038637399673,Low
River_Rother_Robertsbridge,2024-06,final_test,observed_target,True,0.02155175,Low,absolute_anomaly_seasonal,0.0,Low
River_Rother_Robertsbridge,2024-07,final_test,observed_target,True,0.0354094,Low,absolute_anomaly_seasonal,0.0,Low
River_Rother_Robertsbridge,2024-08,final_test,observed_target,True,0.0925925,Low,absolute_anomaly_seasonal,0.0440920181572437,Low
River_Rother_Robertsbridge,2024-09,final_test,observed_target,True,0.0,Low,absolute_anomaly_seasonal,0.0374016501009464,Low
River_Rother_Robertsbridge,2024-10,final_test,observed_target,True,0.0225225,Low,absolute_anomaly_seasonal,0.0264190770685672,Low
River_Rother_Robertsbridge,2024-11,final_test,unobserved_month,False,,,absolute_anomaly_seasonal,0.0681497603654861,Low
River_Rother_Robertsbridge,2024-12,final_test,unobserved_month,False,,,absolute_anomaly_seasonal,0.0341482646763324,Low
River_Rother_Robertsbridge,2025-01,final_test,unobserved_month,False,,,absolute_anomaly_seasonal,0.0657817125320434,Low
River_Rother_Robertsbridge,2025-02,final_test,unobserved_month,False,,,absolute_anomaly_seasonal,0.0299276299774646,Low
River_Rother_Robertsbridge,2025-03,final_test,unobserved_month,False,,,absolute_anomaly_seasonal,0.029792595654726,Low
River_Rother_Robertsbridge,2025-04,final_test,unobserved_month,False,,,absolute_anomaly_seasonal,0.0225591249763965,Low
River_Rother_Robertsbridge,2025-05,final_test,unobserved_month,False,,,absolute_anomaly_seasonal,0.0385183207690715,Low
River_Rother_Robertsbridge,2025-06,final_test,unobserved_month,False,,,absolute_anomaly_seasonal,0.1738569140434265,Low
River_Rother_Robertsbridge,2025-07,final_test,unobserved_month,False,,,absolute_anomaly_seasonal,0.0913958102464675,Low
River_Rother_Robertsbridge,2025-08,final_test,unobserved_month,False,,,absolute_anomaly_seasonal,0.0450447313487529,Low
River_Rother_Robertsbridge,2025-09,final_test,unobserved_month,False,,,absolute_anomaly_seasonal,0.0333343409001827,Low
River_Rother_Robertsbridge,2025-10,final_test,unobserved_month,False,,,absolute_anomaly_seasonal,0.0296010412275791,Low
River_Rother_Robertsbridge,2025-11,final_test,unobserved_month,False,,,absolute_anomaly_seasonal,0.0649338513612747,Low
River_Rother_Robertsbridge,2025-12,final_test,unobserved_month,False,,,absolute_anomaly_seasonal,0.0870197117328643,Low
River_Rother_Robertsbridge,2026-01,final_test,unobserved_month,False,,,absolute_anomaly_seasonal,0.0155394561588764,Low
River_Rother_Robertsbridge,2026-02,final_test,unobserved_month,False,,,absolute_anomaly_seasonal,0.0079003572463989,Low
River_Rother_Robertsbridge,2026-03,final_test,unobserved_month,False,,,absolute_anomaly_seasonal,0.038229938596487,Low
River_Rother_Robertsbridge,2026-04,final_test,unobserved_month,False,,,absolute_anomaly_seasonal,0.0108560435473918,Low
River_Rother_Robertsbridge,2026-05,final_test,unobserved_month,False,,,absolute_anomaly_seasonal,0.0333822034299373,Low
River_Rother_Robertsbridge,2026-06,final_test,unobserved_month,False,,,absolute_anomaly_seasonal,0.0901350229978561,Low
River_Rother_Robertsbridge,2026-07,final_test,unobserved_month,False,,,absolute_anomaly_seasonal,0.0626986622810363,Low
River_Rother_Robertsbridge,2026-08,final_test,unobserved_month,False,,,absolute_anomaly_seasonal,0.076567143201828,Low
River_Rother_Robertsbridge,2026-09,final_test,unobserved_month,False,,,absolute_anomaly_seasonal,0.0607712976634502,Low
River_Severn_Shelton,2022-04,final_test,observed_target,True,0.1,Low,absolute_anomaly_seasonal,0.1557210385799408,Low
River_Severn_Shelton,2022-05,final_test,unobserved_month,False,,,absolute_anomaly_seasonal,0.1390608996152877,Low
River_Severn_Shelton,2022-06,final_test,observed_target,True,0.06,Low,absolute_anomaly_seasonal,0.1273594051599502,Low
River_Severn_Shelton,2022-07,final_test,observed_target,True,0.1,Low,absolute_anomaly_seasonal,0.1667596399784088,Low
River_Severn_Shelton,2022-08,final_test,observed_target,True,0.0,Low,absolute_anomaly_seasonal,0.3373622596263885,Medium
River_Severn_Shelton,2022-09,final_test,unobserved_month,False,,,absolute_anomaly_seasonal,0.2499917894601822,Low
River_Severn_Shelton,2022-10,final_test,observed_target,True,0.9873016666666666,High,absolute_anomaly_seasonal,0.2355556339025497,Low
River_Severn_Shelton,2022-11,final_test,observed_target,True,0.62,High,absolute_anomaly_seasonal,0.0323365293443203,Low
River_Severn_Shelton,2022-12,final_test,observed_target,True,0.375,Medium,absolute_anomaly_seasonal,0.1673416048288345,Low
River_Severn_Shelton,2023-01,final_test,observed_target,True,0.24,Low,absolute_anomaly_seasonal,0.3221845626831054,Medium
River_Severn_Shelton,2023-02,final_test,unobserved_month,False,,,absolute_anomaly_seasonal,0.1104889214038848,Low
River_Severn_Shelton,2023-03,final_test,observed_target,True,0.3305555,Medium,absolute_anomaly_seasonal,0.1483242362737655,Low
River_Severn_Shelton,2023-04,final_test,unobserved_month,False,,,absolute_anomaly_seasonal,0.0625535547733306,Low
River_Severn_Shelton,2023-05,final_test,observed_target,True,0.1999999999999999,Low,absolute_anomaly_seasonal,0.2016528099775314,Low
River_Severn_Shelton,2023-06,final_test,observed_target,True,0.175,Low,absolute_anomaly_seasonal,0.207893893122673,Low
River_Severn_Shelton,2023-07,final_test,observed_target,True,0.025,Low,absolute_anomaly_seasonal,0.2097225934267044,Low
River_Severn_Shelton,2023-08,final_test,observed_target,True,0.04,Low,absolute_anomaly_seasonal,0.2484254390001297,Low
River_Severn_Shelton,2023-09,final_test,observed_target,True,0.525,High,absolute_anomaly_seasonal,0.7869464159011841,High
River_Severn_Shelton,2023-10,final_test,observed_target,True,0.275,Medium,absolute_anomaly_seasonal,0.637839674949646,High
River_Severn_Shelton,2023-11,final_test,observed_target,True,0.475,Medium,absolute_anomaly_seasonal,0.1684975028038025,Low
River_Severn_Shelton,2023-12,final_test,observed_target,True,0.35,Medium,absolute_anomaly_seasonal,0.2368467003107071,Low
River_Severn_Shelton,2024-01,final_test,unobserved_month,False,,,absolute_anomaly_seasonal,0.306074321269989,Medium
River_Severn_Shelton,2024-02,final_test,observed_target,True,0.16,Low,absolute_anomaly_seasonal,0.1723774969577789,Low
River_Severn_Shelton,2024-03,final_test,observed_target,True,0.6,High,absolute_anomaly_seasonal,0.2082457393407821,Low
River_Severn_Shelton,2024-04,final_test,observed_target,True,0.325,Medium,absolute_anomaly_seasonal,0.072248950600624,Low
River_Severn_Shelton,2024-05,final_test,observed_target,True,0.2799999999999999,Medium,absolute_anomaly_seasonal,0.1658362448215484,Low
River_Severn_Shelton,2024-06,final_test,observed_target,True,0.2249999999999999,Low,absolute_anomaly_seasonal,0.2676210701465606,Medium
River_Severn_Shelton,2024-07,final_test,observed_target,True,0.06,Low,absolute_anomaly_seasonal,0.1169155985116958,Low
River_Severn_Shelton,2024-08,final_test,observed_target,True,0.175,Low,absolute_anomaly_seasonal,0.0399565957486629,Low
River_Severn_Shelton,2024-09,final_test,observed_target,True,0.175,Low,absolute_anomaly_seasonal,0.2904164493083954,Medium
River_Severn_Shelton,2024-10,final_test,observed_target,True,0.12,Low,absolute_anomaly_seasonal,0.197663739323616,Low
River_Severn_Shelton,2024-11,final_test,unobserved_month,False,,,absolute_anomaly_seasonal,0.5409749150276184,High
River_Severn_Shelton,2024-12,final_test,unobserved_month,False,,,absolute_anomaly_seasonal,0.498195469379425,Medium
River_Severn_Shelton,2025-01,final_test,unobserved_month,False,,,absolute_anomaly_seasonal,0.4760506153106689,Medium
River_Severn_Shelton,2025-02,final_test,unobserved_month,False,,,absolute_anomaly_seasonal,0.1789586395025253,Low
River_Severn_Shelton,2025-03,final_test,unobserved_month,False,,,absolute_anomaly_seasonal,0.2525199949741363,Medium
River_Severn_Shelton,2025-04,final_test,unobserved_month,False,,,absolute_anomaly_seasonal,0.4986739158630371,Medium
River_Severn_Shelton,2025-05,final_test,unobserved_month,False,,,absolute_anomaly_seasonal,0.1809816211462021,Low
River_Severn_Shelton,2025-06,final_test,unobserved_month,False,,,absolute_anomaly_seasonal,0.2705667912960052,Medium
River_Severn_Shelton,2025-07,final_test,unobserved_month,False,,,absolute_anomaly_seasonal,0.0608785785734653,Low
River_Severn_Shelton,2025-08,final_test,unobserved_month,False,,,absolute_anomaly_seasonal,0.0808163285255432,Low
River_Severn_Shelton,2025-09,final_test,unobserved_month,False,,,absolute_anomaly_seasonal,0.0686957240104675,Low
River_Severn_Shelton,2025-10,final_test,unobserved_month,False,,,absolute_anomaly_seasonal,0.3338264524936676,Medium
River_Severn_Shelton,2025-11,final_test,unobserved_month,False,,,absolute_anomaly_seasonal,0.4378329515457153,Medium
River_Severn_Shelton,2025-12,final_test,unobserved_month,False,,,absolute_anomaly_seasonal,0.3166163861751556,Medium
River_Severn_Shelton,2026-01,final_test,unobserved_month,False,,,absolute_anomaly_seasonal,0.3992279767990112,Medium
River_Severn_Shelton,2026-02,final_test,unobserved_month,False,,,absolute_anomaly_seasonal,0.2584371566772461,Medium
River_Severn_Shelton,2026-03,final_test,unobserved_month,False,,,absolute_anomaly_seasonal,0.3094836175441742,Medium
River_Severn_Shelton,2026-04,final_test,unobserved_month,False,,,absolute_anomaly_seasonal,0.2025190442800521,Low
River_Severn_Shelton,2026-05,final_test,unobserved_month,False,,,absolute_anomaly_seasonal,0.1305146664381027,Low
River_Severn_Shelton,2026-06,final_test,unobserved_month,False,,,absolute_anomaly_seasonal,0.0526286102831363,Low
River_Severn_Shelton,2026-07,final_test,unobserved_month,False,,,absolute_anomaly_seasonal,0.0853801369667053,Low
River_Severn_Shelton,2026-08,final_test,unobserved_month,False,,,absolute_anomaly_seasonal,0.0681188404560089,Low
River_Severn_Shelton,2026-09,final_test,unobserved_month,False,,,absolute_anomaly_seasonal,0.1140072494745254,Low
River_Stour_Langham,2021-01,final_test,observed_target,True,0.075,Low,absolute_anomaly_seasonal,0.0779962092638015,Low
River_Stour_Langham,2021-02,final_test,observed_target,True,0.05,Low,absolute_anomaly_seasonal,0.0153059028089046,Low
River_Stour_Langham,2021-03,final_test,observed_target,True,0.025,Low,absolute_anomaly_seasonal,0.0139060951769351,Low
River_Stour_Langham,2021-04,final_test,observed_target,True,0.1,Low,absolute_anomaly_seasonal,0.0360584743320941,Low
River_Stour_Langham,2021-05,final_test,observed_target,True,0.0,Low,absolute_anomaly_seasonal,0.0475879125297069,Low
River_Stour_Langham,2021-06,final_test,observed_target,True,0.075,Low,absolute_anomaly_seasonal,0.0454117693006992,Low
River_Stour_Langham,2021-07,final_test,observed_target,True,0.02,Low,absolute_anomaly_seasonal,0.0,Low
River_Stour_Langham,2021-08,final_test,observed_target,True,0.0,Low,absolute_anomaly_seasonal,0.005920872092247,Low
River_Stour_Langham,2021-09,final_test,observed_target,True,0.02,Low,absolute_anomaly_seasonal,0.0383186601102352,Low
River_Stour_Langham,2021-10,final_test,observed_target,True,0.05,Low,absolute_anomaly_seasonal,0.0480553694069385,Low
River_Stour_Langham,2021-11,final_test,observed_target,True,0.0,Low,absolute_anomaly_seasonal,0.0262445621192455,Low
River_Stour_Langham,2021-12,final_test,observed_target,True,0.22,Low,absolute_anomaly_seasonal,0.0243993662297725,Low
River_Stour_Langham,2022-01,final_test,observed_target,True,0.15,Low,absolute_anomaly_seasonal,0.1147193163633346,Low
River_Stour_Langham,2022-02,final_test,observed_target,True,0.0,Low,absolute_anomaly_seasonal,0.0322729162871837,Low
River_Stour_Langham,2022-03,final_test,observed_target,True,0.0,Low,absolute_anomaly_seasonal,0.0611421279609203,Low
River_Stour_Langham,2022-04,final_test,observed_target,True,0.0,Low,absolute_anomaly_seasonal,0.0004529617726802,Low
River_Stour_Langham,2022-05,final_test,observed_target,True,0.0,Low,absolute_anomaly_seasonal,0.0079996027052402,Low
River_Stour_Langham,2022-06,final_test,observed_target,True,0.0,Low,absolute_anomaly_seasonal,0.0320228524506092,Low
River_Stour_Langham,2022-07,final_test,observed_target,True,0.0,Low,absolute_anomaly_seasonal,0.0,Low
River_Stour_Langham,2022-08,final_test,observed_target,True,0.025,Low,absolute_anomaly_seasonal,0.0013216957449913,Low
River_Stour_Langham,2022-09,final_test,observed_target,True,0.08,Low,absolute_anomaly_seasonal,0.0186110399663448,Low
River_Stour_Langham,2022-10,final_test,observed_target,True,0.025,Low,absolute_anomaly_seasonal,0.030980709940195,Low
River_Stour_Langham,2022-11,final_test,observed_target,True,0.3,Medium,absolute_anomaly_seasonal,0.1579520404338836,Low
River_Stour_Langham,2022-12,final_test,observed_target,True,0.18,Low,absolute_anomaly_seasonal,0.1799052655696869,Low
River_Stour_Langham,2023-01,final_test,observed_target,True,0.0,Low,absolute_anomaly_seasonal,0.0407299883663654,Low
River_Stour_Langham,2023-02,final_test,observed_target,True,0.175,Low,absolute_anomaly_seasonal,0.0626589804887771,Low
River_Stour_Langham,2023-03,final_test,observed_target,True,0.08,Low,absolute_anomaly_seasonal,0.0588048808276653,Low
River_Stour_Langham,2023-04,final_test,observed_target,True,0.025,Low,absolute_anomaly_seasonal,0.0355855114758014,Low
River_Stour_Langham,2023-05,final_test,observed_target,True,0.05,Low,absolute_anomaly_seasonal,0.0027903169393539,Low
River_Stour_Langham,2023-06,final_test,observed_target,True,0.16,Low,absolute_anomaly_seasonal,0.0367260538041591,Low
River_Stour_Langham,2023-07,final_test,unobserved_month,False,,,absolute_anomaly_seasonal,0.0107208527624607,Low
River_Stour_Langham,2023-08,final_test,observed_target,True,0.0,Low,absolute_anomaly_seasonal,0.0411875955760479,Low
River_Stour_Langham,2023-09,final_test,observed_target,True,0.025,Low,absolute_anomaly_seasonal,0.026350449770689,Low
River_Stour_Langham,2023-10,final_test,observed_target,True,0.05,Low,absolute_anomaly_seasonal,0.0913713127374649,Low
River_Stour_Langham,2023-11,final_test,observed_target,True,0.36,Medium,absolute_anomaly_seasonal,0.1438520848751068,Low
River_Stour_Langham,2023-12,final_test,observed_target,True,0.25,Medium,absolute_anomaly_seasonal,0.2810642421245575,Medium
River_Stour_Langham,2024-01,final_test,observed_target,True,0.15,Low,absolute_anomaly_seasonal,0.1181811839342117,Low
River_Stour_Langham,2024-02,final_test,observed_target,True,0.06,Low,absolute_anomaly_seasonal,0.0512647069990634,Low
River_Stour_Langham,2024-03,final_test,observed_target,True,0.0,Low,absolute_anomaly_seasonal,0.1490529477596283,Low
River_Stour_Langham,2024-04,final_test,observed_target,True,0.05,Low,absolute_anomaly_seasonal,0.0309235043823719,Low
River_Stour_Langham,2024-05,final_test,observed_target,True,0.02,Low,absolute_anomaly_seasonal,0.0351488552987575,Low
River_Stour_Langham,2024-06,final_test,observed_target,True,0.0,Low,absolute_anomaly_seasonal,0.0662194937467575,Low
River_Stour_Langham,2024-07,final_test,observed_target,True,0.05,Low,absolute_anomaly_seasonal,0.0,Low
River_Stour_Langham,2024-08,final_test,observed_target,True,0.0,Low,absolute_anomaly_seasonal,0.0,Low
River_Stour_Langham,2024-09,final_test,observed_target,True,0.1,Low,absolute_anomaly_seasonal,0.0449278093874454,Low
River_Stour_Langham,2024-10,final_test,observed_target,True,0.02,Low,absolute_anomaly_seasonal,0.0626767873764038,Low
River_Stour_Langham,2024-11,final_test,unobserved_month,False,,,absolute_anomaly_seasonal,0.1671855300664901,Low
River_Stour_Langham,2024-12,final_test,unobserved_month,False,,,absolute_anomaly_seasonal,0.0931575149297714,Low
River_Stour_Langham,2025-01,final_test,unobserved_month,False,,,absolute_anomaly_seasonal,0.1601410508155822,Low
River_Stour_Langham,2025-02,final_test,unobserved_month,False,,,absolute_anomaly_seasonal,0.0837102979421615,Low
River_Stour_Langham,2025-03,final_test,unobserved_month,False,,,absolute_anomaly_seasonal,0.0481333248317241,Low
River_Stour_Langham,2025-04,final_test,unobserved_month,False,,,absolute_anomaly_seasonal,0.0,Low
River_Stour_Langham,2025-05,final_test,unobserved_month,False,,,absolute_anomaly_seasonal,0.0158351026475429,Low
River_Stour_Langham,2025-06,final_test,unobserved_month,False,,,absolute_anomaly_seasonal,0.0384096093475818,Low
River_Stour_Langham,2025-07,final_test,unobserved_month,False,,,absolute_anomaly_seasonal,0.0016482807695865,Low
River_Stour_Langham,2025-08,final_test,unobserved_month,False,,,absolute_anomaly_seasonal,0.0274367146193981,Low
River_Stour_Langham,2025-09,final_test,unobserved_month,False,,,absolute_anomaly_seasonal,0.0324091799557209,Low
River_Stour_Langham,2025-10,final_test,unobserved_month,False,,,absolute_anomaly_seasonal,0.0455937199294567,Low
River_Stour_Langham,2025-11,final_test,unobserved_month,False,,,absolute_anomaly_seasonal,0.1811965852975845,Low
River_Stour_Langham,2025-12,final_test,unobserved_month,False,,,absolute_anomaly_seasonal,0.0327399633824825,Low
River_Stour_Langham,2026-01,final_test,unobserved_month,False,,,absolute_anomaly_seasonal,0.1177694499492645,Low
River_Stour_Langham,2026-02,final_test,unobserved_month,False,,,absolute_anomaly_seasonal,0.0958084017038345,Low
River_Stour_Langham,2026-03,final_test,unobserved_month,False,,,absolute_anomaly_seasonal,0.0222380645573139,Low
River_Stour_Langham,2026-04,final_test,unobserved_month,False,,,absolute_anomaly_seasonal,0.0,Low
River_Stour_Langham,2026-05,final_test,unobserved_month,False,,,absolute_anomaly_seasonal,0.0184995792806148,Low
River_Stour_Langham,2026-06,final_test,unobserved_month,False,,,absolute_anomaly_seasonal,0.0213055945932865,Low
River_Stour_Langham,2026-07,final_test,unobserved_month,False,,,absolute_anomaly_seasonal,0.0251915045082569,Low
River_Stour_Langham,2026-08,final_test,unobserved_month,False,,,absolute_anomaly_seasonal,0.0009804219007492,Low
River_Stour_Langham,2026-09,final_test,unobserved_month,False,,,absolute_anomaly_seasonal,0.014036800712347,Low
River_Tay_Perth,2021-01,final_test,observed_target,True,0.0,Low,absolute_anomaly_seasonal,0.0241095162928104,Low
River_Tay_Perth,2021-02,final_test,observed_target,True,0.1075,Low,absolute_anomaly_seasonal,0.0172286294400692,Low
River_Tay_Perth,2021-03,final_test,observed_target,True,0.0,Low,absolute_anomaly_seasonal,0.0786231756210327,Low
River_Tay_Perth,2021-04,final_test,observed_target,True,0.0,Low,absolute_anomaly_seasonal,0.053672406822443,Low
River_Tay_Perth,2021-05,final_test,observed_target,True,0.0,Low,absolute_anomaly_seasonal,0.0567158795893192,Low
River_Tay_Perth,2021-06,final_test,observed_target,True,0.0,Low,absolute_anomaly_seasonal,0.0421552471816539,Low
River_Tay_Perth,2021-07,final_test,observed_target,True,0.06725,Low,absolute_anomaly_seasonal,0.0580699257552623,Low
River_Tay_Perth,2021-08,final_test,observed_target,True,0.0448,Low,absolute_anomaly_seasonal,0.0,Low
River_Tay_Perth,2021-09,final_test,observed_target,True,0.039,Low,absolute_anomaly_seasonal,0.0246181152760982,Low
River_Tay_Perth,2021-10,final_test,observed_target,True,0.0812499999999999,Low,absolute_anomaly_seasonal,0.0010410510003566,Low
River_Tay_Perth,2021-11,final_test,observed_target,True,0.0,Low,absolute_anomaly_seasonal,0.0201247818768024,Low
River_Tay_Perth,2021-12,final_test,observed_target,True,0.0,Low,absolute_anomaly_seasonal,0.0350187383592128,Low
River_Tay_Perth,2022-01,final_test,unobserved_month,False,,,absolute_anomaly_seasonal,0.0005500391125679,Low
River_Tay_Perth,2022-02,final_test,observed_target,True,0.0,Low,absolute_anomaly_seasonal,0.0312852524220943,Low
River_Tay_Perth,2022-03,final_test,unobserved_month,False,,,absolute_anomaly_seasonal,0.0134414099156856,Low
River_Tay_Perth,2022-04,final_test,observed_target,True,0.0,Low,absolute_anomaly_seasonal,0.0174801088869571,Low
River_Tay_Perth,2022-05,final_test,unobserved_month,False,,,absolute_anomaly_seasonal,0.0458555854856967,Low
River_Tay_Perth,2022-06,final_test,observed_target,True,0.0,Low,absolute_anomaly_seasonal,0.0607098899781703,Low
River_Tay_Perth,2022-07,final_test,observed_target,True,0.0496666666666666,Low,absolute_anomaly_seasonal,0.0867770016193389,Low
River_Tay_Perth,2022-08,final_test,observed_target,True,0.0,Low,absolute_anomaly_seasonal,0.1484667211771011,Low
River_Tay_Perth,2022-09,final_test,observed_target,True,0.1232,Low,absolute_anomaly_seasonal,0.1091947108507156,Low
River_Tay_Perth,2022-10,final_test,observed_target,True,0.15375,Low,absolute_anomaly_seasonal,0.0511205531656742,Low
River_Tay_Perth,2022-11,final_test,observed_target,True,0.0196,Low,absolute_anomaly_seasonal,0.0002657026052474,Low
River_Tay_Perth,2022-12,final_test,observed_target,True,0.0,Low,absolute_anomaly_seasonal,0.0,Low
River_Tay_Perth,2023-01,final_test,observed_target,True,0.0,Low,absolute_anomaly_seasonal,0.0045550838112831,Low
River_Tay_Perth,2023-02,final_test,unobserved_month,False,,,absolute_anomaly_seasonal,0.0591913200914859,Low
River_Tay_Perth,2023-03,final_test,observed_target,True,0.0926666666666666,Low,absolute_anomaly_seasonal,0.0169351361691951,Low
River_Tay_Perth,2023-04,final_test,observed_target,True,0.0,Low,absolute_anomaly_seasonal,0.0,Low
River_Tay_Perth,2023-05,final_test,observed_target,True,0.03,Low,absolute_anomaly_seasonal,0.0480766184628009,Low
River_Tay_Perth,2023-06,final_test,observed_target,True,0.0,Low,absolute_anomaly_seasonal,0.0193235240876674,Low
River_Tay_Perth,2023-07,final_test,unobserved_month,False,,,absolute_anomaly_seasonal,0.0355093665421009,Low
River_Tay_Perth,2023-08,final_test,observed_target,True,0.0,Low,absolute_anomaly_seasonal,0.0037361718714237,Low
River_Tay_Perth,2023-09,final_test,observed_target,True,0.033,Low,absolute_anomaly_seasonal,0.0206418596208095,Low
River_Tay_Perth,2023-10,final_test,observed_target,True,0.0,Low,absolute_anomaly_seasonal,0.0,Low
River_Tay_Perth,2023-11,final_test,observed_target,True,0.0556,Low,absolute_anomaly_seasonal,0.0,Low
River_Tay_Perth,2023-12,final_test,observed_target,True,0.0,Low,absolute_anomaly_seasonal,0.0,Low
River_Tay_Perth,2024-01,final_test,observed_target,True,0.0,Low,absolute_anomaly_seasonal,0.0332570932805538,Low
River_Tay_Perth,2024-02,final_test,unobserved_month,False,,,absolute_anomaly_seasonal,0.0,Low
River_Tay_Perth,2024-03,final_test,unobserved_month,False,,,absolute_anomaly_seasonal,0.0325958840548992,Low
River_Tay_Perth,2024-04,final_test,observed_target,True,0.012875,Low,absolute_anomaly_seasonal,0.0147623606026172,Low
River_Tay_Perth,2024-05,final_test,observed_target,True,0.0,Low,absolute_anomaly_seasonal,0.0456255413591861,Low
River_Tay_Perth,2024-06,final_test,unobserved_month,False,,,absolute_anomaly_seasonal,0.0,Low
River_Tay_Perth,2024-07,final_test,observed_target,True,0.0608,Low,absolute_anomaly_seasonal,0.028903130441904,Low
River_Tay_Perth,2024-08,final_test,observed_target,True,0.18125,Low,absolute_anomaly_seasonal,0.013032604008913,Low
River_Tay_Perth,2024-09,final_test,observed_target,True,0.0482,Low,absolute_anomaly_seasonal,0.1016178131103515,Low
River_Tay_Perth,2024-10,final_test,observed_target,True,0.0679999999999999,Low,absolute_anomaly_seasonal,0.0612092651426792,Low
River_Tay_Perth,2024-11,final_test,observed_target,True,0.0,Low,absolute_anomaly_seasonal,0.0085289403796195,Low
River_Tay_Perth,2024-12,final_test,unobserved_month,False,,,absolute_anomaly_seasonal,0.0027326419949531,Low
River_Tay_Perth,2025-01,final_test,observed_target,True,0.036,Low,absolute_anomaly_seasonal,0.0120706856250762,Low
River_Tay_Perth,2025-02,final_test,observed_target,True,0.0,Low,absolute_anomaly_seasonal,0.0491031743586063,Low
River_Tay_Perth,2025-03,final_test,observed_target,True,0.0,Low,absolute_anomaly_seasonal,0.0,Low
River_Tay_Perth,2025-04,final_test,observed_target,True,0.0,Low,absolute_anomaly_seasonal,0.0084799937903881,Low
River_Tay_Perth,2025-05,final_test,observed_target,True,0.0,Low,absolute_anomaly_seasonal,0.0353657864034175,Low
River_Tay_Perth,2025-06,final_test,observed_target,True,0.0,Low,absolute_anomaly_seasonal,0.0361442454159259,Low
River_Tay_Perth,2025-07,final_test,unobserved_month,False,,,absolute_anomaly_seasonal,0.0211368314921855,Low
River_Tay_Perth,2025-08,final_test,unobserved_month,False,,,absolute_anomaly_seasonal,0.1928478330373764,Low
River_Tay_Perth,2025-09,final_test,unobserved_month,False,,,absolute_anomaly_seasonal,0.0371901504695415,Low
River_Tay_Perth,2025-10,final_test,unobserved_month,False,,,absolute_anomaly_seasonal,0.0463684387505054,Low
River_Tay_Perth,2025-11,final_test,unobserved_month,False,,,absolute_anomaly_seasonal,0.0672967731952667,Low
River_Tay_Perth,2025-12,final_test,unobserved_month,False,,,absolute_anomaly_seasonal,0.0540169514715671,Low
River_Tay_Perth,2026-01,final_test,unobserved_month,False,,,absolute_anomaly_seasonal,0.0057795830070972,Low
River_Tay_Perth,2026-02,final_test,unobserved_month,False,,,absolute_anomaly_seasonal,0.0,Low
River_Tay_Perth,2026-03,final_test,unobserved_month,False,,,absolute_anomaly_seasonal,0.004474114626646,Low
River_Tay_Perth,2026-04,final_test,unobserved_month,False,,,absolute_anomaly_seasonal,0.0362181030213832,Low
River_Tay_Perth,2026-05,final_test,unobserved_month,False,,,absolute_anomaly_seasonal,0.0857325196266174,Low
River_Tay_Perth,2026-06,final_test,unobserved_month,False,,,absolute_anomaly_seasonal,0.0715087056159973,Low
River_Tay_Perth,2026-07,final_test,unobserved_month,False,,,absolute_anomaly_seasonal,0.0467966087162494,Low
River_Tay_Perth,2026-08,final_test,unobserved_month,False,,,absolute_anomaly_seasonal,0.1051096618175506,Low
River_Tay_Perth,2026-09,final_test,unobserved_month,False,,,absolute_anomaly_seasonal,0.0309043489396572,Low
River_Teifi_Llechryd,2021-09,final_test,observed_target,True,0.121000002,Low,absolute_anomaly_seasonal,0.4435690641403198,Medium
River_Teifi_Llechryd,2021-10,final_test,observed_target,True,0.3748333355,Medium,absolute_anomaly_seasonal,1.4665281772613523,High
River_Teifi_Llechryd,2021-11,final_test,observed_target,True,0.3261999978,Medium,absolute_anomaly_seasonal,0.2583729326725006,Medium
River_Teifi_Llechryd,2021-12,final_test,observed_target,True,1.359374994875,High,absolute_anomaly_seasonal,1.0414180755615234,High
River_Teifi_Llechryd,2022-01,final_test,unobserved_month,False,,,absolute_anomaly_seasonal,0.6976597905158997,High
River_Teifi_Llechryd,2022-02,final_test,unobserved_month,False,,,absolute_anomaly_seasonal,0.6777244806289673,High
River_Teifi_Llechryd,2022-03,final_test,observed_target,True,0.08849999875,Low,absolute_anomaly_seasonal,0.1791338175535202,Low
River_Teifi_Llechryd,2022-04,final_test,observed_target,True,0.19499999475,Low,absolute_anomaly_seasonal,0.2899502217769623,Medium
River_Teifi_Llechryd,2022-05,final_test,observed_target,True,0.09824999975,Low,absolute_anomaly_seasonal,0.3539655804634094,Medium
River_Teifi_Llechryd,2022-06,final_test,unobserved_month,False,,,absolute_anomaly_seasonal,0.8913208246231079,High
River_Teifi_Llechryd,2022-07,final_test,observed_target,True,0.2462000042,Low,absolute_anomaly_seasonal,1.6205681562423706,High
River_Teifi_Llechryd,2022-08,final_test,observed_target,True,0.0355999994,Low,absolute_anomaly_seasonal,0.0886450558900833,Low
River_Teifi_Llechryd,2022-09,final_test,unobserved_month,False,,,absolute_anomaly_seasonal,0.1200719773769378,Low
River_Teifi_Llechryd,2022-10,final_test,unobserved_month,False,,,absolute_anomaly_seasonal,0.0640170872211456,Low
River_Teifi_Llechryd,2022-11,final_test,unobserved_month,False,,,absolute_anomaly_seasonal,0.6311154365539551,High
River_Teifi_Llechryd,2022-12,final_test,observed_target,True,3.9250000715,High,absolute_anomaly_seasonal,0.968136727809906,High
River_Teifi_Llechryd,2023-01,final_test,unobserved_month,False,,,absolute_anomaly_seasonal,2.540636777877808,High
River_Teifi_Llechryd,2023-02,final_test,unobserved_month,False,,,absolute_anomaly_seasonal,1.085351824760437,High
River_Teifi_Llechryd,2023-03,final_test,unobserved_month,False,,,absolute_anomaly_seasonal,0.90570729970932,High
River_Teifi_Llechryd,2023-04,final_test,unobserved_month,False,,,absolute_anomaly_seasonal,0.178195372223854,Low
River_Teifi_Llechryd,2023-05,final_test,unobserved_month,False,,,absolute_anomaly_seasonal,1.3157249689102173,High
River_Teifi_Llechryd,2023-06,final_test,unobserved_month,False,,,absolute_anomaly_seasonal,0.0971169769763946,Low
River_Teifi_Llechryd,2023-07,final_test,unobserved_month,False,,,absolute_anomaly_seasonal,0.0121110901236534,Low
River_Teifi_Llechryd,2023-08,final_test,unobserved_month,False,,,absolute_anomaly_seasonal,0.0439715646207332,Low
River_Teifi_Llechryd,2023-09,final_test,unobserved_month,False,,,absolute_anomaly_seasonal,1.348017334938049,High
River_Teifi_Llechryd,2023-10,final_test,unobserved_month,False,,,absolute_anomaly_seasonal,0.909519612789154,High
River_Teifi_Llechryd,2023-11,final_test,unobserved_month,False,,,absolute_anomaly_seasonal,1.3015729188919067,High
River_Teifi_Llechryd,2023-12,final_test,unobserved_month,False,,,absolute_anomaly_seasonal,0.9594199061393738,High
River_Teifi_Llechryd,2024-01,final_test,unobserved_month,False,,,absolute_anomaly_seasonal,2.459911823272705,High
River_Teifi_Llechryd,2024-02,final_test,unobserved_month,False,,,absolute_anomaly_seasonal,0.6693364977836609,High
River_Teifi_Llechryd,2024-03,final_test,unobserved_month,False,,,absolute_anomaly_seasonal,0.5836312174797058,High
River_Teifi_Llechryd,2024-04,final_test,unobserved_month,False,,,absolute_anomaly_seasonal,0.6344121694564819,High
River_Teifi_Llechryd,2024-05,final_test,unobserved_month,False,,,absolute_anomaly_seasonal,0.3578923344612121,Medium
River_Teifi_Llechryd,2024-06,final_test,unobserved_month,False,,,absolute_anomaly_seasonal,0.1416768878698349,Low
River_Teifi_Llechryd,2024-07,final_test,unobserved_month,False,,,absolute_anomaly_seasonal,0.1411207765340805,Low
River_Teifi_Llechryd,2024-08,final_test,unobserved_month,False,,,absolute_anomaly_seasonal,0.1054879873991012,Low
River_Teifi_Llechryd,2024-09,final_test,unobserved_month,False,,,absolute_anomaly_seasonal,0.0578772686421871,Low
River_Teifi_Llechryd,2024-10,final_test,unobserved_month,False,,,absolute_anomaly_seasonal,0.0576464720070362,Low
River_Teifi_Llechryd,2024-11,final_test,unobserved_month,False,,,absolute_anomaly_seasonal,0.9040406346321106,High
River_Teifi_Llechryd,2024-12,final_test,unobserved_month,False,,,absolute_anomaly_seasonal,0.7704545259475708,High
River_Teifi_Llechryd,2025-01,final_test,unobserved_month,False,,,absolute_anomaly_seasonal,0.4394304156303406,Medium
River_Teifi_Llechryd,2025-02,final_test,unobserved_month,False,,,absolute_anomaly_seasonal,1.0662444829940796,High
River_Teifi_Llechryd,2025-03,final_test,unobserved_month,False,,,absolute_anomaly_seasonal,0.2861647307872772,Medium
River_Teifi_Llechryd,2025-04,final_test,unobserved_month,False,,,absolute_anomaly_seasonal,0.1515305638313293,Low
River_Teifi_Llechryd,2025-05,final_test,unobserved_month,False,,,absolute_anomaly_seasonal,0.2127975076436996,Low
River_Teifi_Llechryd,2025-06,final_test,unobserved_month,False,,,absolute_anomaly_seasonal,0.1231291741132736,Low
River_Teifi_Llechryd,2025-07,final_test,unobserved_month,False,,,absolute_anomaly_seasonal,0.1872097551822662,Low
River_Teifi_Llechryd,2025-08,final_test,unobserved_month,False,,,absolute_anomaly_seasonal,1.3627235889434814,High
River_Teifi_Llechryd,2025-09,final_test,unobserved_month,False,,,absolute_anomaly_seasonal,1.4270095825195312,High
River_Teifi_Llechryd,2025-10,final_test,unobserved_month,False,,,absolute_anomaly_seasonal,2.8990318775177,High
River_Teifi_Llechryd,2025-11,final_test,unobserved_month,False,,,absolute_anomaly_seasonal,3.382385492324829,High
River_Teifi_Llechryd,2025-12,final_test,unobserved_month,False,,,absolute_anomaly_seasonal,5.952206611633301,High
River_Teifi_Llechryd,2026-01,final_test,unobserved_month,False,,,absolute_anomaly_seasonal,2.5476465225219727,High
River_Teifi_Llechryd,2026-02,final_test,unobserved_month,False,,,absolute_anomaly_seasonal,1.3141988515853882,High
River_Teifi_Llechryd,2026-03,final_test,unobserved_month,False,,,absolute_anomaly_seasonal,0.5961411595344543,High
River_Teifi_Llechryd,2026-04,final_test,unobserved_month,False,,,absolute_anomaly_seasonal,0.1617366969585418,Low
River_Teifi_Llechryd,2026-05,final_test,unobserved_month,False,,,absolute_anomaly_seasonal,0.0294866226613521,Low
River_Teifi_Llechryd,2026-06,final_test,unobserved_month,False,,,absolute_anomaly_seasonal,0.0025554932653903,Low
River_Teifi_Llechryd,2026-07,final_test,unobserved_month,False,,,absolute_anomaly_seasonal,0.0499860979616642,Low
River_Teifi_Llechryd,2026-08,final_test,unobserved_month,False,,,absolute_anomaly_seasonal,0.1653232276439666,Low
River_Teifi_Llechryd,2026-09,final_test,unobserved_month,False,,,absolute_anomaly_seasonal,0.0247181616723537,Low
River_Test_Testwood,2022-01,final_test,observed_target,True,0.0150779333333333,Low,absolute_anomaly_seasonal,0.0012459941208362,Low
River_Test_Testwood,2022-02,final_test,observed_target,True,0.0262605294117647,Low,absolute_anomaly_seasonal,0.0287392102181911,Low
River_Test_Testwood,2022-03,final_test,observed_target,True,0.0152625,Low,absolute_anomaly_seasonal,0.0227814875543117,Low
River_Test_Testwood,2022-04,final_test,observed_target,True,0.0,Low,absolute_anomaly_seasonal,0.01974543556571,Low
River_Test_Testwood,2022-05,final_test,observed_target,True,0.0118417777777777,Low,absolute_anomaly_seasonal,0.0083845593035221,Low
River_Test_Testwood,2022-06,final_test,observed_target,True,0.0065530714285714,Low,absolute_anomaly_seasonal,0.001141220331192,Low
River_Test_Testwood,2022-07,final_test,observed_target,True,0.0054824375,Low,absolute_anomaly_seasonal,0.0173480622470378,Low
River_Test_Testwood,2022-08,final_test,observed_target,True,0.0,Low,absolute_anomaly_seasonal,0.0098076052963733,Low
River_Test_Testwood,2022-09,final_test,observed_target,True,0.0046992631578947,Low,absolute_anomaly_seasonal,0.0032165683805942,Low
River_Test_Testwood,2022-10,final_test,observed_target,True,0.0,Low,absolute_anomaly_seasonal,0.0076133832335472,Low
River_Test_Testwood,2022-11,final_test,observed_target,True,0.0495028666666666,Low,absolute_anomaly_seasonal,0.0226145572960376,Low
River_Test_Testwood,2022-12,final_test,observed_target,True,0.0146083333333333,Low,absolute_anomaly_seasonal,0.0269745849072933,Low
River_Test_Testwood,2023-01,final_test,observed_target,True,0.0625775625,Low,absolute_anomaly_seasonal,0.0335402451455593,Low
River_Test_Testwood,2023-02,final_test,observed_target,True,0.005698,Low,absolute_anomaly_seasonal,0.0672434270381927,Low
River_Test_Testwood,2023-03,final_test,observed_target,True,0.0,Low,absolute_anomaly_seasonal,0.0101560950279235,Low
River_Test_Testwood,2023-04,final_test,observed_target,True,0.0105643684210526,Low,absolute_anomaly_seasonal,0.0,Low
River_Test_Testwood,2023-05,final_test,observed_target,True,0.0080515217391304,Low,absolute_anomaly_seasonal,0.0192370526492595,Low
River_Test_Testwood,2023-06,final_test,observed_target,True,0.033479625,Low,absolute_anomaly_seasonal,0.0029789023101329,Low
River_Test_Testwood,2023-07,final_test,observed_target,True,0.0,Low,absolute_anomaly_seasonal,0.014663565903902,Low
River_Test_Testwood,2023-08,final_test,observed_target,True,0.0,Low,absolute_anomaly_seasonal,0.0199015848338603,Low
River_Test_Testwood,2023-09,final_test,observed_target,True,0.0182383333333333,Low,absolute_anomaly_seasonal,0.0426596365869045,Low
River_Test_Testwood,2023-10,final_test,observed_target,True,0.0,Low,absolute_anomaly_seasonal,0.0328676737844944,Low
River_Test_Testwood,2023-11,final_test,observed_target,True,0.061002409090909,Low,absolute_anomaly_seasonal,0.0684104412794113,Low
River_Test_Testwood,2023-12,final_test,observed_target,True,0.0610085,Low,absolute_anomaly_seasonal,0.0112789832055568,Low
River_Test_Testwood,2024-01,final_test,observed_target,True,0.0607226428571428,Low,absolute_anomaly_seasonal,0.0437978617846965,Low
River_Test_Testwood,2024-02,final_test,observed_target,True,0.00858,Low,absolute_anomaly_seasonal,0.0337929315865039,Low
River_Test_Testwood,2024-03,final_test,observed_target,True,0.0,Low,absolute_anomaly_seasonal,0.0080176256597042,Low
River_Test_Testwood,2024-04,final_test,observed_target,True,0.0035612592592592,Low,absolute_anomaly_seasonal,0.0233385227620601,Low
River_Test_Testwood,2024-05,final_test,observed_target,True,0.0,Low,absolute_anomaly_seasonal,0.0036782436072826,Low
River_Test_Testwood,2024-06,final_test,observed_target,True,0.0,Low,absolute_anomaly_seasonal,0.0036108903586864,Low
River_Test_Testwood,2024-07,final_test,observed_target,True,0.0,Low,absolute_anomaly_seasonal,0.0084226988255977,Low
River_Test_Testwood,2024-08,final_test,observed_target,True,0.0,Low,absolute_anomaly_seasonal,0.0159830041229724,Low
River_Test_Testwood,2024-09,final_test,observed_target,True,0.0,Low,absolute_anomaly_seasonal,0.0032786652445793,Low
River_Test_Testwood,2024-10,final_test,observed_target,True,0.00490195,Low,absolute_anomaly_seasonal,0.0115167684853076,Low
River_Test_Testwood,2024-11,final_test,unobserved_month,False,,,absolute_anomaly_seasonal,0.0305678956210613,Low
River_Test_Testwood,2024-12,final_test,unobserved_month,False,,,absolute_anomaly_seasonal,0.0367323867976665,Low
River_Test_Testwood,2025-01,final_test,unobserved_month,False,,,absolute_anomaly_seasonal,0.0191478617489337,Low
River_Test_Testwood,2025-02,final_test,unobserved_month,False,,,absolute_anomaly_seasonal,0.006859578192234,Low
River_Test_Testwood,2025-03,final_test,unobserved_month,False,,,absolute_anomaly_seasonal,0.0,Low
River_Test_Testwood,2025-04,final_test,unobserved_month,False,,,absolute_anomaly_seasonal,0.0,Low
River_Test_Testwood,2025-05,final_test,unobserved_month,False,,,absolute_anomaly_seasonal,0.0017443820834159,Low
River_Test_Testwood,2025-06,final_test,unobserved_month,False,,,absolute_anomaly_seasonal,0.0042438879609107,Low
River_Test_Testwood,2025-07,final_test,unobserved_month,False,,,absolute_anomaly_seasonal,0.0242016352713108,Low
River_Test_Testwood,2025-08,final_test,unobserved_month,False,,,absolute_anomaly_seasonal,0.0207230858504772,Low
River_Test_Testwood,2025-09,final_test,unobserved_month,False,,,absolute_anomaly_seasonal,0.0017351247370243,Low
River_Test_Testwood,2025-10,final_test,unobserved_month,False,,,absolute_anomaly_seasonal,0.015681754797697,Low
River_Test_Testwood,2025-11,final_test,unobserved_month,False,,,absolute_anomaly_seasonal,0.035155352205038,Low
River_Test_Testwood,2025-12,final_test,unobserved_month,False,,,absolute_anomaly_seasonal,0.043726872652769,Low
River_Test_Testwood,2026-01,final_test,unobserved_month,False,,,absolute_anomaly_seasonal,0.0713103711605072,Low
River_Test_Testwood,2026-02,final_test,unobserved_month,False,,,absolute_anomaly_seasonal,0.0093896463513374,Low
River_Test_Testwood,2026-03,final_test,unobserved_month,False,,,absolute_anomaly_seasonal,0.0546098537743091,Low
River_Test_Testwood,2026-04,final_test,unobserved_month,False,,,absolute_anomaly_seasonal,0.038472082465887,Low
River_Test_Testwood,2026-05,final_test,unobserved_month,False,,,absolute_anomaly_seasonal,0.0305774994194507,Low
River_Test_Testwood,2026-06,final_test,unobserved_month,False,,,absolute_anomaly_seasonal,0.0379137061536312,Low
River_Test_Testwood,2026-07,final_test,unobserved_month,False,,,absolute_anomaly_seasonal,0.0498989336192607,Low
River_Test_Testwood,2026-08,final_test,unobserved_month,False,,,absolute_anomaly_seasonal,0.0493875928223133,Low
River_Test_Testwood,2026-09,final_test,unobserved_month,False,,,absolute_anomaly_seasonal,0.0166621915996074,Low
River_Thames_Datchet,2021-01,final_test,observed_target,True,0.3,Medium,absolute_anomaly_seasonal,0.3663637936115265,Medium
River_Thames_Datchet,2021-02,final_test,observed_target,True,0.1645454545454545,Low,absolute_anomaly_seasonal,0.2598792910575866,Medium
River_Thames_Datchet,2021-03,final_test,observed_target,True,0.0428571428571428,Low,absolute_anomaly_seasonal,0.2383758276700973,Low
River_Thames_Datchet,2021-04,final_test,observed_target,True,0.1463636363636363,Low,absolute_anomaly_seasonal,0.1108516454696655,Low
River_Thames_Datchet,2021-05,final_test,observed_target,True,0.075,Low,absolute_anomaly_seasonal,0.140073612332344,Low
River_Thames_Datchet,2021-06,final_test,observed_target,True,0.0384615384615384,Low,absolute_anomaly_seasonal,0.135876327753067,Low
River_Thames_Datchet,2021-07,final_test,observed_target,True,0.0272727272727272,Low,absolute_anomaly_seasonal,0.1132495403289794,Low
River_Thames_Datchet,2021-08,final_test,observed_target,True,0.01,Low,absolute_anomaly_seasonal,0.0295895002782344,Low
River_Thames_Datchet,2021-09,final_test,observed_target,True,0.01,Low,absolute_anomaly_seasonal,0.0685485303401947,Low
River_Thames_Datchet,2021-10,final_test,observed_target,True,0.1333333333333333,Low,absolute_anomaly_seasonal,0.5303913950920105,High
River_Thames_Datchet,2021-11,final_test,observed_target,True,0.2846153846153846,Medium,absolute_anomaly_seasonal,1.5909764766693115,High
River_Thames_Datchet,2021-12,final_test,observed_target,True,0.4142857142857142,Medium,absolute_anomaly_seasonal,0.9729462265968324,High
River_Thames_Datchet,2022-01,final_test,observed_target,True,0.522,High,absolute_anomaly_seasonal,0.6155747175216675,High
River_Thames_Datchet,2022-02,final_test,observed_target,True,0.2818181818181818,Medium,absolute_anomaly_seasonal,0.3659062683582306,Medium
River_Thames_Datchet,2022-03,final_test,observed_target,True,0.2,Low,absolute_anomaly_seasonal,0.0738772302865982,Low
River_Thames_Datchet,2022-04,final_test,observed_target,True,0.03,Low,absolute_anomaly_seasonal,0.2560636401176452,Medium
River_Thames_Datchet,2022-05,final_test,observed_target,True,0.0,Low,absolute_anomaly_seasonal,0.0290689803659915,Low
River_Thames_Datchet,2022-06,final_test,observed_target,True,0.0076923076923076,Low,absolute_anomaly_seasonal,0.0254160873591899,Low
River_Thames_Datchet,2022-07,final_test,observed_target,True,0.1153846153846153,Low,absolute_anomaly_seasonal,0.0122672766447067,Low
River_Thames_Datchet,2022-08,final_test,observed_target,True,0.0153846153846153,Low,absolute_anomaly_seasonal,0.0656478106975555,Low
River_Thames_Datchet,2022-09,final_test,observed_target,True,0.03,Low,absolute_anomaly_seasonal,0.0812163800001144,Low
River_Thames_Datchet,2022-10,final_test,observed_target,True,0.0818181818181818,Low,absolute_anomaly_seasonal,0.2410847693681717,Low
River_Thames_Datchet,2022-11,final_test,observed_target,True,0.7623076923076924,High,absolute_anomaly_seasonal,0.2640798687934875,Medium
River_Thames_Datchet,2022-12,final_test,observed_target,True,0.6683333333333333,High,absolute_anomaly_seasonal,1.127416491508484,High
River_Thames_Datchet,2023-01,final_test,observed_target,True,0.7477777777777779,High,absolute_anomaly_seasonal,0.5042117834091187,High
River_Thames_Datchet,2023-02,final_test,observed_target,True,0.209090909090909,Low,absolute_anomaly_seasonal,0.2569295763969421,Medium
River_Thames_Datchet,2023-03,final_test,observed_target,True,0.2221428571428571,Low,absolute_anomaly_seasonal,0.256733626127243,Medium
River_Thames_Datchet,2023-04,final_test,observed_target,True,0.1111111111111111,Low,absolute_anomaly_seasonal,0.1617633998394012,Low
River_Thames_Datchet,2023-05,final_test,observed_target,True,0.0727272727272727,Low,absolute_anomaly_seasonal,0.0225486792623996,Low
River_Thames_Datchet,2023-06,final_test,observed_target,True,0.05,Low,absolute_anomaly_seasonal,0.0347002483904361,Low
River_Thames_Datchet,2023-07,final_test,observed_target,True,0.0538461538461538,Low,absolute_anomaly_seasonal,0.0131054036319255,Low
River_Thames_Datchet,2023-08,final_test,observed_target,True,0.0416666666666666,Low,absolute_anomaly_seasonal,0.0754534006118774,Low
River_Thames_Datchet,2023-09,final_test,observed_target,True,0.1384615384615384,Low,absolute_anomaly_seasonal,0.0617600865662097,Low
River_Thames_Datchet,2023-10,final_test,observed_target,True,0.5307692307692308,High,absolute_anomaly_seasonal,0.1530587077140808,Low
River_Thames_Datchet,2023-11,final_test,observed_target,True,1.7392307692307691,High,absolute_anomaly_seasonal,0.8588899970054626,High
River_Thames_Datchet,2023-12,final_test,observed_target,True,1.353,High,absolute_anomaly_seasonal,1.078061819076538,High
River_Thames_Datchet,2024-01,final_test,observed_target,True,0.48,Medium,absolute_anomaly_seasonal,0.2256910353899002,Low
River_Thames_Datchet,2024-02,final_test,observed_target,True,0.3109090909090909,Medium,absolute_anomaly_seasonal,0.2703734040260315,Medium
River_Thames_Datchet,2024-03,final_test,observed_target,True,0.09,Low,absolute_anomaly_seasonal,0.28593710064888,Medium
River_Thames_Datchet,2024-04,final_test,observed_target,True,0.1166666666666666,Low,absolute_anomaly_seasonal,0.1103284806013107,Low
River_Thames_Datchet,2024-05,final_test,unobserved_month,False,,,absolute_anomaly_seasonal,0.0278699360787868,Low
River_Thames_Datchet,2024-06,final_test,unobserved_month,False,,,absolute_anomaly_seasonal,0.0416135005652904,Low
River_Thames_Datchet,2024-07,final_test,unobserved_month,False,,,absolute_anomaly_seasonal,0.0423693843185901,Low
River_Thames_Datchet,2024-08,final_test,unobserved_month,False,,,absolute_anomaly_seasonal,0.1145770847797393,Low
River_Thames_Datchet,2024-09,final_test,unobserved_month,False,,,absolute_anomaly_seasonal,0.1044174134731292,Low
River_Thames_Datchet,2024-10,final_test,unobserved_month,False,,,absolute_anomaly_seasonal,1.02422297000885,High
River_Thames_Datchet,2024-11,final_test,unobserved_month,False,,,absolute_anomaly_seasonal,0.7015281915664673,High
River_Thames_Datchet,2024-12,final_test,unobserved_month,False,,,absolute_anomaly_seasonal,0.3861111402511596,Medium
River_Thames_Datchet,2025-01,final_test,unobserved_month,False,,,absolute_anomaly_seasonal,0.2648627758026123,Medium
River_Thames_Datchet,2025-02,final_test,unobserved_month,False,,,absolute_anomaly_seasonal,0.2118632048368454,Low
River_Thames_Datchet,2025-03,final_test,unobserved_month,False,,,absolute_anomaly_seasonal,0.1698333919048309,Low
River_Thames_Datchet,2025-04,final_test,unobserved_month,False,,,absolute_anomaly_seasonal,0.0970256477594375,Low
River_Thames_Datchet,2025-05,final_test,unobserved_month,False,,,absolute_anomaly_seasonal,0.0668633431196212,Low
River_Thames_Datchet,2025-06,final_test,unobserved_month,False,,,absolute_anomaly_seasonal,0.0097828544676303,Low
River_Thames_Datchet,2025-07,final_test,unobserved_month,False,,,absolute_anomaly_seasonal,0.0544075183570385,Low
River_Thames_Datchet,2025-08,final_test,unobserved_month,False,,,absolute_anomaly_seasonal,0.0186154432594776,Low
River_Thames_Datchet,2025-09,final_test,unobserved_month,False,,,absolute_anomaly_seasonal,0.0453562997281551,Low
River_Thames_Datchet,2025-10,final_test,unobserved_month,False,,,absolute_anomaly_seasonal,0.0720409899950027,Low
River_Thames_Datchet,2025-11,final_test,unobserved_month,False,,,absolute_anomaly_seasonal,0.4065060317516327,Medium
River_Thames_Datchet,2025-12,final_test,unobserved_month,False,,,absolute_anomaly_seasonal,0.7572510838508606,High
River_Thames_Datchet,2026-01,final_test,unobserved_month,False,,,absolute_anomaly_seasonal,0.5639215707778931,High
River_Thames_Datchet,2026-02,final_test,unobserved_month,False,,,absolute_anomaly_seasonal,0.3413926661014557,Medium
River_Thames_Datchet,2026-03,final_test,unobserved_month,False,,,absolute_anomaly_seasonal,0.2706620395183563,Medium
River_Thames_Datchet,2026-04,final_test,unobserved_month,False,,,absolute_anomaly_seasonal,0.1201685816049575,Low
River_Thames_Datchet,2026-05,final_test,unobserved_month,False,,,absolute_anomaly_seasonal,0.0932297557592392,Low
River_Thames_Datchet,2026-06,final_test,unobserved_month,False,,,absolute_anomaly_seasonal,0.0123889073729515,Low
River_Thames_Datchet,2026-07,final_test,unobserved_month,False,,,absolute_anomaly_seasonal,0.0243699289858341,Low
River_Thames_Datchet,2026-08,final_test,unobserved_month,False,,,absolute_anomaly_seasonal,0.0417281351983547,Low
River_Thames_Datchet,2026-09,final_test,unobserved_month,False,,,absolute_anomaly_seasonal,0.0837154984474182,Low
River_Thames_Farmoor,2021-01,final_test,observed_target,True,0.3955555555555555,Medium,absolute_anomaly_seasonal,0.3935752213001251,Medium
River_Thames_Farmoor,2021-02,final_test,observed_target,True,0.1583333333333333,Low,absolute_anomaly_seasonal,0.4188224673271179,Medium
River_Thames_Farmoor,2021-03,final_test,observed_target,True,0.1666666666666666,Low,absolute_anomaly_seasonal,0.2669273316860199,Medium
River_Thames_Farmoor,2021-04,final_test,observed_target,True,0.0363636363636363,Low,absolute_anomaly_seasonal,0.1069951504468917,Low
River_Thames_Farmoor,2021-05,final_test,observed_target,True,0.111,Low,absolute_anomaly_seasonal,0.0388530306518077,Low
River_Thames_Farmoor,2021-06,final_test,observed_target,True,0.2538461538461538,Medium,absolute_anomaly_seasonal,0.3598798513412475,Medium
River_Thames_Farmoor,2021-07,final_test,observed_target,True,0.06,Low,absolute_anomaly_seasonal,0.0502381213009357,Low
River_Thames_Farmoor,2021-08,final_test,observed_target,True,0.39,Medium,absolute_anomaly_seasonal,0.0626318007707595,Low
River_Thames_Farmoor,2021-09,final_test,observed_target,True,0.1307692307692307,Low,absolute_anomaly_seasonal,0.4118084013462066,Medium
River_Thames_Farmoor,2021-10,final_test,observed_target,True,0.2181818181818181,Low,absolute_anomaly_seasonal,0.4927883744239807,Medium
River_Thames_Farmoor,2021-11,final_test,observed_target,True,0.6333333333333334,High,absolute_anomaly_seasonal,0.3029526770114898,Medium
River_Thames_Farmoor,2021-12,final_test,observed_target,True,0.18,Low,absolute_anomaly_seasonal,0.7496317625045776,High
River_Thames_Farmoor,2022-01,final_test,observed_target,True,0.4109090909090909,Medium,absolute_anomaly_seasonal,0.7781002521514893,High
River_Thames_Farmoor,2022-02,final_test,observed_target,True,0.3909090909090909,Medium,absolute_anomaly_seasonal,0.184880331158638,Low
River_Thames_Farmoor,2022-03,final_test,observed_target,True,0.3545454545454545,Medium,absolute_anomaly_seasonal,0.2810018360614776,Medium
River_Thames_Farmoor,2022-04,final_test,observed_target,True,0.0818181818181818,Low,absolute_anomaly_seasonal,0.2049746960401535,Low
River_Thames_Farmoor,2022-05,final_test,observed_target,True,0.345,Medium,absolute_anomaly_seasonal,0.0662318617105484,Low
River_Thames_Farmoor,2022-06,final_test,observed_target,True,0.1181818181818181,Low,absolute_anomaly_seasonal,0.0444700978696346,Low
River_Thames_Farmoor,2022-07,final_test,observed_target,True,0.0727272727272727,Low,absolute_anomaly_seasonal,0.1254449635744094,Low
River_Thames_Farmoor,2022-08,final_test,observed_target,True,0.0272727272727272,Low,absolute_anomaly_seasonal,0.0815713107585907,Low
River_Thames_Farmoor,2022-09,final_test,observed_target,True,0.0727272727272727,Low,absolute_anomaly_seasonal,0.1532644629478454,Low
River_Thames_Farmoor,2022-10,final_test,observed_target,True,0.1153846153846153,Low,absolute_anomaly_seasonal,0.1852976381778717,Low
River_Thames_Farmoor,2022-11,final_test,observed_target,True,0.7421428571428572,High,absolute_anomaly_seasonal,0.1607023328542709,Low
River_Thames_Farmoor,2022-12,final_test,observed_target,True,0.5918181818181818,High,absolute_anomaly_seasonal,0.5303097367286682,High
River_Thames_Farmoor,2023-01,final_test,observed_target,True,0.533,High,absolute_anomaly_seasonal,0.3534196019172668,Medium
River_Thames_Farmoor,2023-02,final_test,observed_target,True,0.1333333333333333,Low,absolute_anomaly_seasonal,0.2622029483318329,Medium
River_Thames_Farmoor,2023-03,final_test,observed_target,True,0.3272727272727272,Medium,absolute_anomaly_seasonal,0.3029269576072693,Medium
River_Thames_Farmoor,2023-04,final_test,observed_target,True,0.2363636363636363,Low,absolute_anomaly_seasonal,0.2150303572416305,Low
River_Thames_Farmoor,2023-05,final_test,observed_target,True,0.0861538461538461,Low,absolute_anomaly_seasonal,0.149991825222969,Low
River_Thames_Farmoor,2023-06,final_test,observed_target,True,0.1083333333333333,Low,absolute_anomaly_seasonal,0.3652868270874023,Medium
River_Thames_Farmoor,2023-07,final_test,observed_target,True,0.1090909090909091,Low,absolute_anomaly_seasonal,0.005563486367464,Low
River_Thames_Farmoor,2023-08,final_test,observed_target,True,0.1545454545454545,Low,absolute_anomaly_seasonal,0.2553569376468658,Medium
River_Thames_Farmoor,2023-09,final_test,observed_target,True,0.3181818181818182,Medium,absolute_anomaly_seasonal,0.1656730622053146,Low
River_Thames_Farmoor,2023-10,final_test,observed_target,True,1.1225,High,absolute_anomaly_seasonal,0.1953099370002746,Low
River_Thames_Farmoor,2023-11,final_test,observed_target,True,1.3163636363636364,High,absolute_anomaly_seasonal,0.2715553343296051,Medium
River_Thames_Farmoor,2023-12,final_test,observed_target,True,1.222,High,absolute_anomaly_seasonal,0.3849330246448517,Medium
River_Thames_Farmoor,2024-01,final_test,observed_target,True,0.7484615384615385,High,absolute_anomaly_seasonal,0.3300230503082275,Medium
River_Thames_Farmoor,2024-02,final_test,observed_target,True,0.7027272727272728,High,absolute_anomaly_seasonal,0.6542491316795349,High
River_Thames_Farmoor,2024-03,final_test,observed_target,True,0.1416666666666667,Low,absolute_anomaly_seasonal,0.5445924401283264,High
River_Thames_Farmoor,2024-04,final_test,observed_target,True,0.2428571428571428,Low,absolute_anomaly_seasonal,0.1578043103218078,Low
River_Thames_Farmoor,2024-05,final_test,unobserved_month,False,,,absolute_anomaly_seasonal,0.1581258773803711,Low
River_Thames_Farmoor,2024-06,final_test,unobserved_month,False,,,absolute_anomaly_seasonal,0.2249645441770553,Low
River_Thames_Farmoor,2024-07,final_test,unobserved_month,False,,,absolute_anomaly_seasonal,0.1976960599422454,Low
River_Thames_Farmoor,2024-08,final_test,unobserved_month,False,,,absolute_anomaly_seasonal,0.1876228749752044,Low
River_Thames_Farmoor,2024-09,final_test,unobserved_month,False,,,absolute_anomaly_seasonal,0.1342449337244033,Low
River_Thames_Farmoor,2024-10,final_test,unobserved_month,False,,,absolute_anomaly_seasonal,0.7608454823493958,High
River_Thames_Farmoor,2024-11,final_test,unobserved_month,False,,,absolute_anomaly_seasonal,0.541323184967041,High
River_Thames_Farmoor,2024-12,final_test,unobserved_month,False,,,absolute_anomaly_seasonal,0.8685789704322815,High
River_Thames_Farmoor,2025-01,final_test,unobserved_month,False,,,absolute_anomaly_seasonal,0.6720982789993286,High
River_Thames_Farmoor,2025-02,final_test,unobserved_month,False,,,absolute_anomaly_seasonal,0.4149808585643768,Medium
River_Thames_Farmoor,2025-03,final_test,unobserved_month,False,,,absolute_anomaly_seasonal,0.5752670764923096,High
River_Thames_Farmoor,2025-04,final_test,unobserved_month,False,,,absolute_anomaly_seasonal,0.2049167901277542,Low
River_Thames_Farmoor,2025-05,final_test,unobserved_month,False,,,absolute_anomaly_seasonal,0.0962094366550445,Low
River_Thames_Farmoor,2025-06,final_test,unobserved_month,False,,,absolute_anomaly_seasonal,0.1550539880990982,Low
River_Thames_Farmoor,2025-07,final_test,unobserved_month,False,,,absolute_anomaly_seasonal,0.0815735608339309,Low
River_Thames_Farmoor,2025-08,final_test,unobserved_month,False,,,absolute_anomaly_seasonal,0.0202989540994167,Low
River_Thames_Farmoor,2025-09,final_test,unobserved_month,False,,,absolute_anomaly_seasonal,0.051204863935709,Low
River_Thames_Farmoor,2025-10,final_test,unobserved_month,False,,,absolute_anomaly_seasonal,0.2220064550638198,Low
River_Thames_Farmoor,2025-11,final_test,unobserved_month,False,,,absolute_anomaly_seasonal,0.214881494641304,Low
River_Thames_Farmoor,2025-12,final_test,unobserved_month,False,,,absolute_anomaly_seasonal,0.5292683839797974,High
River_Thames_Farmoor,2026-01,final_test,unobserved_month,False,,,absolute_anomaly_seasonal,0.8396963477134705,High
River_Thames_Farmoor,2026-02,final_test,unobserved_month,False,,,absolute_anomaly_seasonal,0.6449702382087708,High
River_Thames_Farmoor,2026-03,final_test,unobserved_month,False,,,absolute_anomaly_seasonal,0.3925657868385315,Medium
River_Thames_Farmoor,2026-04,final_test,unobserved_month,False,,,absolute_anomaly_seasonal,0.2192170470952987,Low
River_Thames_Farmoor,2026-05,final_test,unobserved_month,False,,,absolute_anomaly_seasonal,0.0530585907399654,Low
River_Thames_Farmoor,2026-06,final_test,unobserved_month,False,,,absolute_anomaly_seasonal,0.0382154695689678,Low
River_Thames_Farmoor,2026-07,final_test,unobserved_month,False,,,absolute_anomaly_seasonal,0.0740862786769867,Low
River_Thames_Farmoor,2026-08,final_test,unobserved_month,False,,,absolute_anomaly_seasonal,0.0517892651259899,Low
River_Thames_Farmoor,2026-09,final_test,unobserved_month,False,,,absolute_anomaly_seasonal,0.0754949003458023,Low
River_Thames_Laleham,2021-01,final_test,observed_target,True,0.35,Medium,absolute_anomaly_seasonal,0.6173470616340637,High
River_Thames_Laleham,2021-02,final_test,observed_target,True,0.55,High,absolute_anomaly_seasonal,0.9553396105766296,High
River_Thames_Laleham,2021-03,final_test,observed_target,True,0.225,Low,absolute_anomaly_seasonal,0.0218904055655002,Low
River_Thames_Laleham,2021-04,final_test,observed_target,True,0.1,Low,absolute_anomaly_seasonal,0.1363242417573928,Low
River_Thames_Laleham,2021-05,final_test,observed_target,True,0.075,Low,absolute_anomaly_seasonal,0.0161723680794239,Low
River_Thames_Laleham,2021-06,final_test,observed_target,True,0.175,Low,absolute_anomaly_seasonal,0.0357892699539661,Low
River_Thames_Laleham,2021-07,final_test,observed_target,True,0.075,Low,absolute_anomaly_seasonal,0.004026923328638,Low
River_Thames_Laleham,2021-08,final_test,unobserved_month,False,,,absolute_anomaly_seasonal,0.1212074160575866,Low
River_Thames_Laleham,2021-09,final_test,observed_target,True,0.0,Low,absolute_anomaly_seasonal,0.1389626115560531,Low
River_Thames_Laleham,2021-10,final_test,observed_target,True,0.15,Low,absolute_anomaly_seasonal,0.1867392063140869,Low
River_Thames_Laleham,2021-11,final_test,observed_target,True,0.2,Low,absolute_anomaly_seasonal,0.1724245250225067,Low
River_Thames_Laleham,2021-12,final_test,observed_target,True,0.8,High,absolute_anomaly_seasonal,0.1220119297504425,Low
River_Thames_Laleham,2022-01,final_test,observed_target,True,0.2525,Medium,absolute_anomaly_seasonal,0.7270131707191467,High
River_Thames_Laleham,2022-02,final_test,unobserved_month,False,,,absolute_anomaly_seasonal,0.1894889622926712,Low
River_Thames_Laleham,2022-03,final_test,observed_target,True,0.04,Low,absolute_anomaly_seasonal,0.2952124178409576,Medium
River_Thames_Laleham,2022-04,final_test,observed_target,True,0.0,Low,absolute_anomaly_seasonal,0.1456052511930465,Low
River_Thames_Laleham,2022-05,final_test,observed_target,True,0.0,Low,absolute_anomaly_seasonal,0.0885470062494278,Low
River_Thames_Laleham,2022-06,final_test,observed_target,True,0.025,Low,absolute_anomaly_seasonal,0.0749338865280151,Low
River_Thames_Laleham,2022-07,final_test,observed_target,True,0.025,Low,absolute_anomaly_seasonal,0.0351265035569667,Low
River_Thames_Laleham,2022-08,final_test,observed_target,True,0.1,Low,absolute_anomaly_seasonal,0.0,Low
River_Thames_Laleham,2022-09,final_test,observed_target,True,0.02,Low,absolute_anomaly_seasonal,0.2019169181585312,Low
River_Thames_Laleham,2022-10,final_test,observed_target,True,0.1,Low,absolute_anomaly_seasonal,0.343309074640274,Medium
River_Thames_Laleham,2022-11,final_test,observed_target,True,1.15,High,absolute_anomaly_seasonal,0.3241913020610809,Medium
River_Thames_Laleham,2022-12,final_test,observed_target,True,1.775,High,absolute_anomaly_seasonal,0.5758378505706787,High
River_Thames_Laleham,2023-01,final_test,observed_target,True,0.755,High,absolute_anomaly_seasonal,0.6251450181007385,High
River_Thames_Laleham,2023-02,final_test,observed_target,True,0.225,Low,absolute_anomaly_seasonal,0.3118229210376739,Medium
River_Thames_Laleham,2023-03,final_test,observed_target,True,0.22,Low,absolute_anomaly_seasonal,0.0997261852025985,Low
River_Thames_Laleham,2023-04,final_test,observed_target,True,0.2,Low,absolute_anomaly_seasonal,0.0426616184413433,Low
River_Thames_Laleham,2023-05,final_test,observed_target,True,0.075,Low,absolute_anomaly_seasonal,0.0628522634506225,Low
River_Thames_Laleham,2023-06,final_test,unobserved_month,False,,,absolute_anomaly_seasonal,0.0323497615754604,Low
River_Thames_Laleham,2023-07,final_test,observed_target,True,0.0,Low,absolute_anomaly_seasonal,0.023370336741209,Low
River_Thames_Laleham,2023-08,final_test,observed_target,True,0.075,Low,absolute_anomaly_seasonal,0.0346122495830059,Low
River_Thames_Laleham,2023-09,final_test,observed_target,True,0.4,Medium,absolute_anomaly_seasonal,0.1127078980207443,Low
River_Thames_Laleham,2023-10,final_test,observed_target,True,0.175,Low,absolute_anomaly_seasonal,0.0657047033309936,Low
River_Thames_Laleham,2023-11,final_test,observed_target,True,1.2879999999999998,High,absolute_anomaly_seasonal,0.4531888961791992,Medium
River_Thames_Laleham,2023-12,final_test,unobserved_month,False,,,absolute_anomaly_seasonal,0.8540486693382263,High
River_Thames_Laleham,2024-01,final_test,unobserved_month,False,,,absolute_anomaly_seasonal,0.8074309825897217,High
River_Thames_Laleham,2024-02,final_test,observed_target,True,0.1399999999999999,Low,absolute_anomaly_seasonal,0.2355877608060836,Low
River_Thames_Laleham,2024-03,final_test,unobserved_month,False,,,absolute_anomaly_seasonal,0.2288819998502731,Low
River_Thames_Laleham,2024-04,final_test,observed_target,True,0.1,Low,absolute_anomaly_seasonal,0.0849747955799102,Low
River_Thames_Laleham,2024-05,final_test,unobserved_month,False,,,absolute_anomaly_seasonal,0.1244534701108932,Low
River_Thames_Laleham,2024-06,final_test,unobserved_month,False,,,absolute_anomaly_seasonal,0.0514377392828464,Low
River_Thames_Laleham,2024-07,final_test,unobserved_month,False,,,absolute_anomaly_seasonal,0.0332857333123683,Low
River_Thames_Laleham,2024-08,final_test,unobserved_month,False,,,absolute_anomaly_seasonal,0.164073184132576,Low
River_Thames_Laleham,2024-09,final_test,unobserved_month,False,,,absolute_anomaly_seasonal,0.1092773973941803,Low
River_Thames_Laleham,2024-10,final_test,unobserved_month,False,,,absolute_anomaly_seasonal,0.7872488498687744,High
River_Thames_Laleham,2024-11,final_test,unobserved_month,False,,,absolute_anomaly_seasonal,1.5360764265060425,High
River_Thames_Laleham,2024-12,final_test,unobserved_month,False,,,absolute_anomaly_seasonal,0.4979330897331238,Medium
River_Thames_Laleham,2025-01,final_test,unobserved_month,False,,,absolute_anomaly_seasonal,0.393444150686264,Medium
River_Thames_Laleham,2025-02,final_test,unobserved_month,False,,,absolute_anomaly_seasonal,0.3903839290142059,Medium
River_Thames_Laleham,2025-03,final_test,unobserved_month,False,,,absolute_anomaly_seasonal,0.0433884598314762,Low
River_Thames_Laleham,2025-04,final_test,unobserved_month,False,,,absolute_anomaly_seasonal,0.0408965162932872,Low
River_Thames_Laleham,2025-05,final_test,unobserved_month,False,,,absolute_anomaly_seasonal,0.0455675981938838,Low
River_Thames_Laleham,2025-06,final_test,unobserved_month,False,,,absolute_anomaly_seasonal,0.0199275948107242,Low
River_Thames_Laleham,2025-07,final_test,unobserved_month,False,,,absolute_anomaly_seasonal,0.0264830328524112,Low
River_Thames_Laleham,2025-08,final_test,unobserved_month,False,,,absolute_anomaly_seasonal,0.030323889106512,Low
River_Thames_Laleham,2025-09,final_test,unobserved_month,False,,,absolute_anomaly_seasonal,0.0392437390983104,Low
River_Thames_Laleham,2025-10,final_test,unobserved_month,False,,,absolute_anomaly_seasonal,0.2707489132881164,Medium
River_Thames_Laleham,2025-11,final_test,unobserved_month,False,,,absolute_anomaly_seasonal,0.8558529615402222,High
River_Thames_Laleham,2025-12,final_test,unobserved_month,False,,,absolute_anomaly_seasonal,0.7168418765068054,High
River_Thames_Laleham,2026-01,final_test,unobserved_month,False,,,absolute_anomaly_seasonal,0.4077625274658203,Medium
River_Thames_Laleham,2026-02,final_test,unobserved_month,False,,,absolute_anomaly_seasonal,1.2030115127563477,High
River_Thames_Laleham,2026-03,final_test,unobserved_month,False,,,absolute_anomaly_seasonal,0.216247096657753,Low
River_Thames_Laleham,2026-04,final_test,unobserved_month,False,,,absolute_anomaly_seasonal,0.0164129473268985,Low
River_Thames_Laleham,2026-05,final_test,unobserved_month,False,,,absolute_anomaly_seasonal,0.0754521191120147,Low
River_Thames_Laleham,2026-06,final_test,unobserved_month,False,,,absolute_anomaly_seasonal,0.0234443806111812,Low
River_Thames_Laleham,2026-07,final_test,unobserved_month,False,,,absolute_anomaly_seasonal,0.0057279579341411,Low
River_Thames_Laleham,2026-08,final_test,unobserved_month,False,,,absolute_anomaly_seasonal,0.0289931036531925,Low
River_Thames_Laleham,2026-09,final_test,unobserved_month,False,,,absolute_anomaly_seasonal,0.02069528773427,Low
River_Thames_Walton,2021-01,final_test,observed_target,True,0.5963333333333334,High,absolute_anomaly_seasonal,1.1395765542984009,High
River_Thames_Walton,2021-02,final_test,observed_target,True,0.3755555555555556,Medium,absolute_anomaly_seasonal,0.6027817726135254,High
River_Thames_Walton,2021-03,final_test,observed_target,True,0.0838709677419354,Low,absolute_anomaly_seasonal,0.604568600654602,High
River_Thames_Walton,2021-04,final_test,observed_target,True,0.1792857142857142,Low,absolute_anomaly_seasonal,0.0973036140203476,Low
River_Thames_Walton,2021-05,final_test,observed_target,True,0.142258064516129,Low,absolute_anomaly_seasonal,0.1097873449325561,Low
River_Thames_Walton,2021-06,final_test,observed_target,True,0.14,Low,absolute_anomaly_seasonal,0.1380346566438675,Low
River_Thames_Walton,2021-07,final_test,observed_target,True,0.1107142857142857,Low,absolute_anomaly_seasonal,0.0654360502958297,Low
River_Thames_Walton,2021-08,final_test,observed_target,True,0.0366666666666666,Low,absolute_anomaly_seasonal,0.1651636064052581,Low
River_Thames_Walton,2021-09,final_test,observed_target,True,0.0043478260869565,Low,absolute_anomaly_seasonal,0.2191827446222305,Low
River_Thames_Walton,2021-10,final_test,observed_target,True,0.303448275862069,Medium,absolute_anomaly_seasonal,0.6172221899032593,High
River_Thames_Walton,2021-11,final_test,observed_target,True,0.3003333333333333,Medium,absolute_anomaly_seasonal,0.7949225306510925,High
River_Thames_Walton,2021-12,final_test,observed_target,True,0.704516129032258,High,absolute_anomaly_seasonal,2.4935760498046875,High
River_Thames_Walton,2022-01,final_test,observed_target,True,0.4382758620689655,Medium,absolute_anomaly_seasonal,1.5199341773986816,High
River_Thames_Walton,2022-02,final_test,observed_target,True,0.24625,Low,absolute_anomaly_seasonal,0.3986887037754059,Medium
River_Thames_Walton,2022-03,final_test,observed_target,True,0.1489655172413793,Low,absolute_anomaly_seasonal,0.1552918553352356,Low
River_Thames_Walton,2022-04,final_test,observed_target,True,0.0954166666666666,Low,absolute_anomaly_seasonal,0.1625815331935882,Low
River_Thames_Walton,2022-05,final_test,observed_target,True,0.1149999999999999,Low,absolute_anomaly_seasonal,0.0103388950228691,Low
River_Thames_Walton,2022-06,final_test,observed_target,True,0.0172413793103448,Low,absolute_anomaly_seasonal,0.0,Low
River_Thames_Walton,2022-07,final_test,observed_target,True,0.0321428571428571,Low,absolute_anomaly_seasonal,0.0439770556986331,Low
River_Thames_Walton,2022-08,final_test,observed_target,True,0.02,Low,absolute_anomaly_seasonal,0.0615158267319202,Low
River_Thames_Walton,2022-09,final_test,observed_target,True,0.0703703703703703,Low,absolute_anomaly_seasonal,0.2408518344163894,Low
River_Thames_Walton,2022-10,final_test,observed_target,True,0.105,Low,absolute_anomaly_seasonal,1.460518717765808,High
River_Thames_Walton,2022-11,final_test,observed_target,True,1.758571428571429,High,absolute_anomaly_seasonal,1.158463478088379,High
River_Thames_Walton,2022-12,final_test,observed_target,True,2.109,High,absolute_anomaly_seasonal,1.3101125955581665,High
River_Thames_Walton,2023-01,final_test,observed_target,True,0.8253333333333334,High,absolute_anomaly_seasonal,0.7771974802017212,High
River_Thames_Walton,2023-02,final_test,observed_target,True,0.3685714285714286,Medium,absolute_anomaly_seasonal,0.4774520397186279,Medium
River_Thames_Walton,2023-03,final_test,observed_target,True,0.26,Medium,absolute_anomaly_seasonal,0.3119508326053619,Medium
River_Thames_Walton,2023-04,final_test,observed_target,True,0.3191304347826086,Medium,absolute_anomaly_seasonal,0.4112306237220764,Medium
River_Thames_Walton,2023-05,final_test,observed_target,True,0.0380952380952381,Low,absolute_anomaly_seasonal,0.1333508193492889,Low
River_Thames_Walton,2023-06,final_test,observed_target,True,0.0333333333333333,Low,absolute_anomaly_seasonal,0.0656856149435043,Low
River_Thames_Walton,2023-07,final_test,observed_target,True,0.0461538461538461,Low,absolute_anomaly_seasonal,0.1259998232126236,Low
River_Thames_Walton,2023-08,final_test,observed_target,True,0.0178571428571428,Low,absolute_anomaly_seasonal,0.0980655252933502,Low
River_Thames_Walton,2023-09,final_test,observed_target,True,0.1655172413793103,Low,absolute_anomaly_seasonal,0.2346240431070327,Low
River_Thames_Walton,2023-10,final_test,observed_target,True,0.7496551724137931,High,absolute_anomaly_seasonal,0.6101248264312744,High
River_Thames_Walton,2023-11,final_test,observed_target,True,1.8193333333333328,High,absolute_anomaly_seasonal,0.9114696383476256,High
River_Thames_Walton,2023-12,final_test,observed_target,True,1.6995833333333332,High,absolute_anomaly_seasonal,0.5495640635490417,High
River_Thames_Walton,2024-01,final_test,observed_target,True,0.5965217391304348,High,absolute_anomaly_seasonal,1.1144503355026243,High
River_Thames_Walton,2024-02,final_test,observed_target,True,0.2693103448275862,Medium,absolute_anomaly_seasonal,0.4165057837963104,Medium
River_Thames_Walton,2024-03,final_test,observed_target,True,0.3276923076923076,Medium,absolute_anomaly_seasonal,0.5729754567146301,High
River_Thames_Walton,2024-04,final_test,observed_target,True,0.14,Low,absolute_anomaly_seasonal,0.3551160097122192,Medium
River_Thames_Walton,2024-05,final_test,unobserved_month,False,,,absolute_anomaly_seasonal,0.2708800137042999,Medium
River_Thames_Walton,2024-06,final_test,unobserved_month,False,,,absolute_anomaly_seasonal,0.2178964763879776,Low
River_Thames_Walton,2024-07,final_test,unobserved_month,False,,,absolute_anomaly_seasonal,0.1182576715946197,Low
River_Thames_Walton,2024-08,final_test,unobserved_month,False,,,absolute_anomaly_seasonal,0.0201201401650905,Low
River_Thames_Walton,2024-09,final_test,unobserved_month,False,,,absolute_anomaly_seasonal,0.0473728217184543,Low
River_Thames_Walton,2024-10,final_test,unobserved_month,False,,,absolute_anomaly_seasonal,0.2349767535924911,Low
River_Thames_Walton,2024-11,final_test,unobserved_month,False,,,absolute_anomaly_seasonal,0.5107827186584473,High
River_Thames_Walton,2024-12,final_test,unobserved_month,False,,,absolute_anomaly_seasonal,0.7318532466888428,High
River_Thames_Walton,2025-01,final_test,unobserved_month,False,,,absolute_anomaly_seasonal,0.6736994981765747,High
River_Thames_Walton,2025-02,final_test,unobserved_month,False,,,absolute_anomaly_seasonal,0.4264523983001709,Medium
River_Thames_Walton,2025-03,final_test,unobserved_month,False,,,absolute_anomaly_seasonal,0.7978275418281555,High
River_Thames_Walton,2025-04,final_test,unobserved_month,False,,,absolute_anomaly_seasonal,0.0856403708457946,Low
River_Thames_Walton,2025-05,final_test,unobserved_month,False,,,absolute_anomaly_seasonal,0.1448448151350021,Low
River_Thames_Walton,2025-06,final_test,unobserved_month,False,,,absolute_anomaly_seasonal,0.0744337141513824,Low
River_Thames_Walton,2025-07,final_test,unobserved_month,False,,,absolute_anomaly_seasonal,0.0528664998710155,Low
River_Thames_Walton,2025-08,final_test,unobserved_month,False,,,absolute_anomaly_seasonal,0.0462115071713924,Low
River_Thames_Walton,2025-09,final_test,unobserved_month,False,,,absolute_anomaly_seasonal,0.0967423766851425,Low
River_Thames_Walton,2025-10,final_test,unobserved_month,False,,,absolute_anomaly_seasonal,0.309611439704895,Medium
River_Thames_Walton,2025-11,final_test,unobserved_month,False,,,absolute_anomaly_seasonal,2.071103572845459,High
River_Thames_Walton,2025-12,final_test,unobserved_month,False,,,absolute_anomaly_seasonal,1.246790885925293,High
River_Thames_Walton,2026-01,final_test,unobserved_month,False,,,absolute_anomaly_seasonal,0.8396937847137451,High
River_Thames_Walton,2026-02,final_test,unobserved_month,False,,,absolute_anomaly_seasonal,0.1992377191781997,Low
River_Thames_Walton,2026-03,final_test,unobserved_month,False,,,absolute_anomaly_seasonal,0.2433232516050338,Low
River_Thames_Walton,2026-04,final_test,unobserved_month,False,,,absolute_anomaly_seasonal,0.2572703063488006,Medium
River_Thames_Walton,2026-05,final_test,unobserved_month,False,,,absolute_anomaly_seasonal,0.3404284119606018,Medium
River_Thames_Walton,2026-06,final_test,unobserved_month,False,,,absolute_anomaly_seasonal,0.1439397782087326,Low
River_Thames_Walton,2026-07,final_test,unobserved_month,False,,,absolute_anomaly_seasonal,0.0666829645633697,Low
River_Thames_Walton,2026-08,final_test,unobserved_month,False,,,absolute_anomaly_seasonal,0.1650318056344986,Low
River_Thames_Walton,2026-09,final_test,unobserved_month,False,,,absolute_anomaly_seasonal,0.0855916589498519,Low
River_Tillingbourne_Shalford,2021-01,final_test,observed_target,True,0.8016666666666666,High,absolute_anomaly_seasonal,0.4441179633140564,Medium
River_Tillingbourne_Shalford,2021-02,final_test,observed_target,True,0.2871428571428571,Medium,absolute_anomaly_seasonal,0.3782350420951843,Medium
River_Tillingbourne_Shalford,2021-03,final_test,observed_target,True,0.32,Medium,absolute_anomaly_seasonal,0.1128113269805908,Low
River_Tillingbourne_Shalford,2021-04,final_test,observed_target,True,0.1,Low,absolute_anomaly_seasonal,0.0495825819671154,Low
River_Tillingbourne_Shalford,2021-05,final_test,observed_target,True,0.235,Low,absolute_anomaly_seasonal,0.0592098049819469,Low
River_Tillingbourne_Shalford,2021-06,final_test,observed_target,True,0.1,Low,absolute_anomaly_seasonal,0.107867419719696,Low
River_Tillingbourne_Shalford,2021-07,final_test,observed_target,True,0.8025,High,absolute_anomaly_seasonal,0.5357066988945007,High
River_Tillingbourne_Shalford,2021-08,final_test,observed_target,True,0.2,Low,absolute_anomaly_seasonal,0.466183602809906,Medium
River_Tillingbourne_Shalford,2021-09,final_test,observed_target,True,0.2142857142857142,Low,absolute_anomaly_seasonal,0.1055786907672882,Low
River_Tillingbourne_Shalford,2021-10,final_test,observed_target,True,0.6833333333333335,High,absolute_anomaly_seasonal,0.1822535693645477,Low
River_Tillingbourne_Shalford,2021-11,final_test,observed_target,True,0.3157142857142857,Medium,absolute_anomaly_seasonal,0.1978707611560821,Low
River_Tillingbourne_Shalford,2021-12,final_test,observed_target,True,0.3683333333333333,Medium,absolute_anomaly_seasonal,0.6493056416511536,High
River_Tillingbourne_Shalford,2022-01,final_test,observed_target,True,0.15,Low,absolute_anomaly_seasonal,0.2812210023403168,Medium
River_Tillingbourne_Shalford,2022-02,final_test,observed_target,True,0.242,Low,absolute_anomaly_seasonal,0.222429409623146,Low
River_Tillingbourne_Shalford,2022-03,final_test,observed_target,True,0.0833333333333333,Low,absolute_anomaly_seasonal,0.1667852848768234,Low
River_Tillingbourne_Shalford,2022-04,final_test,unobserved_month,False,,,absolute_anomaly_seasonal,0.3789404034614563,Medium
River_Tillingbourne_Shalford,2022-05,final_test,observed_target,True,0.22,Low,absolute_anomaly_seasonal,0.1919684261083603,Low
River_Tillingbourne_Shalford,2022-06,final_test,observed_target,True,0.12,Low,absolute_anomaly_seasonal,0.4064415097236633,Medium
River_Tillingbourne_Shalford,2022-07,final_test,unobserved_month,False,,,absolute_anomaly_seasonal,0.2486200779676437,Low
River_Tillingbourne_Shalford,2022-08,final_test,observed_target,True,0.025,Low,absolute_anomaly_seasonal,0.5434158444404602,High
River_Tillingbourne_Shalford,2022-09,final_test,observed_target,True,0.05,Low,absolute_anomaly_seasonal,0.2470627278089523,Low
River_Tillingbourne_Shalford,2022-10,final_test,observed_target,True,0.3857142857142857,Medium,absolute_anomaly_seasonal,0.3079821765422821,Medium
River_Tillingbourne_Shalford,2022-11,final_test,observed_target,True,1.672,High,absolute_anomaly_seasonal,0.5126775503158569,High
River_Tillingbourne_Shalford,2022-12,final_test,unobserved_month,False,,,absolute_anomaly_seasonal,1.2327650785446167,High
River_Tillingbourne_Shalford,2023-01,final_test,observed_target,True,0.7200000000000001,High,absolute_anomaly_seasonal,0.5388039350509644,High
River_Tillingbourne_Shalford,2023-02,final_test,observed_target,True,0.1399999999999999,Low,absolute_anomaly_seasonal,0.7112575769424438,High
River_Tillingbourne_Shalford,2023-03,final_test,observed_target,True,0.122,Low,absolute_anomaly_seasonal,0.1158893853425979,Low
River_Tillingbourne_Shalford,2023-04,final_test,observed_target,True,0.2871428571428571,Medium,absolute_anomaly_seasonal,0.2461081594228744,Low
River_Tillingbourne_Shalford,2023-05,final_test,observed_target,True,0.7000000000000001,High,absolute_anomaly_seasonal,0.2505881488323211,Medium
River_Tillingbourne_Shalford,2023-06,final_test,observed_target,True,1.03,High,absolute_anomaly_seasonal,0.0507732219994068,Low
River_Tillingbourne_Shalford,2023-07,final_test,observed_target,True,0.825,High,absolute_anomaly_seasonal,0.2720046639442444,Medium
River_Tillingbourne_Shalford,2023-08,final_test,observed_target,True,0.1428571428571428,Low,absolute_anomaly_seasonal,0.3846748769283294,Medium
River_Tillingbourne_Shalford,2023-09,final_test,observed_target,True,0.4599999999999999,Medium,absolute_anomaly_seasonal,0.2261091619729995,Low
River_Tillingbourne_Shalford,2023-10,final_test,observed_target,True,1.4440000000000002,High,absolute_anomaly_seasonal,1.156359076499939,High
River_Tillingbourne_Shalford,2023-11,final_test,unobserved_month,False,,,absolute_anomaly_seasonal,1.2174453735351562,High
River_Tillingbourne_Shalford,2023-12,final_test,unobserved_month,False,,,absolute_anomaly_seasonal,1.295311450958252,High
River_Tillingbourne_Shalford,2024-01,final_test,unobserved_month,False,,,absolute_anomaly_seasonal,0.9120787978172302,High
River_Tillingbourne_Shalford,2024-02,final_test,observed_target,True,0.22,Low,absolute_anomaly_seasonal,0.5420677661895752,High
River_Tillingbourne_Shalford,2024-03,final_test,observed_target,True,0.3333333333333333,Medium,absolute_anomaly_seasonal,0.1879522502422332,Low
River_Tillingbourne_Shalford,2024-04,final_test,observed_target,True,0.225,Low,absolute_anomaly_seasonal,0.4369083344936371,Medium
River_Tillingbourne_Shalford,2024-05,final_test,unobserved_month,False,,,absolute_anomaly_seasonal,0.3334111273288727,Medium
River_Tillingbourne_Shalford,2024-06,final_test,unobserved_month,False,,,absolute_anomaly_seasonal,0.2613160014152527,Medium
River_Tillingbourne_Shalford,2024-07,final_test,unobserved_month,False,,,absolute_anomaly_seasonal,0.1394922435283661,Low
River_Tillingbourne_Shalford,2024-08,final_test,unobserved_month,False,,,absolute_anomaly_seasonal,0.1807491332292556,Low
River_Tillingbourne_Shalford,2024-09,final_test,unobserved_month,False,,,absolute_anomaly_seasonal,0.1274638026952743,Low
River_Tillingbourne_Shalford,2024-10,final_test,unobserved_month,False,,,absolute_anomaly_seasonal,0.1643932908773422,Low
River_Tillingbourne_Shalford,2024-11,final_test,unobserved_month,False,,,absolute_anomaly_seasonal,0.2948556244373321,Medium
River_Tillingbourne_Shalford,2024-12,final_test,unobserved_month,False,,,absolute_anomaly_seasonal,0.2559458017349243,Medium
River_Tillingbourne_Shalford,2025-01,final_test,unobserved_month,False,,,absolute_anomaly_seasonal,1.238146185874939,High
River_Tillingbourne_Shalford,2025-02,final_test,unobserved_month,False,,,absolute_anomaly_seasonal,0.1575742363929748,Low
River_Tillingbourne_Shalford,2025-03,final_test,unobserved_month,False,,,absolute_anomaly_seasonal,0.2298465818166732,Low
River_Tillingbourne_Shalford,2025-04,final_test,unobserved_month,False,,,absolute_anomaly_seasonal,0.2853984832763672,Medium
River_Tillingbourne_Shalford,2025-05,final_test,unobserved_month,False,,,absolute_anomaly_seasonal,0.1729127615690231,Low
River_Tillingbourne_Shalford,2025-06,final_test,unobserved_month,False,,,absolute_anomaly_seasonal,0.1678101271390915,Low
River_Tillingbourne_Shalford,2025-07,final_test,unobserved_month,False,,,absolute_anomaly_seasonal,0.2538846433162689,Medium
River_Tillingbourne_Shalford,2025-08,final_test,unobserved_month,False,,,absolute_anomaly_seasonal,0.244620993733406,Low
River_Tillingbourne_Shalford,2025-09,final_test,unobserved_month,False,,,absolute_anomaly_seasonal,0.1961597204208374,Low
River_Tillingbourne_Shalford,2025-10,final_test,unobserved_month,False,,,absolute_anomaly_seasonal,0.4780147075653076,Medium
River_Tillingbourne_Shalford,2025-11,final_test,unobserved_month,False,,,absolute_anomaly_seasonal,0.5229378938674927,High
River_Tillingbourne_Shalford,2025-12,final_test,unobserved_month,False,,,absolute_anomaly_seasonal,0.8429544568061829,High
River_Tillingbourne_Shalford,2026-01,final_test,unobserved_month,False,,,absolute_anomaly_seasonal,0.5799569487571716,High
River_Tillingbourne_Shalford,2026-02,final_test,unobserved_month,False,,,absolute_anomaly_seasonal,0.4537636637687683,Medium
River_Tillingbourne_Shalford,2026-03,final_test,unobserved_month,False,,,absolute_anomaly_seasonal,0.2615972459316253,Medium
River_Tillingbourne_Shalford,2026-04,final_test,unobserved_month,False,,,absolute_anomaly_seasonal,0.1158938556909561,Low
River_Tillingbourne_Shalford,2026-05,final_test,unobserved_month,False,,,absolute_anomaly_seasonal,0.1118281632661819,Low
River_Tillingbourne_Shalford,2026-06,final_test,unobserved_month,False,,,absolute_anomaly_seasonal,0.159749299287796,Low
River_Tillingbourne_Shalford,2026-07,final_test,unobserved_month,False,,,absolute_anomaly_seasonal,0.0816655158996582,Low
River_Tillingbourne_Shalford,2026-08,final_test,unobserved_month,False,,,absolute_anomaly_seasonal,0.0139546580612659,Low
River_Tillingbourne_Shalford,2026-09,final_test,unobserved_month,False,,,absolute_anomaly_seasonal,0.0514732040464878,Low
River_Ugie_Forehill,2021-01,final_test,observed_target,True,0.069,Low,absolute_anomaly_seasonal,0.2747872471809387,Medium
River_Ugie_Forehill,2021-02,final_test,observed_target,True,0.04025,Low,absolute_anomaly_seasonal,0.0220480449497699,Low
River_Ugie_Forehill,2021-03,final_test,observed_target,True,0.0673999999999999,Low,absolute_anomaly_seasonal,0.0564022697508335,Low
River_Ugie_Forehill,2021-04,final_test,observed_target,True,0.181,Low,absolute_anomaly_seasonal,0.0830767899751663,Low
River_Ugie_Forehill,2021-05,final_test,observed_target,True,0.317,Medium,absolute_anomaly_seasonal,0.0652008205652237,Low
River_Ugie_Forehill,2021-06,final_test,observed_target,True,0.0,Low,absolute_anomaly_seasonal,0.0552932806313037,Low
River_Ugie_Forehill,2021-07,final_test,observed_target,True,0.0264,Low,absolute_anomaly_seasonal,0.0122499428689479,Low
River_Ugie_Forehill,2021-08,final_test,observed_target,True,0.0215,Low,absolute_anomaly_seasonal,0.0939373224973678,Low
River_Ugie_Forehill,2021-09,final_test,observed_target,True,0.0366,Low,absolute_anomaly_seasonal,0.296856015920639,Medium
River_Ugie_Forehill,2021-10,final_test,observed_target,True,0.304,Medium,absolute_anomaly_seasonal,0.3206445574760437,Medium
River_Ugie_Forehill,2021-11,final_test,observed_target,True,0.0,Low,absolute_anomaly_seasonal,0.3012132048606872,Medium
River_Ugie_Forehill,2021-12,final_test,observed_target,True,0.0186,Low,absolute_anomaly_seasonal,0.0006020329892635,Low
River_Ugie_Forehill,2022-01,final_test,observed_target,True,0.065,Low,absolute_anomaly_seasonal,0.0,Low
River_Ugie_Forehill,2022-02,final_test,observed_target,True,0.08975,Low,absolute_anomaly_seasonal,0.0169727765023708,Low
River_Ugie_Forehill,2022-03,final_test,observed_target,True,0.0206,Low,absolute_anomaly_seasonal,0.1187671869993209,Low
River_Ugie_Forehill,2022-04,final_test,observed_target,True,0.097,Low,absolute_anomaly_seasonal,0.0355415232479572,Low
River_Ugie_Forehill,2022-05,final_test,observed_target,True,0.131,Low,absolute_anomaly_seasonal,0.0,Low
River_Ugie_Forehill,2022-06,final_test,observed_target,True,0.0512,Low,absolute_anomaly_seasonal,0.0,Low
River_Ugie_Forehill,2022-07,final_test,observed_target,True,0.0,Low,absolute_anomaly_seasonal,0.0,Low
River_Ugie_Forehill,2022-08,final_test,observed_target,True,0.0,Low,absolute_anomaly_seasonal,0.0624406598508358,Low
River_Ugie_Forehill,2022-09,final_test,observed_target,True,0.037,Low,absolute_anomaly_seasonal,0.1848673075437545,Low
River_Ugie_Forehill,2022-10,final_test,observed_target,True,0.0,Low,absolute_anomaly_seasonal,0.0919555872678756,Low
River_Ugie_Forehill,2022-11,final_test,observed_target,True,0.0258,Low,absolute_anomaly_seasonal,0.0486147813498973,Low
River_Ugie_Forehill,2022-12,final_test,observed_target,True,0.0,Low,absolute_anomaly_seasonal,0.0604924671351909,Low
River_Ugie_Forehill,2023-01,final_test,unobserved_month,False,,,absolute_anomaly_seasonal,0.0,Low
River_Ugie_Forehill,2023-02,final_test,observed_target,True,0.03275,Low,absolute_anomaly_seasonal,0.035103004425764,Low
River_Ugie_Forehill,2023-03,final_test,observed_target,True,0.0,Low,absolute_anomaly_seasonal,0.0571811757981777,Low
River_Ugie_Forehill,2023-04,final_test,observed_target,True,0.124,Low,absolute_anomaly_seasonal,0.0317130871117115,Low
River_Ugie_Forehill,2023-05,final_test,observed_target,True,0.0654,Low,absolute_anomaly_seasonal,0.026122611016035,Low
River_Ugie_Forehill,2023-06,final_test,observed_target,True,0.12125,Low,absolute_anomaly_seasonal,0.0290157459676265,Low
River_Ugie_Forehill,2023-07,final_test,observed_target,True,0.0905,Low,absolute_anomaly_seasonal,0.1684436947107315,Low
River_Ugie_Forehill,2023-08,final_test,observed_target,True,0.0652,Low,absolute_anomaly_seasonal,0.2245231717824936,Low
River_Ugie_Forehill,2023-09,final_test,observed_target,True,0.2525,Medium,absolute_anomaly_seasonal,0.1741727292537689,Low
River_Ugie_Forehill,2023-10,final_test,observed_target,True,0.3687999999999999,Medium,absolute_anomaly_seasonal,0.1301719844341278,Low
River_Ugie_Forehill,2023-11,final_test,observed_target,True,0.08825,Low,absolute_anomaly_seasonal,0.1225358098745346,Low
River_Ugie_Forehill,2023-12,final_test,observed_target,True,0.032,Low,absolute_anomaly_seasonal,0.0222563631832599,Low
River_Ugie_Forehill,2024-01,final_test,observed_target,True,0.028,Low,absolute_anomaly_seasonal,0.0,Low
River_Ugie_Forehill,2024-02,final_test,observed_target,True,0.0,Low,absolute_anomaly_seasonal,0.1807688325643539,Low
River_Ugie_Forehill,2024-03,final_test,observed_target,True,0.0,Low,absolute_anomaly_seasonal,0.1007580012083053,Low
River_Ugie_Forehill,2024-04,final_test,observed_target,True,0.0404,Low,absolute_anomaly_seasonal,0.0612600110471248,Low
River_Ugie_Forehill,2024-05,final_test,observed_target,True,0.0,Low,absolute_anomaly_seasonal,0.0497395731508731,Low
River_Ugie_Forehill,2024-06,final_test,observed_target,True,0.0685,Low,absolute_anomaly_seasonal,0.1200136691331863,Low
River_Ugie_Forehill,2024-07,final_test,observed_target,True,0.12375,Low,absolute_anomaly_seasonal,0.0752501785755157,Low
River_Ugie_Forehill,2024-08,final_test,observed_target,True,0.0,Low,absolute_anomaly_seasonal,0.2183219641447067,Low
River_Ugie_Forehill,2024-09,final_test,unobserved_month,False,,,absolute_anomaly_seasonal,0.0383077301084995,Low
River_Ugie_Forehill,2024-10,final_test,observed_target,True,0.0,Low,absolute_anomaly_seasonal,0.0382949598133564,Low
River_Ugie_Forehill,2024-11,final_test,observed_target,True,0.0335,Low,absolute_anomaly_seasonal,0.0332906506955623,Low
River_Ugie_Forehill,2024-12,final_test,observed_target,True,0.01525,Low,absolute_anomaly_seasonal,0.0472575314342975,Low
River_Ugie_Forehill,2025-01,final_test,observed_target,True,0.0,Low,absolute_anomaly_seasonal,0.0954895168542862,Low
River_Ugie_Forehill,2025-02,final_test,observed_target,True,0.0,Low,absolute_anomaly_seasonal,0.0828007459640502,Low
River_Ugie_Forehill,2025-03,final_test,unobserved_month,False,,,absolute_anomaly_seasonal,0.0536120571196079,Low
River_Ugie_Forehill,2025-04,final_test,observed_target,True,0.1334,Low,absolute_anomaly_seasonal,0.0380706675350666,Low
River_Ugie_Forehill,2025-05,final_test,observed_target,True,0.0,Low,absolute_anomaly_seasonal,0.0205938555300235,Low
River_Ugie_Forehill,2025-06,final_test,observed_target,True,0.0,Low,absolute_anomaly_seasonal,0.0057694911956787,Low
River_Ugie_Forehill,2025-07,final_test,unobserved_month,False,,,absolute_anomaly_seasonal,0.0,Low
River_Ugie_Forehill,2025-08,final_test,unobserved_month,False,,,absolute_anomaly_seasonal,0.0505787096917629,Low
River_Ugie_Forehill,2025-09,final_test,unobserved_month,False,,,absolute_anomaly_seasonal,0.09916552901268,Low
River_Ugie_Forehill,2025-10,final_test,unobserved_month,False,,,absolute_anomaly_seasonal,0.1508943289518356,Low
River_Ugie_Forehill,2025-11,final_test,unobserved_month,False,,,absolute_anomaly_seasonal,0.0549042336642742,Low
River_Ugie_Forehill,2025-12,final_test,unobserved_month,False,,,absolute_anomaly_seasonal,0.0317665971815586,Low
River_Ugie_Forehill,2026-01,final_test,unobserved_month,False,,,absolute_anomaly_seasonal,0.0790333151817321,Low
River_Ugie_Forehill,2026-02,final_test,unobserved_month,False,,,absolute_anomaly_seasonal,0.0,Low
River_Ugie_Forehill,2026-03,final_test,unobserved_month,False,,,absolute_anomaly_seasonal,0.0,Low
River_Ugie_Forehill,2026-04,final_test,unobserved_month,False,,,absolute_anomaly_seasonal,0.0490269772708416,Low
River_Ugie_Forehill,2026-05,final_test,unobserved_month,False,,,absolute_anomaly_seasonal,0.1366063207387924,Low
River_Ugie_Forehill,2026-06,final_test,unobserved_month,False,,,absolute_anomaly_seasonal,0.0173385255038738,Low
River_Ugie_Forehill,2026-07,final_test,unobserved_month,False,,,absolute_anomaly_seasonal,0.0036596693098545,Low
River_Ugie_Forehill,2026-08,final_test,unobserved_month,False,,,absolute_anomaly_seasonal,0.0,Low
River_Ugie_Forehill,2026-09,final_test,unobserved_month,False,,,absolute_anomaly_seasonal,0.0967935174703598,Low
River_Waveney,2021-01,final_test,observed_target,True,0.0,Low,absolute_anomaly_seasonal,0.018961202353239,Low
River_Waveney,2021-02,final_test,observed_target,True,0.025,Low,absolute_anomaly_seasonal,0.027660135179758,Low
River_Waveney,2021-03,final_test,observed_target,True,0.0,Low,absolute_anomaly_seasonal,0.0159152634441852,Low
River_Waveney,2021-04,final_test,observed_target,True,0.0,Low,absolute_anomaly_seasonal,0.0084276460111141,Low
River_Waveney,2021-05,final_test,observed_target,True,0.0,Low,absolute_anomaly_seasonal,0.002798143774271,Low
River_Waveney,2021-06,final_test,observed_target,True,0.0,Low,absolute_anomaly_seasonal,0.0161909274756908,Low
River_Waveney,2021-07,final_test,observed_target,True,0.0,Low,absolute_anomaly_seasonal,0.0,Low
River_Waveney,2021-08,final_test,observed_target,True,0.0,Low,absolute_anomaly_seasonal,0.0,Low
River_Waveney,2021-09,final_test,observed_target,True,0.0,Low,absolute_anomaly_seasonal,0.0,Low
River_Waveney,2021-10,final_test,observed_target,True,0.0,Low,absolute_anomaly_seasonal,0.0,Low
River_Waveney,2021-11,final_test,observed_target,True,0.0,Low,absolute_anomaly_seasonal,0.0101159624755382,Low
River_Waveney,2021-12,final_test,observed_target,True,0.1,Low,absolute_anomaly_seasonal,0.0207746289670467,Low
River_Waveney,2022-01,final_test,observed_target,True,0.2,Low,absolute_anomaly_seasonal,0.0359022133052349,Low
River_Waveney,2022-02,final_test,observed_target,True,0.0,Low,absolute_anomaly_seasonal,0.0355971194803714,Low
River_Waveney,2022-03,final_test,observed_target,True,0.02,Low,absolute_anomaly_seasonal,0.016174990683794,Low
River_Waveney,2022-04,final_test,observed_target,True,0.0,Low,absolute_anomaly_seasonal,0.0047096945345401,Low
River_Waveney,2022-05,final_test,observed_target,True,0.0,Low,absolute_anomaly_seasonal,0.0,Low
River_Waveney,2022-06,final_test,observed_target,True,0.0,Low,absolute_anomaly_seasonal,0.0088400654494762,Low
River_Waveney,2022-07,final_test,observed_target,True,0.0,Low,absolute_anomaly_seasonal,0.0008399821817874,Low
River_Waveney,2022-08,final_test,observed_target,True,0.0,Low,absolute_anomaly_seasonal,0.006407905369997,Low
River_Waveney,2022-09,final_test,observed_target,True,0.0,Low,absolute_anomaly_seasonal,0.0125762335956096,Low
River_Waveney,2022-10,final_test,observed_target,True,0.025,Low,absolute_anomaly_seasonal,0.0,Low
River_Waveney,2022-11,final_test,observed_target,True,0.16,Low,absolute_anomaly_seasonal,0.0319258533418178,Low
River_Waveney,2022-12,final_test,observed_target,True,0.0,Low,absolute_anomaly_seasonal,0.1039781421422958,Low
River_Waveney,2023-01,final_test,observed_target,True,0.18,Low,absolute_anomaly_seasonal,0.0379746742546558,Low
River_Waveney,2023-02,final_test,unobserved_month,False,,,absolute_anomaly_seasonal,0.0326815731823444,Low
River_Waveney,2023-03,final_test,observed_target,True,0.025,Low,absolute_anomaly_seasonal,0.0018444061279296,Low
River_Waveney,2023-04,final_test,observed_target,True,0.025,Low,absolute_anomaly_seasonal,0.0160190872848033,Low
River_Waveney,2023-05,final_test,observed_target,True,0.0,Low,absolute_anomaly_seasonal,0.0059610791504383,Low
River_Waveney,2023-06,final_test,observed_target,True,0.0,Low,absolute_anomaly_seasonal,0.0041178353130817,Low
River_Waveney,2023-07,final_test,observed_target,True,0.025,Low,absolute_anomaly_seasonal,0.0008414052426815,Low
River_Waveney,2023-08,final_test,observed_target,True,0.0,Low,absolute_anomaly_seasonal,0.0,Low
River_Waveney,2023-09,final_test,observed_target,True,0.0,Low,absolute_anomaly_seasonal,0.0165011249482631,Low
River_Waveney,2023-10,final_test,observed_target,True,0.0,Low,absolute_anomaly_seasonal,0.0241664387285709,Low
River_Waveney,2023-11,final_test,observed_target,True,0.025,Low,absolute_anomaly_seasonal,0.0260246880352497,Low
River_Waveney,2023-12,final_test,observed_target,True,0.275,Medium,absolute_anomaly_seasonal,0.0449259094893932,Low
River_Waveney,2024-01,final_test,observed_target,True,0.14,Low,absolute_anomaly_seasonal,0.0696364790201187,Low
River_Waveney,2024-02,final_test,observed_target,True,0.025,Low,absolute_anomaly_seasonal,0.0,Low
River_Waveney,2024-03,final_test,observed_target,True,0.025,Low,absolute_anomaly_seasonal,0.0,Low
River_Waveney,2024-04,final_test,observed_target,True,0.04,Low,absolute_anomaly_seasonal,0.0148537345230579,Low
River_Waveney,2024-05,final_test,observed_target,True,0.0,Low,absolute_anomaly_seasonal,0.0155000425875186,Low
River_Waveney,2024-06,final_test,observed_target,True,0.0,Low,absolute_anomaly_seasonal,0.0155349783599376,Low
River_Waveney,2024-07,final_test,observed_target,True,0.02,Low,absolute_anomaly_seasonal,0.002678457647562,Low
River_Waveney,2024-08,final_test,observed_target,True,0.025,Low,absolute_anomaly_seasonal,0.0082680471241474,Low
River_Waveney,2024-09,final_test,observed_target,True,0.0,Low,absolute_anomaly_seasonal,0.0079824700951576,Low
River_Waveney,2024-10,final_test,observed_target,True,0.0,Low,absolute_anomaly_seasonal,0.0418213717639446,Low
River_Waveney,2024-11,final_test,unobserved_month,False,,,absolute_anomaly_seasonal,0.0987708568572998,Low
River_Waveney,2024-12,final_test,unobserved_month,False,,,absolute_anomaly_seasonal,0.1234230101108551,Low
River_Waveney,2025-01,final_test,unobserved_month,False,,,absolute_anomaly_seasonal,0.0553522147238254,Low
River_Waveney,2025-02,final_test,unobserved_month,False,,,absolute_anomaly_seasonal,0.0034252367913722,Low
River_Waveney,2025-03,final_test,unobserved_month,False,,,absolute_anomaly_seasonal,0.0087596848607063,Low
River_Waveney,2025-04,final_test,unobserved_month,False,,,absolute_anomaly_seasonal,0.0132150389254093,Low
River_Waveney,2025-05,final_test,unobserved_month,False,,,absolute_anomaly_seasonal,0.0,Low
River_Waveney,2025-06,final_test,unobserved_month,False,,,absolute_anomaly_seasonal,0.0049941204488277,Low
River_Waveney,2025-07,final_test,unobserved_month,False,,,absolute_anomaly_seasonal,0.0039237663149833,Low
River_Waveney,2025-08,final_test,unobserved_month,False,,,absolute_anomaly_seasonal,0.0,Low
River_Waveney,2025-09,final_test,unobserved_month,False,,,absolute_anomaly_seasonal,0.0139638595283031,Low
River_Waveney,2025-10,final_test,unobserved_month,False,,,absolute_anomaly_seasonal,0.0066672675311565,Low
River_Waveney,2025-11,final_test,unobserved_month,False,,,absolute_anomaly_seasonal,0.1057872474193573,Low
River_Waveney,2025-12,final_test,unobserved_month,False,,,absolute_anomaly_seasonal,0.0731314122676849,Low
River_Waveney,2026-01,final_test,unobserved_month,False,,,absolute_anomaly_seasonal,0.0591823421418666,Low
River_Waveney,2026-02,final_test,unobserved_month,False,,,absolute_anomaly_seasonal,0.0126964636147022,Low
River_Waveney,2026-03,final_test,unobserved_month,False,,,absolute_anomaly_seasonal,0.0039344243705272,Low
River_Waveney,2026-04,final_test,unobserved_month,False,,,absolute_anomaly_seasonal,0.0028017684817314,Low
River_Waveney,2026-05,final_test,unobserved_month,False,,,absolute_anomaly_seasonal,0.0083036348223686,Low
River_Waveney,2026-06,final_test,unobserved_month,False,,,absolute_anomaly_seasonal,0.0049608200788497,Low
River_Waveney,2026-07,final_test,unobserved_month,False,,,absolute_anomaly_seasonal,0.0195627473294734,Low
River_Waveney,2026-08,final_test,unobserved_month,False,,,absolute_anomaly_seasonal,0.035557884722948,Low
River_Waveney,2026-09,final_test,unobserved_month,False,,,absolute_anomaly_seasonal,0.0151516534388065,Low
River_Wear_Lumley,2021-06,final_test,observed_target,True,0.04,Low,absolute_anomaly_seasonal,0.0827439278364181,Low
River_Wear_Lumley,2021-07,final_test,observed_target,True,0.0,Low,absolute_anomaly_seasonal,0.0944349765777587,Low
River_Wear_Lumley,2021-08,final_test,observed_target,True,0.06,Low,absolute_anomaly_seasonal,0.0507826246321201,Low
River_Wear_Lumley,2021-09,final_test,observed_target,True,0.0,Low,absolute_anomaly_seasonal,0.0726747512817382,Low
River_Wear_Lumley,2021-10,final_test,observed_target,True,0.025,Low,absolute_anomaly_seasonal,0.0813867300748825,Low
River_Wear_Lumley,2021-11,final_test,observed_target,True,0.1,Low,absolute_anomaly_seasonal,0.0474410019814968,Low
River_Wear_Lumley,2021-12,final_test,observed_target,True,0.0,Low,absolute_anomaly_seasonal,0.0417702980339527,Low
River_Wear_Lumley,2022-01,final_test,observed_target,True,0.0,Low,absolute_anomaly_seasonal,0.0348802097141742,Low
River_Wear_Lumley,2022-02,final_test,observed_target,True,0.0,Low,absolute_anomaly_seasonal,0.0021270848810672,Low
River_Wear_Lumley,2022-03,final_test,observed_target,True,0.0,Low,absolute_anomaly_seasonal,0.0,Low
River_Wear_Lumley,2022-04,final_test,observed_target,True,0.02,Low,absolute_anomaly_seasonal,0.0405570976436138,Low
River_Wear_Lumley,2022-05,final_test,observed_target,True,0.0,Low,absolute_anomaly_seasonal,0.0022267512977123,Low
River_Wear_Lumley,2022-06,final_test,observed_target,True,0.0,Low,absolute_anomaly_seasonal,0.0231567434966564,Low
River_Wear_Lumley,2022-07,final_test,observed_target,True,0.0,Low,absolute_anomaly_seasonal,0.0229709781706333,Low
River_Wear_Lumley,2022-08,final_test,observed_target,True,0.025,Low,absolute_anomaly_seasonal,0.0314429067075252,Low
River_Wear_Lumley,2022-09,final_test,unobserved_month,False,,,absolute_anomaly_seasonal,0.0321550332009792,Low
River_Wear_Lumley,2022-10,final_test,observed_target,True,0.0,Low,absolute_anomaly_seasonal,0.0483486391603946,Low
River_Wear_Lumley,2022-11,final_test,observed_target,True,0.025,Low,absolute_anomaly_seasonal,0.0,Low
River_Wear_Lumley,2022-12,final_test,observed_target,True,0.0,Low,absolute_anomaly_seasonal,0.0397274829447269,Low
River_Wear_Lumley,2023-01,final_test,observed_target,True,0.08,Low,absolute_anomaly_seasonal,0.0,Low
River_Wear_Lumley,2023-02,final_test,unobserved_month,False,,,absolute_anomaly_seasonal,0.021926749497652,Low
River_Wear_Lumley,2023-03,final_test,observed_target,True,0.04,Low,absolute_anomaly_seasonal,0.0266011171042919,Low
River_Wear_Lumley,2023-04,final_test,observed_target,True,0.0,Low,absolute_anomaly_seasonal,0.0112459138035774,Low
River_Wear_Lumley,2023-05,final_test,observed_target,True,0.025,Low,absolute_anomaly_seasonal,0.0155834145843982,Low
River_Wear_Lumley,2023-06,final_test,observed_target,True,0.025,Low,absolute_anomaly_seasonal,0.0009780153632164,Low
River_Wear_Lumley,2023-07,final_test,observed_target,True,0.0,Low,absolute_anomaly_seasonal,0.028440024703741,Low
River_Wear_Lumley,2023-08,final_test,observed_target,True,0.16,Low,absolute_anomaly_seasonal,0.0431907810270786,Low
River_Wear_Lumley,2023-09,final_test,observed_target,True,0.425,Medium,absolute_anomaly_seasonal,0.0628495216369628,Low
River_Wear_Lumley,2023-10,final_test,observed_target,True,0.25,Medium,absolute_anomaly_seasonal,0.070551574230194,Low
River_Wear_Lumley,2023-11,final_test,observed_target,True,0.025,Low,absolute_anomaly_seasonal,0.1275068074464798,Low
River_Wear_Lumley,2023-12,final_test,observed_target,True,0.1,Low,absolute_anomaly_seasonal,0.0396948717534542,Low
River_Wear_Lumley,2024-01,final_test,observed_target,True,0.05,Low,absolute_anomaly_seasonal,0.0972415059804916,Low
River_Wear_Lumley,2024-02,final_test,observed_target,True,0.025,Low,absolute_anomaly_seasonal,0.0711867809295654,Low
River_Wear_Lumley,2024-03,final_test,observed_target,True,0.0,Low,absolute_anomaly_seasonal,0.0316201634705066,Low
River_Wear_Lumley,2024-04,final_test,observed_target,True,0.05,Low,absolute_anomaly_seasonal,0.0161950178444385,Low
River_Wear_Lumley,2024-05,final_test,observed_target,True,0.1399999999999999,Low,absolute_anomaly_seasonal,0.0114219672977924,Low
River_Wear_Lumley,2024-06,final_test,observed_target,True,0.05,Low,absolute_anomaly_seasonal,0.0785591006278991,Low
River_Wear_Lumley,2024-07,final_test,observed_target,True,0.06,Low,absolute_anomaly_seasonal,0.0343656726181507,Low
River_Wear_Lumley,2024-08,final_test,observed_target,True,0.0,Low,absolute_anomaly_seasonal,0.0300670452415943,Low
River_Wear_Lumley,2024-09,final_test,observed_target,True,0.05,Low,absolute_anomaly_seasonal,0.0145839862525463,Low
River_Wear_Lumley,2024-10,final_test,observed_target,True,0.025,Low,absolute_anomaly_seasonal,0.0842134654521942,Low
River_Wear_Lumley,2024-11,final_test,observed_target,True,0.025,Low,absolute_anomaly_seasonal,0.0379296727478504,Low
River_Wear_Lumley,2024-12,final_test,unobserved_month,False,,,absolute_anomaly_seasonal,0.1031671464443206,Low
River_Wear_Lumley,2025-01,final_test,unobserved_month,False,,,absolute_anomaly_seasonal,0.0193929336965084,Low
River_Wear_Lumley,2025-02,final_test,unobserved_month,False,,,absolute_anomaly_seasonal,0.0168818645179271,Low
River_Wear_Lumley,2025-03,final_test,unobserved_month,False,,,absolute_anomaly_seasonal,0.0,Low
River_Wear_Lumley,2025-04,final_test,unobserved_month,False,,,absolute_anomaly_seasonal,0.059563722461462,Low
River_Wear_Lumley,2025-05,final_test,unobserved_month,False,,,absolute_anomaly_seasonal,0.0208131186664104,Low
River_Wear_Lumley,2025-06,final_test,unobserved_month,False,,,absolute_anomaly_seasonal,0.0,Low
River_Wear_Lumley,2025-07,final_test,unobserved_month,False,,,absolute_anomaly_seasonal,0.000485360622406,Low
River_Wear_Lumley,2025-08,final_test,unobserved_month,False,,,absolute_anomaly_seasonal,0.0087268836796283,Low
River_Wear_Lumley,2025-09,final_test,unobserved_month,False,,,absolute_anomaly_seasonal,0.0271233953535556,Low
River_Wear_Lumley,2025-10,final_test,unobserved_month,False,,,absolute_anomaly_seasonal,0.019022848457098,Low
River_Wear_Lumley,2025-11,final_test,unobserved_month,False,,,absolute_anomaly_seasonal,0.0385812856256961,Low
River_Wear_Lumley,2025-12,final_test,unobserved_month,False,,,absolute_anomaly_seasonal,0.0368944890797138,Low
River_Wear_Lumley,2026-01,final_test,unobserved_month,False,,,absolute_anomaly_seasonal,0.0753706097602844,Low
River_Wear_Lumley,2026-02,final_test,unobserved_month,False,,,absolute_anomaly_seasonal,0.007825132459402,Low
River_Wear_Lumley,2026-03,final_test,unobserved_month,False,,,absolute_anomaly_seasonal,0.0,Low
River_Wear_Lumley,2026-04,final_test,unobserved_month,False,,,absolute_anomaly_seasonal,0.0317574553191661,Low
River_Wear_Lumley,2026-05,final_test,unobserved_month,False,,,absolute_anomaly_seasonal,0.0118077062070369,Low
River_Wear_Lumley,2026-06,final_test,unobserved_month,False,,,absolute_anomaly_seasonal,0.0146575085818767,Low
River_Wear_Lumley,2026-07,final_test,unobserved_month,False,,,absolute_anomaly_seasonal,0.0232398025691509,Low
River_Wear_Lumley,2026-08,final_test,unobserved_month,False,,,absolute_anomaly_seasonal,0.0407182238996028,Low
River_Wear_Lumley,2026-09,final_test,unobserved_month,False,,,absolute_anomaly_seasonal,0.0192123539745807,Low
River_Wensum_Costessey,2021-01,final_test,observed_target,True,0.0,Low,absolute_anomaly_seasonal,0.0145133025944232,Low
River_Wensum_Costessey,2021-02,final_test,observed_target,True,0.0,Low,absolute_anomaly_seasonal,0.0119174420833587,Low
River_Wensum_Costessey,2021-03,final_test,observed_target,True,0.0,Low,absolute_anomaly_seasonal,0.0,Low
River_Wensum_Costessey,2021-04,final_test,observed_target,True,0.0,Low,absolute_anomaly_seasonal,0.0,Low
River_Wensum_Costessey,2021-05,final_test,observed_target,True,0.0,Low,absolute_anomaly_seasonal,0.0,Low
River_Wensum_Costessey,2021-06,final_test,observed_target,True,0.0,Low,absolute_anomaly_seasonal,0.0,Low
River_Wensum_Costessey,2021-07,final_test,observed_target,True,0.02,Low,absolute_anomaly_seasonal,0.0027570649981498,Low
River_Wensum_Costessey,2021-08,final_test,observed_target,True,0.0,Low,absolute_anomaly_seasonal,0.007050946354866,Low
River_Wensum_Costessey,2021-09,final_test,observed_target,True,0.0,Low,absolute_anomaly_seasonal,0.0196499861776828,Low
River_Wensum_Costessey,2021-10,final_test,observed_target,True,0.0,Low,absolute_anomaly_seasonal,0.003966137766838,Low
River_Wensum_Costessey,2021-11,final_test,observed_target,True,0.025,Low,absolute_anomaly_seasonal,0.0,Low
River_Wensum_Costessey,2021-12,final_test,observed_target,True,0.12,Low,absolute_anomaly_seasonal,0.0260216556489467,Low
River_Wensum_Costessey,2022-01,final_test,observed_target,True,0.0,Low,absolute_anomaly_seasonal,8.866935968399048e-05,Low
River_Wensum_Costessey,2022-02,final_test,observed_target,True,0.0,Low,absolute_anomaly_seasonal,0.0,Low
River_Wensum_Costessey,2022-03,final_test,unobserved_month,False,,,absolute_anomaly_seasonal,0.0038711242377758,Low
River_Wensum_Costessey,2022-04,final_test,observed_target,True,0.0,Low,absolute_anomaly_seasonal,0.0,Low
River_Wensum_Costessey,2022-05,final_test,observed_target,True,0.02,Low,absolute_anomaly_seasonal,0.0046819224953651,Low
River_Wensum_Costessey,2022-06,final_test,observed_target,True,0.0,Low,absolute_anomaly_seasonal,0.0018734633922576,Low
River_Wensum_Costessey,2022-07,final_test,unobserved_month,False,,,absolute_anomaly_seasonal,0.0023089535534381,Low
River_Wensum_Costessey,2022-08,final_test,observed_target,True,0.0,Low,absolute_anomaly_seasonal,0.0419135801494121,Low
River_Wensum_Costessey,2022-09,final_test,observed_target,True,0.0,Low,absolute_anomaly_seasonal,0.0,Low
River_Wensum_Costessey,2022-10,final_test,observed_target,True,0.0,Low,absolute_anomaly_seasonal,0.0020244158804416,Low
River_Wensum_Costessey,2022-11,final_test,observed_target,True,0.04,Low,absolute_anomaly_seasonal,0.0500631891191005,Low
River_Wensum_Costessey,2022-12,final_test,unobserved_month,False,,,absolute_anomaly_seasonal,0.0444624088704586,Low
River_Wensum_Costessey,2023-01,final_test,observed_target,True,0.12,Low,absolute_anomaly_seasonal,0.0059620924293994,Low
River_Wensum_Costessey,2023-02,final_test,unobserved_month,False,,,absolute_anomaly_seasonal,0.0297098420560359,Low
River_Wensum_Costessey,2023-03,final_test,observed_target,True,0.0,Low,absolute_anomaly_seasonal,0.0,Low
River_Wensum_Costessey,2023-04,final_test,observed_target,True,0.0,Low,absolute_anomaly_seasonal,0.0,Low
River_Wensum_Costessey,2023-05,final_test,observed_target,True,0.0,Low,absolute_anomaly_seasonal,0.0138321854174137,Low
River_Wensum_Costessey,2023-06,final_test,observed_target,True,0.0,Low,absolute_anomaly_seasonal,0.0,Low
River_Wensum_Costessey,2023-07,final_test,observed_target,True,0.0,Low,absolute_anomaly_seasonal,0.0,Low
River_Wensum_Costessey,2023-08,final_test,observed_target,True,0.02,Low,absolute_anomaly_seasonal,0.0,Low
River_Wensum_Costessey,2023-09,final_test,observed_target,True,0.025,Low,absolute_anomaly_seasonal,0.0091531835496425,Low
River_Wensum_Costessey,2023-10,final_test,observed_target,True,0.0,Low,absolute_anomaly_seasonal,0.0,Low
River_Wensum_Costessey,2023-11,final_test,observed_target,True,0.0,Low,absolute_anomaly_seasonal,0.0251530744135379,Low
River_Wensum_Costessey,2023-12,final_test,observed_target,True,0.175,Low,absolute_anomaly_seasonal,0.0569328777492046,Low
River_Wensum_Costessey,2024-01,final_test,observed_target,True,0.025,Low,absolute_anomaly_seasonal,0.0176244191825389,Low
River_Wensum_Costessey,2024-02,final_test,observed_target,True,0.0,Low,absolute_anomaly_seasonal,0.0122072845697402,Low
River_Wensum_Costessey,2024-03,final_test,observed_target,True,0.0,Low,absolute_anomaly_seasonal,0.0104830712080001,Low
River_Wensum_Costessey,2024-04,final_test,observed_target,True,0.02,Low,absolute_anomaly_seasonal,0.0072481408715248,Low
River_Wensum_Costessey,2024-05,final_test,observed_target,True,0.0,Low,absolute_anomaly_seasonal,0.0067364126443862,Low
River_Wensum_Costessey,2024-06,final_test,observed_target,True,0.0,Low,absolute_anomaly_seasonal,0.0039960779249668,Low
River_Wensum_Costessey,2024-07,final_test,observed_target,True,0.0,Low,absolute_anomaly_seasonal,0.0113878510892391,Low
River_Wensum_Costessey,2024-08,final_test,observed_target,True,0.0,Low,absolute_anomaly_seasonal,0.0067532658576965,Low
River_Wensum_Costessey,2024-09,final_test,observed_target,True,0.0,Low,absolute_anomaly_seasonal,0.0254372470080852,Low
River_Wensum_Costessey,2024-10,final_test,observed_target,True,0.0333333333333333,Low,absolute_anomaly_seasonal,0.005614910274744,Low
River_Wensum_Costessey,2024-11,final_test,observed_target,True,0.0,Low,absolute_anomaly_seasonal,0.0248515121638774,Low
River_Wensum_Costessey,2024-12,final_test,unobserved_month,False,,,absolute_anomaly_seasonal,0.0442755483090877,Low
River_Wensum_Costessey,2025-01,final_test,unobserved_month,False,,,absolute_anomaly_seasonal,0.0174516700208187,Low
River_Wensum_Costessey,2025-02,final_test,unobserved_month,False,,,absolute_anomaly_seasonal,0.0,Low
River_Wensum_Costessey,2025-03,final_test,unobserved_month,False,,,absolute_anomaly_seasonal,0.0003013908863067,Low
River_Wensum_Costessey,2025-04,final_test,unobserved_month,False,,,absolute_anomaly_seasonal,0.0099833644926548,Low
River_Wensum_Costessey,2025-05,final_test,unobserved_month,False,,,absolute_anomaly_seasonal,0.0093349851667881,Low
River_Wensum_Costessey,2025-06,final_test,unobserved_month,False,,,absolute_anomaly_seasonal,0.0111213736236095,Low
River_Wensum_Costessey,2025-07,final_test,unobserved_month,False,,,absolute_anomaly_seasonal,0.0093913488090038,Low
River_Wensum_Costessey,2025-08,final_test,unobserved_month,False,,,absolute_anomaly_seasonal,0.0095834396779537,Low
River_Wensum_Costessey,2025-09,final_test,unobserved_month,False,,,absolute_anomaly_seasonal,0.0211502723395824,Low
River_Wensum_Costessey,2025-10,final_test,unobserved_month,False,,,absolute_anomaly_seasonal,0.0110293142497539,Low
River_Wensum_Costessey,2025-11,final_test,unobserved_month,False,,,absolute_anomaly_seasonal,0.0196088440716266,Low
River_Wensum_Costessey,2025-12,final_test,unobserved_month,False,,,absolute_anomaly_seasonal,0.0536900795996189,Low
River_Wensum_Costessey,2026-01,final_test,unobserved_month,False,,,absolute_anomaly_seasonal,0.007280059158802,Low
River_Wensum_Costessey,2026-02,final_test,unobserved_month,False,,,absolute_anomaly_seasonal,0.0,Low
River_Wensum_Costessey,2026-03,final_test,unobserved_month,False,,,absolute_anomaly_seasonal,6.548315286636353e-05,Low
River_Wensum_Costessey,2026-04,final_test,unobserved_month,False,,,absolute_anomaly_seasonal,0.0089714899659156,Low
River_Wensum_Costessey,2026-05,final_test,unobserved_month,False,,,absolute_anomaly_seasonal,0.023613978177309,Low
River_Wensum_Costessey,2026-06,final_test,unobserved_month,False,,,absolute_anomaly_seasonal,0.0187187828123569,Low
River_Wensum_Costessey,2026-07,final_test,unobserved_month,False,,,absolute_anomaly_seasonal,0.0150484032928943,Low
River_Wensum_Costessey,2026-08,final_test,unobserved_month,False,,,absolute_anomaly_seasonal,0.016994547098875,Low
River_Wensum_Costessey,2026-09,final_test,unobserved_month,False,,,absolute_anomaly_seasonal,0.0333584658801555,Low
River_Wensum_Heigham,2021-01,final_test,unobserved_month,False,,,absolute_anomaly_seasonal,0.0545197017490863,Low
River_Wensum_Heigham,2021-02,final_test,unobserved_month,False,,,absolute_anomaly_seasonal,0.1055521667003631,Low
River_Wensum_Heigham,2021-03,final_test,observed_target,True,0.0,Low,absolute_anomaly_seasonal,0.0589416287839412,Low
River_Wensum_Heigham,2021-04,final_test,observed_target,True,0.0,Low,absolute_anomaly_seasonal,0.0116715021431446,Low
River_Wensum_Heigham,2021-05,final_test,observed_target,True,0.0,Low,absolute_anomaly_seasonal,0.0094768665730953,Low
River_Wensum_Heigham,2021-06,final_test,observed_target,True,0.0,Low,absolute_anomaly_seasonal,0.0174959935247898,Low
River_Wensum_Heigham,2021-07,final_test,observed_target,True,0.0,Low,absolute_anomaly_seasonal,0.0528828613460063,Low
River_Wensum_Heigham,2021-08,final_test,observed_target,True,0.02,Low,absolute_anomaly_seasonal,0.0063096173107624,Low
River_Wensum_Heigham,2021-09,final_test,observed_target,True,0.05,Low,absolute_anomaly_seasonal,0.0069167576730251,Low
River_Wensum_Heigham,2021-10,final_test,observed_target,True,0.0,Low,absolute_anomaly_seasonal,0.0647676438093185,Low
River_Wensum_Heigham,2021-11,final_test,observed_target,True,0.05,Low,absolute_anomaly_seasonal,0.0,Low
River_Wensum_Heigham,2021-12,final_test,observed_target,True,0.0,Low,absolute_anomaly_seasonal,0.0,Low
River_Wensum_Heigham,2022-01,final_test,observed_target,True,0.02,Low,absolute_anomaly_seasonal,0.0104299262166023,Low
River_Wensum_Heigham,2022-02,final_test,unobserved_month,False,,,absolute_anomaly_seasonal,0.0372276790440082,Low
River_Wensum_Heigham,2022-03,final_test,observed_target,True,0.05,Low,absolute_anomaly_seasonal,0.0203645713627338,Low
River_Wensum_Heigham,2022-04,final_test,observed_target,True,0.0,Low,absolute_anomaly_seasonal,0.0044151023030281,Low
River_Wensum_Heigham,2022-05,final_test,observed_target,True,0.02,Low,absolute_anomaly_seasonal,0.0055272690951824,Low
River_Wensum_Heigham,2022-06,final_test,unobserved_month,False,,,absolute_anomaly_seasonal,0.0057581253349781,Low
River_Wensum_Heigham,2022-07,final_test,observed_target,True,0.02,Low,absolute_anomaly_seasonal,0.0157318599522113,Low
River_Wensum_Heigham,2022-08,final_test,observed_target,True,0.0,Low,absolute_anomaly_seasonal,0.0090892910957336,Low
River_Wensum_Heigham,2022-09,final_test,observed_target,True,0.0,Low,absolute_anomaly_seasonal,0.0,Low
River_Wensum_Heigham,2022-10,final_test,observed_target,True,0.025,Low,absolute_anomaly_seasonal,0.0281268246471881,Low
River_Wensum_Heigham,2022-11,final_test,observed_target,True,0.02,Low,absolute_anomaly_seasonal,0.0130533762276172,Low
River_Wensum_Heigham,2022-12,final_test,unobserved_month,False,,,absolute_anomaly_seasonal,0.040633950382471,Low
River_Wensum_Heigham,2023-01,final_test,observed_target,True,0.075,Low,absolute_anomaly_seasonal,0.0546037666499614,Low
River_Wensum_Heigham,2023-02,final_test,observed_target,True,0.02,Low,absolute_anomaly_seasonal,0.0405490808188915,Low
River_Wensum_Heigham,2023-03,final_test,observed_target,True,0.0,Low,absolute_anomaly_seasonal,0.0056627690792083,Low
River_Wensum_Heigham,2023-04,final_test,observed_target,True,0.0,Low,absolute_anomaly_seasonal,0.0216559208929538,Low
River_Wensum_Heigham,2023-05,final_test,observed_target,True,0.0,Low,absolute_anomaly_seasonal,0.0078862346708774,Low
River_Wensum_Heigham,2023-06,final_test,observed_target,True,0.0,Low,absolute_anomaly_seasonal,0.0458564348518848,Low
River_Wensum_Heigham,2023-07,final_test,observed_target,True,0.0,Low,absolute_anomaly_seasonal,0.0175017081201076,Low
River_Wensum_Heigham,2023-08,final_test,observed_target,True,0.0,Low,absolute_anomaly_seasonal,0.0039805956184864,Low
River_Wensum_Heigham,2023-09,final_test,observed_target,True,0.025,Low,absolute_anomaly_seasonal,0.0,Low
River_Wensum_Heigham,2023-10,final_test,observed_target,True,0.125,Low,absolute_anomaly_seasonal,0.0267220325767993,Low
River_Wensum_Heigham,2023-11,final_test,observed_target,True,0.02,Low,absolute_anomaly_seasonal,0.1071304827928543,Low
River_Wensum_Heigham,2023-12,final_test,unobserved_month,False,,,absolute_anomaly_seasonal,0.013844545930624,Low
River_Wensum_Heigham,2024-01,final_test,observed_target,True,0.0,Low,absolute_anomaly_seasonal,0.0033201873302459,Low
River_Wensum_Heigham,2024-02,final_test,unobserved_month,False,,,absolute_anomaly_seasonal,0.0328984595835208,Low
River_Wensum_Heigham,2024-03,final_test,observed_target,True,0.0,Low,absolute_anomaly_seasonal,0.0234387628734111,Low
River_Wensum_Heigham,2024-04,final_test,observed_target,True,0.0,Low,absolute_anomaly_seasonal,0.0193202979862689,Low
River_Wensum_Heigham,2024-05,final_test,observed_target,True,0.0,Low,absolute_anomaly_seasonal,0.0032071471214294,Low
River_Wensum_Heigham,2024-06,final_test,unobserved_month,False,,,absolute_anomaly_seasonal,0.0,Low
River_Wensum_Heigham,2024-07,final_test,observed_target,True,0.0,Low,absolute_anomaly_seasonal,9.40673053264618e-05,Low
River_Wensum_Heigham,2024-08,final_test,observed_target,True,0.0,Low,absolute_anomaly_seasonal,0.0351720042526721,Low
River_Wensum_Heigham,2024-09,final_test,observed_target,True,0.0,Low,absolute_anomaly_seasonal,0.0,Low
River_Wensum_Heigham,2024-10,final_test,observed_target,True,0.0,Low,absolute_anomaly_seasonal,0.0080216601490974,Low
River_Wensum_Heigham,2024-11,final_test,observed_target,True,0.025,Low,absolute_anomaly_seasonal,0.0632619559764862,Low
River_Wensum_Heigham,2024-12,final_test,unobserved_month,False,,,absolute_anomaly_seasonal,0.0134535022079944,Low
River_Wensum_Heigham,2025-01,final_test,unobserved_month,False,,,absolute_anomaly_seasonal,0.013150755316019,Low
River_Wensum_Heigham,2025-02,final_test,unobserved_month,False,,,absolute_anomaly_seasonal,0.0124442502856254,Low
River_Wensum_Heigham,2025-03,final_test,unobserved_month,False,,,absolute_anomaly_seasonal,0.0084006749093532,Low
River_Wensum_Heigham,2025-04,final_test,unobserved_month,False,,,absolute_anomaly_seasonal,0.0159867219626903,Low
River_Wensum_Heigham,2025-05,final_test,unobserved_month,False,,,absolute_anomaly_seasonal,0.0051722079515457,Low
River_Wensum_Heigham,2025-06,final_test,unobserved_month,False,,,absolute_anomaly_seasonal,0.0,Low
River_Wensum_Heigham,2025-07,final_test,unobserved_month,False,,,absolute_anomaly_seasonal,0.0,Low
River_Wensum_Heigham,2025-08,final_test,unobserved_month,False,,,absolute_anomaly_seasonal,0.0480636693537235,Low
River_Wensum_Heigham,2025-09,final_test,unobserved_month,False,,,absolute_anomaly_seasonal,0.019707303494215,Low
River_Wensum_Heigham,2025-10,final_test,unobserved_month,False,,,absolute_anomaly_seasonal,0.0029887072741985,Low
River_Wensum_Heigham,2025-11,final_test,unobserved_month,False,,,absolute_anomaly_seasonal,0.0101188607513904,Low
River_Wensum_Heigham,2025-12,final_test,unobserved_month,False,,,absolute_anomaly_seasonal,0.0775217860937118,Low
River_Wensum_Heigham,2026-01,final_test,unobserved_month,False,,,absolute_anomaly_seasonal,0.0345745496451854,Low
River_Wensum_Heigham,2026-02,final_test,unobserved_month,False,,,absolute_anomaly_seasonal,0.0,Low
River_Wensum_Heigham,2026-03,final_test,unobserved_month,False,,,absolute_anomaly_seasonal,0.0,Low
River_Wensum_Heigham,2026-04,final_test,unobserved_month,False,,,absolute_anomaly_seasonal,0.0,Low
River_Wensum_Heigham,2026-05,final_test,unobserved_month,False,,,absolute_anomaly_seasonal,0.0,Low
River_Wensum_Heigham,2026-06,final_test,unobserved_month,False,,,absolute_anomaly_seasonal,0.0004516094923019,Low
River_Wensum_Heigham,2026-07,final_test,unobserved_month,False,,,absolute_anomaly_seasonal,0.0206192396581172,Low
River_Wensum_Heigham,2026-08,final_test,unobserved_month,False,,,absolute_anomaly_seasonal,0.0049250684678554,Low
River_Wensum_Heigham,2026-09,final_test,unobserved_month,False,,,absolute_anomaly_seasonal,0.0517485253512859,Low
River_Wey_Shalford,2021-01,final_test,observed_target,True,1.115714285714286,High,absolute_anomaly_seasonal,2.4628331661224365,High
River_Wey_Shalford,2021-02,final_test,observed_target,True,1.042857142857143,High,absolute_anomaly_seasonal,0.5829827189445496,High
River_Wey_Shalford,2021-03,final_test,observed_target,True,0.3428571428571428,Medium,absolute_anomaly_seasonal,1.5955967903137207,High
River_Wey_Shalford,2021-04,final_test,observed_target,True,0.0875,Low,absolute_anomaly_seasonal,0.3598068952560425,Medium
River_Wey_Shalford,2021-05,final_test,observed_target,True,0.44,Medium,absolute_anomaly_seasonal,0.4412731826305389,Medium
River_Wey_Shalford,2021-06,final_test,observed_target,True,0.1666666666666666,Low,absolute_anomaly_seasonal,0.6053624153137207,High
River_Wey_Shalford,2021-07,final_test,observed_target,True,0.74125,High,absolute_anomaly_seasonal,0.6133299469947815,High
River_Wey_Shalford,2021-08,final_test,observed_target,True,1.475,High,absolute_anomaly_seasonal,0.5209088325500488,High
River_Wey_Shalford,2021-09,final_test,observed_target,True,0.35,Medium,absolute_anomaly_seasonal,0.8433284163475037,High
River_Wey_Shalford,2021-10,final_test,observed_target,True,2.32,High,absolute_anomaly_seasonal,2.241827726364136,High
River_Wey_Shalford,2021-11,final_test,observed_target,True,0.7014285714285714,High,absolute_anomaly_seasonal,5.488387107849121,High
River_Wey_Shalford,2021-12,final_test,observed_target,True,1.55,High,absolute_anomaly_seasonal,4.384990692138672,High
River_Wey_Shalford,2022-01,final_test,observed_target,True,0.4166666666666667,Medium,absolute_anomaly_seasonal,0.7007237672805786,High
River_Wey_Shalford,2022-02,final_test,observed_target,True,0.424,Medium,absolute_anomaly_seasonal,0.9842175841331482,High
River_Wey_Shalford,2022-03,final_test,observed_target,True,0.4666666666666667,Medium,absolute_anomaly_seasonal,1.0943193435668943,High
River_Wey_Shalford,2022-04,final_test,unobserved_month,False,,,absolute_anomaly_seasonal,0.3483160138130188,Medium
River_Wey_Shalford,2022-05,final_test,observed_target,True,0.12,Low,absolute_anomaly_seasonal,0.1279458999633789,Low
River_Wey_Shalford,2022-06,final_test,observed_target,True,0.2799999999999999,Medium,absolute_anomaly_seasonal,0.14674873650074,Low
River_Wey_Shalford,2022-07,final_test,observed_target,True,0.45,Medium,absolute_anomaly_seasonal,0.4129868447780609,Medium
River_Wey_Shalford,2022-08,final_test,observed_target,True,1.0125,High,absolute_anomaly_seasonal,0.2673385441303253,Medium
River_Wey_Shalford,2022-09,final_test,unobserved_month,False,,,absolute_anomaly_seasonal,0.7281857132911682,High
River_Wey_Shalford,2022-10,final_test,observed_target,True,0.6428571428571429,High,absolute_anomaly_seasonal,1.266864776611328,High
River_Wey_Shalford,2022-11,final_test,observed_target,True,0.8,High,absolute_anomaly_seasonal,0.790849506855011,High
River_Wey_Shalford,2022-12,final_test,observed_target,True,0.525,High,absolute_anomaly_seasonal,1.120730996131897,High
River_Wey_Shalford,2023-01,final_test,observed_target,True,0.8114285714285715,High,absolute_anomaly_seasonal,0.780269205570221,High
River_Wey_Shalford,2023-02,final_test,observed_target,True,0.2799999999999999,Medium,absolute_anomaly_seasonal,0.2250859290361404,Low
River_Wey_Shalford,2023-03,final_test,observed_target,True,0.1399999999999999,Low,absolute_anomaly_seasonal,0.2079816311597824,Low
River_Wey_Shalford,2023-04,final_test,observed_target,True,0.2571428571428572,Medium,absolute_anomaly_seasonal,0.0522783361375331,Low
River_Wey_Shalford,2023-05,final_test,observed_target,True,0.0833333333333333,Low,absolute_anomaly_seasonal,0.5439057350158691,High
River_Wey_Shalford,2023-06,final_test,unobserved_month,False,,,absolute_anomaly_seasonal,0.0277748294174671,Low
River_Wey_Shalford,2023-07,final_test,observed_target,True,0.1,Low,absolute_anomaly_seasonal,0.2384723573923111,Low
River_Wey_Shalford,2023-08,final_test,observed_target,True,0.6875,High,absolute_anomaly_seasonal,0.6517875790596008,High
River_Wey_Shalford,2023-09,final_test,observed_target,True,1.82,High,absolute_anomaly_seasonal,0.3662475645542145,Medium
River_Wey_Shalford,2023-10,final_test,observed_target,True,1.7183333333333335,High,absolute_anomaly_seasonal,1.9360623359680176,High
River_Wey_Shalford,2023-11,final_test,unobserved_month,False,,,absolute_anomaly_seasonal,1.1279237270355225,High
River_Wey_Shalford,2023-12,final_test,unobserved_month,False,,,absolute_anomaly_seasonal,1.5691955089569092,High
River_Wey_Shalford,2024-01,final_test,unobserved_month,False,,,absolute_anomaly_seasonal,1.02208149433136,High
River_Wey_Shalford,2024-02,final_test,observed_target,True,0.7833333333333333,High,absolute_anomaly_seasonal,0.2455652505159378,Low
River_Wey_Shalford,2024-03,final_test,observed_target,True,0.642,High,absolute_anomaly_seasonal,0.8808903694152832,High
River_Wey_Shalford,2024-04,final_test,observed_target,True,0.13875,Low,absolute_anomaly_seasonal,0.1114313751459121,Low
River_Wey_Shalford,2024-05,final_test,unobserved_month,False,,,absolute_anomaly_seasonal,0.3233598172664642,Medium
River_Wey_Shalford,2024-06,final_test,unobserved_month,False,,,absolute_anomaly_seasonal,0.1404483616352081,Low
River_Wey_Shalford,2024-07,final_test,unobserved_month,False,,,absolute_anomaly_seasonal,0.3173360526561737,Medium
River_Wey_Shalford,2024-08,final_test,unobserved_month,False,,,absolute_anomaly_seasonal,0.3058256804943084,Medium
River_Wey_Shalford,2024-09,final_test,unobserved_month,False,,,absolute_anomaly_seasonal,0.5166658163070679,High
River_Wey_Shalford,2024-10,final_test,unobserved_month,False,,,absolute_anomaly_seasonal,0.9390228986740112,High
River_Wey_Shalford,2024-11,final_test,unobserved_month,False,,,absolute_anomaly_seasonal,0.6059333086013794,High
River_Wey_Shalford,2024-12,final_test,unobserved_month,False,,,absolute_anomaly_seasonal,0.6717656254768372,High
River_Wey_Shalford,2025-01,final_test,unobserved_month,False,,,absolute_anomaly_seasonal,1.2213881015777588,High
River_Wey_Shalford,2025-02,final_test,unobserved_month,False,,,absolute_anomaly_seasonal,0.9367455244064332,High
River_Wey_Shalford,2025-03,final_test,unobserved_month,False,,,absolute_anomaly_seasonal,0.6720557808876038,High
River_Wey_Shalford,2025-04,final_test,unobserved_month,False,,,absolute_anomaly_seasonal,0.087296038866043,Low
River_Wey_Shalford,2025-05,final_test,unobserved_month,False,,,absolute_anomaly_seasonal,0.1277630925178527,Low
River_Wey_Shalford,2025-06,final_test,unobserved_month,False,,,absolute_anomaly_seasonal,0.0898365825414657,Low
River_Wey_Shalford,2025-07,final_test,unobserved_month,False,,,absolute_anomaly_seasonal,0.2265952080488205,Low
River_Wey_Shalford,2025-08,final_test,unobserved_month,False,,,absolute_anomaly_seasonal,0.5199541449546814,High
River_Wey_Shalford,2025-09,final_test,unobserved_month,False,,,absolute_anomaly_seasonal,0.4031972587108612,Medium
River_Wey_Shalford,2025-10,final_test,unobserved_month,False,,,absolute_anomaly_seasonal,1.0114156007766724,High
River_Wey_Shalford,2025-11,final_test,unobserved_month,False,,,absolute_anomaly_seasonal,0.7320961952209473,High
River_Wey_Shalford,2025-12,final_test,unobserved_month,False,,,absolute_anomaly_seasonal,1.8433774709701536,High
River_Wey_Shalford,2026-01,final_test,unobserved_month,False,,,absolute_anomaly_seasonal,0.7544004321098328,High
River_Wey_Shalford,2026-02,final_test,unobserved_month,False,,,absolute_anomaly_seasonal,0.6495599150657654,High
River_Wey_Shalford,2026-03,final_test,unobserved_month,False,,,absolute_anomaly_seasonal,0.3513846695423126,Medium
River_Wey_Shalford,2026-04,final_test,unobserved_month,False,,,absolute_anomaly_seasonal,0.0856076478958129,Low
River_Wey_Shalford,2026-05,final_test,unobserved_month,False,,,absolute_anomaly_seasonal,0.2412034720182418,Low
River_Wey_Shalford,2026-06,final_test,unobserved_month,False,,,absolute_anomaly_seasonal,0.1439661383628845,Low
River_Wey_Shalford,2026-07,final_test,unobserved_month,False,,,absolute_anomaly_seasonal,0.1750350147485733,Low
River_Wey_Shalford,2026-08,final_test,unobserved_month,False,,,absolute_anomaly_seasonal,0.6147639155387878,High
River_Wey_Shalford,2026-09,final_test,unobserved_month,False,,,absolute_anomaly_seasonal,0.4021283090114593,Medium
River_Wissey_StokeFerry,2021-01,final_test,observed_target,True,0.0,Low,absolute_anomaly_seasonal,0.0079161785542964,Low
River_Wissey_StokeFerry,2021-02,final_test,observed_target,True,0.0,Low,absolute_anomaly_seasonal,0.0074076130986213,Low
River_Wissey_StokeFerry,2021-03,final_test,observed_target,True,0.0,Low,absolute_anomaly_seasonal,0.0218923725187778,Low
River_Wissey_StokeFerry,2021-04,final_test,observed_target,True,0.0,Low,absolute_anomaly_seasonal,0.017188411206007,Low
River_Wissey_StokeFerry,2021-05,final_test,unobserved_month,False,,,absolute_anomaly_seasonal,0.0096107199788093,Low
River_Wissey_StokeFerry,2021-06,final_test,observed_target,True,0.0,Low,absolute_anomaly_seasonal,0.0232096500694751,Low
River_Wissey_StokeFerry,2021-07,final_test,observed_target,True,0.0,Low,absolute_anomaly_seasonal,0.0084064900875091,Low
River_Wissey_StokeFerry,2021-08,final_test,observed_target,True,0.0,Low,absolute_anomaly_seasonal,0.0018623955547809,Low
River_Wissey_StokeFerry,2021-09,final_test,observed_target,True,0.05,Low,absolute_anomaly_seasonal,0.0090948417782783,Low
River_Wissey_StokeFerry,2021-10,final_test,observed_target,True,0.025,Low,absolute_anomaly_seasonal,0.0459376908838748,Low
River_Wissey_StokeFerry,2021-11,final_test,observed_target,True,0.06,Low,absolute_anomaly_seasonal,0.0717893242835998,Low
River_Wissey_StokeFerry,2021-12,final_test,observed_target,True,0.05,Low,absolute_anomaly_seasonal,0.026655126363039,Low
River_Wissey_StokeFerry,2022-01,final_test,observed_target,True,0.0,Low,absolute_anomaly_seasonal,0.0,Low
River_Wissey_StokeFerry,2022-02,final_test,observed_target,True,0.02,Low,absolute_anomaly_seasonal,0.0314597375690937,Low
River_Wissey_StokeFerry,2022-03,final_test,unobserved_month,False,,,absolute_anomaly_seasonal,0.0171952210366725,Low
River_Wissey_StokeFerry,2022-04,final_test,observed_target,True,0.0,Low,absolute_anomaly_seasonal,0.0183071978390216,Low
River_Wissey_StokeFerry,2022-05,final_test,observed_target,True,0.0,Low,absolute_anomaly_seasonal,0.0,Low
River_Wissey_StokeFerry,2022-06,final_test,observed_target,True,0.0,Low,absolute_anomaly_seasonal,0.0,Low
River_Wissey_StokeFerry,2022-07,final_test,observed_target,True,0.025,Low,absolute_anomaly_seasonal,0.013707298785448,Low
River_Wissey_StokeFerry,2022-08,final_test,observed_target,True,0.0,Low,absolute_anomaly_seasonal,0.0057590454816818,Low
River_Wissey_StokeFerry,2022-09,final_test,observed_target,True,0.0,Low,absolute_anomaly_seasonal,0.0129578821361064,Low
River_Wissey_StokeFerry,2022-10,final_test,unobserved_month,False,,,absolute_anomaly_seasonal,0.0099076144397258,Low
River_Wissey_StokeFerry,2022-11,final_test,observed_target,True,0.04,Low,absolute_anomaly_seasonal,0.0267206914722919,Low
River_Wissey_StokeFerry,2022-12,final_test,observed_target,True,0.0,Low,absolute_anomaly_seasonal,0.0126154981553554,Low
River_Wissey_StokeFerry,2023-01,final_test,observed_target,True,0.1,Low,absolute_anomaly_seasonal,0.0270005203783512,Low
River_Wissey_StokeFerry,2023-02,final_test,observed_target,True,0.08,Low,absolute_anomaly_seasonal,0.0563520304858684,Low
River_Wissey_StokeFerry,2023-03,final_test,observed_target,True,0.0,Low,absolute_anomaly_seasonal,0.0032200366258621,Low
River_Wissey_StokeFerry,2023-04,final_test,observed_target,True,0.0,Low,absolute_anomaly_seasonal,0.0113055482506752,Low
River_Wissey_StokeFerry,2023-05,final_test,observed_target,True,0.0,Low,absolute_anomaly_seasonal,0.0,Low
River_Wissey_StokeFerry,2023-06,final_test,observed_target,True,0.0,Low,absolute_anomaly_seasonal,0.0,Low
River_Wissey_StokeFerry,2023-07,final_test,observed_target,True,0.0,Low,absolute_anomaly_seasonal,0.006359402090311,Low
River_Wissey_StokeFerry,2023-08,final_test,observed_target,True,0.0,Low,absolute_anomaly_seasonal,0.004620436578989,Low
River_Wissey_StokeFerry,2023-09,final_test,observed_target,True,0.075,Low,absolute_anomaly_seasonal,0.0041574388742446,Low
River_Wissey_StokeFerry,2023-10,final_test,observed_target,True,0.0,Low,absolute_anomaly_seasonal,0.0247919298708438,Low
River_Wissey_StokeFerry,2023-11,final_test,observed_target,True,0.05,Low,absolute_anomaly_seasonal,0.0209999047219753,Low
River_Wissey_StokeFerry,2023-12,final_test,observed_target,True,0.0,Low,absolute_anomaly_seasonal,0.0170267410576343,Low
River_Wissey_StokeFerry,2024-01,final_test,observed_target,True,0.0,Low,absolute_anomaly_seasonal,0.0274921543896198,Low
River_Wissey_StokeFerry,2024-02,final_test,observed_target,True,0.05,Low,absolute_anomaly_seasonal,0.0235651098191738,Low
River_Wissey_StokeFerry,2024-03,final_test,observed_target,True,0.025,Low,absolute_anomaly_seasonal,0.0142081566154956,Low
River_Wissey_StokeFerry,2024-04,final_test,observed_target,True,0.0,Low,absolute_anomaly_seasonal,0.0381555445492267,Low
River_Wissey_StokeFerry,2024-05,final_test,observed_target,True,0.0,Low,absolute_anomaly_seasonal,0.0157200209796428,Low
River_Wissey_StokeFerry,2024-06,final_test,observed_target,True,0.025,Low,absolute_anomaly_seasonal,0.0,Low
River_Wissey_StokeFerry,2024-07,final_test,observed_target,True,0.0,Low,absolute_anomaly_seasonal,0.0032813996076583,Low
River_Wissey_StokeFerry,2024-08,final_test,observed_target,True,0.0,Low,absolute_anomaly_seasonal,0.0095623172819614,Low
River_Wissey_StokeFerry,2024-09,final_test,observed_target,True,0.0,Low,absolute_anomaly_seasonal,0.0004678629338741,Low
River_Wissey_StokeFerry,2024-10,final_test,observed_target,True,0.0,Low,absolute_anomaly_seasonal,0.0051188133656978,Low
River_Wissey_StokeFerry,2024-11,final_test,observed_target,True,0.0,Low,absolute_anomaly_seasonal,0.0051842033863067,Low
River_Wissey_StokeFerry,2024-12,final_test,unobserved_month,False,,,absolute_anomaly_seasonal,0.0017835870385169,Low
River_Wissey_StokeFerry,2025-01,final_test,unobserved_month,False,,,absolute_anomaly_seasonal,0.0271344073116779,Low
River_Wissey_StokeFerry,2025-02,final_test,unobserved_month,False,,,absolute_anomaly_seasonal,0.0513713471591472,Low
River_Wissey_StokeFerry,2025-03,final_test,unobserved_month,False,,,absolute_anomaly_seasonal,0.037959162145853,Low
River_Wissey_StokeFerry,2025-04,final_test,unobserved_month,False,,,absolute_anomaly_seasonal,0.0021481439471244,Low
River_Wissey_StokeFerry,2025-05,final_test,unobserved_month,False,,,absolute_anomaly_seasonal,0.0,Low
River_Wissey_StokeFerry,2025-06,final_test,unobserved_month,False,,,absolute_anomaly_seasonal,0.0,Low
River_Wissey_StokeFerry,2025-07,final_test,unobserved_month,False,,,absolute_anomaly_seasonal,0.0031086839735507,Low
River_Wissey_StokeFerry,2025-08,final_test,unobserved_month,False,,,absolute_anomaly_seasonal,0.0084981620311737,Low
River_Wissey_StokeFerry,2025-09,final_test,unobserved_month,False,,,absolute_anomaly_seasonal,0.0,Low
River_Wissey_StokeFerry,2025-10,final_test,unobserved_month,False,,,absolute_anomaly_seasonal,0.0144511274993419,Low
River_Wissey_StokeFerry,2025-11,final_test,unobserved_month,False,,,absolute_anomaly_seasonal,0.0239127241075038,Low
River_Wissey_StokeFerry,2025-12,final_test,unobserved_month,False,,,absolute_anomaly_seasonal,0.1563856750726699,Low
River_Wissey_StokeFerry,2026-01,final_test,unobserved_month,False,,,absolute_anomaly_seasonal,0.0431135781109333,Low
River_Wissey_StokeFerry,2026-02,final_test,unobserved_month,False,,,absolute_anomaly_seasonal,0.0039166696369647,Low
River_Wissey_StokeFerry,2026-03,final_test,unobserved_month,False,,,absolute_anomaly_seasonal,0.0334185548126697,Low
River_Wissey_StokeFerry,2026-04,final_test,unobserved_month,False,,,absolute_anomaly_seasonal,0.0176809094846248,Low
River_Wissey_StokeFerry,2026-05,final_test,unobserved_month,False,,,absolute_anomaly_seasonal,0.026170764118433,Low
River_Wissey_StokeFerry,2026-06,final_test,unobserved_month,False,,,absolute_anomaly_seasonal,0.0343811400234699,Low
River_Wissey_StokeFerry,2026-07,final_test,unobserved_month,False,,,absolute_anomaly_seasonal,0.0580601133406162,Low
River_Wissey_StokeFerry,2026-08,final_test,unobserved_month,False,,,absolute_anomaly_seasonal,0.0522819422185421,Low
River_Wissey_StokeFerry,2026-09,final_test,unobserved_month,False,,,absolute_anomaly_seasonal,0.0762687623500824,Low
